{
	"name": "神圣",
	"color": "6AFFB3",
	"speedMultiplier": 0.95,
	"healthMultiplier": 1.15,
	"reloadMultiplier": 1.25,
    "damageMultiplier": 1.1,
	"effectChance": 60,
	"damage":-178.6
	"opposites": [
	"空间混乱"
	],
	"effect": {
	"type": "ParticleEffect",
	"particles": 1,
	"baseLength": 0,
	"length": 20,
	"lifetime": 60,
	"interp": "fastSlow",
	"spin": -1.25
	"region": "黑暗纪元-新星",
	"sizeFrom": 2,
	"sizeTo": 5,
	"colorFrom": "6AFFB3",
	"colorTo": "FFFFFF50"
	}
	"parts":[
	{
"type": "HaloPart",
"sides": 3,
"shapes": 3,
"color": "6AFFB3",
"colorTo": "6AFFB3",
"tri": true,
"radius": 60,
"radiusTo": 0,
"triLength": 30,
"triLengthTo": 0,
"haloRadius": 100,
"haloRotation": 0,
"haloRotateSpeed": 1.2
}
]
}