{
	"type": "GenericCrafter",
	"name": "大型炼钢厂",
	"health":1400,
	"itemCapacity":20,
    "liquidCapacity":360,
	"outputItem":"钢/4",
	"size":4,
	"hasPower":true,
	"hasItems":true,
    "hasLiquids": true,
	"craftTime":25,	
	"consumes":{
		"power":5.5,
		"liquid":"water/0.8",
		"items": [
	    "铁/4",
	    "graphite/2",
	         ]
		},
		"drawer": {
		"type": "DrawMulti",
		"drawers": [
			"DrawDefault",
			{
				"type": "DrawFlame",
				"flameRadius": 3,
				"flameRadiusIn": 2,
				"flameRadiusMag": 2,
				"flameRadiusInMag": 1,
				"flameColor": "F2E770"
			}
		]
	},
	"updateEffect": {"type":"WaveEffect"//横扫
	    "sizeFrom":5//位置变化
	    "sizeTo":0//位置
	    "colorFrom":"CDC67360"
	    "colorTo":"FFFFFF"
	    "strokeFrom":10//由内到外的变化
	    "strokeTo":0
	    "lifetime":45
	    "cone":360//不建议改
	    },
    "requirements": [
	"钴/180",
	"copper/300"
	"lead/260"
	"铁/160"
	"钢/30"
	],	
	"category": "crafting",
	"research": "炼钢厂",
}

