{
	"type": "GenericCrafter",
	"name": "炼钢厂",
	"health":1600,
	"itemCapacity":10,
    "liquidCapacity":360,
	"outputItem":"钢/2",
	"size":3,
	"hasPower":true,
	"hasItems":true,
    "hasLiquids": true,
	"craftTime":50,	
	"consumes":{
		"power":3.5,
		"liquid":"water/0.5",
		"items": [
	    "铁/2",
	    "graphite/1",
	         ]
		},
		"drawer": {
		"type": "DrawMulti",
		"drawers": [
			"DrawDefault",
			{
				"type": "DrawFlame",
				"flameRadius": 0,
				"flameRadiusIn": 0,
				"flameRadiusMag": 0,
				"flameRadiusInMag": 0,
				"flameColor": "FFFFFF"
			}
		]
	},
	"updateEffect": 
	{
	"type": "ParticleEffect",
	"particles": 1,
	"sizeFrom": 10
	"sizeTo": 0,
	"length": 0,
	"baseLength": 0,
	"lifetime": 35,
	"interp": "swing",
	"colorFrom": "FFFFFF00",
	"colorTo": "FFFFFF",
	},
    "requirements": [
	"钴/80",
	"copper/150"
	"lead/100"
	"铁/55"
	],	
	"category": "crafting",
	"research": "临时核心",
}

