{
	"extendedType": "MultiCrafter",
	"name": "元素重构机",
	"health": 900,
	"size": 2,
	"hasPower": true,
	"hasLiquids": true,
	"hasItems": true,
	"itemCapacity":50,
	"liquidCapacity":100,
	"requirements": [
	"titanium/1200",
	"graphite/550",
	"plastanium/1185",
	"silicon/3650",
	"surge-alloy/2000",
	"thorium/3000",
	],
	"drawer": {
	"type": "DrawMulti",
	"drawers": [
	"DrawDefault",
	{
	"type": "DrawFlame",
	"flameRadius": 2,
	"flameRadiusIn": 1.5,
	"flameRadiusMag": 2,
	"flameRadiusInMag": 1.8,
	"flameColor": "F2E770"
	}
]
},
	"craftEffect": {
	"type": "MultiEffect",
	"effects": [
	{
	"type": "ParticleEffect",
	"particles": 4,
	"sizeFrom": 5,
	"sizeTo": 0,
	"length": 45,
	"region":"黑暗纪元-斜正方",
	"baseLength": 0,
	"lifetime": 30,
	"colorFrom": "9BD9FD",
	"colorTo": "9BD9FD00",
	}
]
}
	"category": "crafting",
	"ambientSound": "shield",
	"ambientSoundVolume": 0.7,
	"research": {
    "parent": "暗金属催化池",
    "objectives": [
	{
	"type": "OnSector",
	"preset": "清扫"
	}
]
}
}