{
	"type": "GenericCrafter",
	"name": "大型石油蒸馏机",
	"health": 1200,
	"craftTime":30,	
	"outputLiquid": "润滑剂/0.75"
	"size": 3,
	"drawer": {
		"type": "DrawMulti",
		"drawers": [
			{
				"type": "DrawRegion",
				"suffix": "-bottom"
			},
			{
				"type": "DrawLiquidTile",
				"drawLiquid": "润滑剂"
			},
			"DrawDefault"
		]
	},
	"hasItems": true,
	"hasLiquids": true,
	"outputsLiquid": true,
	"hasPower": true,
	"liquidCapacity": 180,
	"updateEffect": {
	"type":"hitEmpSpark"
	"particles":4
	"sizeFrom":5
	"sizeTo":0
	"length":15
	"baseLength":5
	"colorFrom":"CDC67360"
	"colorTo":"ffffff"
	"lifetime":20
	"cone":360//不建议改
	},
	"consumes": {
		"power": 7.5,
		"liquid": "oil/1.20"
		"items": [
		"graphite/2"
		]
	},
	"requirements": [
		"plastanium/300",
		"metaglass/90",
		"silicon/180",
		"钢/160"
	],
	"category": "crafting",
	"research": "石油蒸馏机"
}