{
    "type": "ItemTurret",
    "name": "相交线",
    "shownPlanets": ["serpulo","Planzer","Synchronous-orbit-space-station"]
    "unitSort": "strongest",
    "health": 45190,
    "size": 8,
    "reload": 360,
    "range": 3600,
    "recoil": 0,
    "ammoPerShot": 20,
    "maxAmmo": 100,
    "liquidCapacity": 150,
    "consumes": {
        "power": 1395,
        "liquid": "water/1.3"
    },
    "shoot": {
        "type": "ShootPattern",
        "firstShotDelay": 180
    },
    "chargeSound": "lasercharge2",
    "shootSound": "DS",
    "minWarmup": 0.4,
    "warmupMaintainTime": 180,
    "targetGround": true,
    "targetAir": true,
    "inaccuracy": 0,
    "shake": 17,
    "shootCone": 1,
    "rotateSpeed": 1.34,
    "requirements": [
        "graphite/740",
        "silicon/3210",
        "copper/4450",
        "lead/6750",
        "plastanium/5750",
        "thorium/4600",
        "surge-alloy/3430",
        "titanium/4500",
        "phase-fabric/3800",
        "metaglass/600",
        "blast-compound/200"
    ],
    "category": "turret",
    "research": {
        "parent": "阻断",
        "objectives": [
            {
                "type": "SectorComplete",
                "preset": "激战"
            }
        ]
    },
    "drawer": {
        "type": "DrawTurret",
        "parts": [
            {
                "type": "ShapePart",
                "progress": "warmup",
                "y": -27,
                "sides": 6,
                "color": "7B7B7B",
                "rotateSpeed": 0,
                "stroke": 0,
                "strokeTo": 4,
                "circle": true,
                "hollow": true,
                "radius": 64,
                "radiusTo": 23,
                "layer": 110
            },
            {
                "type": "ShapePart",
                "progress": "warmup",
                "y": -27,
                "sides": 6,
                "color": "7B7B7B",
                "rotateSpeed": 0,
                "stroke": 0,
                "strokeTo": 5,
                "hollow": true,
                "radius": 64,
                "radiusTo": 25,
                "layer": 110
            },
            {
                "type": "ShapePart",
                "progress": "warmup",
                "y": -27,
                "sides": 3,
                "color": "7B7B7B",
                "rotateSpeed": 0,
                "stroke": 0,
                "strokeTo": 5,
                "circle": false,
                "hollow": true,
                "radius": 64,
                "radiusTo": 27,
                "layer": 110
            },
            {
                "type": "HaloPart",
                "progress": "warmup",
                "shapes": 2,
                "stroke": 0.1,
                "strokeTo": 15,
                "tri": true,
                "y": -27,
                "radius": 36,
                "radiusTo": 13,
                "triLength": 0,
                "triLengthTo": 24,
                "haloRadius": 60,
                "haloRadiusTo": 25,
                "haloRotation": 180,
                "haloRotateSpeed": -1.34,
                "layer": 110,
                "color": "FFFFFF00",
                "colorTo": "B0BAC0"
            },
            {
                "type": "HaloPart",
                "progress": "warmup",
                "shapes": 2,
                "stroke": 0.1,
                "strokeTo": 15,
                "tri": true,
                "y": -27,
                "radius": 36,
                "radiusTo": 13,
                "triLength": 0,
                "triLengthTo": 48,
                "haloRadius": 60,
                "haloRadiusTo": 25,
                "haloRotation": 180,
                "haloRotateSpeed": -1.34,
                "layer": 110,
                "color": "FFFFFF00",
                "colorTo": "B0BAC0"
            }
        ]
    },
    "shootEffect": {
        "type": "MultiEffect",
        "effects": [
            {
                "type": "WaveEffect",
                "sizeFrom": 0,
                "sizeTo": 20,
                "strokeFrom": 5,
                "strokeTo": 0,
                "interp": "fastSlow",
                "lifetime": 60,
                "colorFrom": "EA8878",
                "colorTo": "BC5452"
            },
            {
                "type": "WaveEffect",
                "sizeFrom": 0,
                "sizeTo": 20,
                "strokeFrom": 5,
                "strokeTo": 0,
                "interp": "fastSlow",
                "lifetime": 60,
                "colorFrom": "EA8878",
                "colorTo": "BC5452",
                "startDelay": 30
            },
            {
                "type": "WaveEffect",
                "sizeFrom": 0,
                "sizeTo": 20,
                "strokeFrom": 5,
                "strokeTo": 0,
                "interp": "fastSlow",
                "lifetime": 60,
                "colorFrom": "EA8878",
                "colorTo": "BC5452",
                "startDelay": 60
            }
        ]
    },
    "ammoTypes": {
        "thorium": {
            "type": "PointBulletType",
            "damage": 100,
            "buildingDamageMultiplier": 0,
            "ammoMultiplier": 1,
            "hitSound": "wave",
            "status": "破防",
            "statusDuration": 600,
            "splashDamageRadius": 240,
            "splashDamage": 490,
            "speed": 360,
            "lifetime": 10,
            "trailEffect": "none",
            "hitEffect": {
                "type": "MultiEffect",
                "effects": [
                    {
                        "type": "WaveEffect",
                        "strokeFrom": 5,
                        "strokeTo": 0,
                        "sizeFrom": 50,
                        "sizeTo": 0,
                        "lifetime": 60,
                        "colorFrom": "EA8878",
                        "colorTo": "C85C5140"
                    },
                    {
                        "type": "WaveEffect",
                        "strokeFrom": 5,
                        "strokeTo": 0,
                        "sizeFrom": 50,
                        "sizeTo": 0,
                        "lifetime": 60,
                        "startDelay": 10,
                        "colorFrom": "EA8878",
                        "colorTo": "C85C5140"
                    },
                    {
                        "type": "WaveEffect",
                        "strokeFrom": 5,
                        "strokeTo": 0,
                        "sizeFrom": 50,
                        "sizeTo": 0,
                        "lifetime": 60,
                        "startDelay": 20,
                        "colorFrom": "EA8878",
                        "colorTo": "C85C5140"
                    },
                    {
                        "type": "WaveEffect",
                        "strokeFrom": 5,
                        "strokeTo": 0,
                        "sizeFrom": 50,
                        "sizeTo": 0,
                        "lifetime": 60,
                        "startDelay": 30,
                        "colorFrom": "EA8878",
                        "colorTo": "C85C5140"
                    },
                    {
                        "type": "WaveEffect",
                        "strokeFrom": 5,
                        "strokeTo": 0,
                        "sizeFrom": 50,
                        "sizeTo": 0,
                        "lifetime": 60,
                        "startDelay": 40,
                        "colorFrom": "EA8878",
                        "colorTo": "C85C5140"
                    },
                    {
                        "type": "WaveEffect",
                        "strokeFrom": 5,
                        "strokeTo": 0,
                        "sizeFrom": 50,
                        "sizeTo": 0,
                        "lifetime": 60,
                        "startDelay": 50,
                        "colorFrom": "EA8878",
                        "colorTo": "C85C5140"
                    }
                ]
            },
            "fragBullets": 1,
            "fragVelocityMax": 1,
            "fragVelocityMin": 0.7,
            "fragLifeMin": 1,
            "fragLifeMax": 1,
            "fragAngle": 180,
            "fragRandomSpread": 0,
            "fragBullet": {
                "type": "PointBulletType",
                "damage": 140,
                "buildingDamageMultiplier": 0,
                "hitSound": "wave",
                "speed": 720,
                "lifetime": 10,
                "trailEffect": "none",
                "fragBullets": 1,
                "fragVelocityMin": 1,
                "fragLifeMin": 1,
                "fragLifeMax": 1,
                "fragAngle": 0,
                "fragRandomSpread": 0,
                "fragBullet": {
                    "damage": 780,
                    "speed": 0,
                    "lifetime": 80,
                    "buildingDamageMultiplier": 0,
                    "hitEffect": "none",
                    "hitSound": "none",
                    "trailEffect": "none",
                    "fragBullets": 1,
                    "fragVelocityMin": 1,
                    "fragLifeMin": 1,
                    "fragLifeMax": 1,
                    "fragAngle": 180,
                    "fragRandomSpread": 0,
                    "fragBullet": {
                        "damage": 21485,
                        "buildingDamageMultiplier": 0,
                        "speed": 120,
                        "lifetime": 210,
                        "sprite": "黑暗纪元-穿刺",
                        "pierceArmor": true,
                        "backColor": "EA8878",
                        "frontColor": "C85C51",
                        "splashDamageRadius": 240,
                        "splashDamage": 1280,
                        "hitShake": 45,
                        "hitSound": "largeCannon",
                        "knockback": 150,
                        "width": 90,
                        "height": 300,
                        "hitSoundVolume": 39,
                        "status": "melting",
                        "statusDuration": 1800,
                        "shrinkX": 0,
                        "shrinkY": 0,
                        "trailColor": "FFFFFF",
                        "trailLength": 75,
                        "trailWidth": 12,
                        "trailChance": 1,
                        "trailInterval": 20,
                        "hitEffect": {
                            "type": "MultiEffect",
                            "effects": [
                                {
                                    "type": "WaveEffect",
                                    "strokeFrom": 5,
                                    "strokeTo": 0,
                                    "sizeFrom": 0,
                                    "sizeTo": 240,
                                    "lifetime": 10,
                                    "colorFrom": "EA8878",
                                    "colorTo": "C85C5150"
                                },
                                {
                                    "type": "WaveEffect",
                                    "strokeFrom": 5,
                                    "strokeTo": 0,
                                    "sizeFrom": 0,
                                    "sizeTo": 280,
                                    "lifetime": 10,
                                    "colorFrom": "EA8878",
                                    "colorTo": "C85C5150"
                                },
                                {
                                    "type": "ParticleEffect",
                                    "particles": 25,
                                    "sizeFrom": 40,
                                    "sizeTo": 0,
                                    "length": 240,
                                    "baseLength": 20,
                                    "lifetime": 30,
                                    "colorFrom": "FFFFFF",
                                    "colorTo": "EA887830"
                                },
                                {
                                    "type": "ParticleEffect",
                                    "particles": 35,
                                    "sizeFrom": 35,
                                    "sizeTo": 0,
                                    "length": 250,
                                    "baseLength": 20,
                                    "lifetime": 40,
                                    "colorFrom": "EA8878",
                                    "colorTo": "FFFFFF50"
                                },
                                {
                                    "type": "ParticleEffect",
                                    "particles": 15,
                                    "sizeFrom": 38,
                                    "sizeTo": 0,
                                    "region": "黑暗纪元-菱形",
                                    "spin": 1,
                                    "length": 240,
                                    "baseLength": 0,
                                    "lifetime": 180,
                                    "colorFrom": "EA8878",
                                    "colorTo": "C85C5100"
                                },
                                {
                                    "type": "ParticleEffect",
                                    "particles": 1,
                                    "sizeFrom": 250,
                                    "sizeTo": 0,
                                    "interp": "pow5Out",
                                    "sizeInterp": "pow10In",
                                    "length": 0,
                                    "baseLength": 0,
                                    "lifetime": 40,
                                    "colorFrom": "EA887860",
                                    "colorTo": "EA887820"
                                },
                                {
                                    "type": "ParticleEffect",
                                    "particles": 20,
                                    "line": true,
                                    "lenFrom": 98,
                                    "lenTo": 0,
                                    "length": 240,
                                    "strokeFrom": 13,
                                    "strokeTo": 0,
                                    "baseLength": 40,
                                    "lifetime": 45,
                                    "colorFrom": "C85C51",
                                    "colorTo": "FFFFFF50"
                                }
                            ]
                        }
                    }
                }
            }
        },
        "surge-alloy": {
            "type": "PointBulletType",
            "damage": 100,
            "buildingDamageMultiplier": 0,
            "ammoMultiplier": 1,
            "hitSound": "wave",
            "status": "污染",
            "statusDuration": 600,
            "splashDamageRadius": 240,
            "splashDamage": 490,
            "speed": 360,
            "lifetime": 10,
            "trailEffect": "none",
            "hitEffect": {
                "type": "MultiEffect",
                "effects": [
                    {
                        "type": "WaveEffect",
                        "strokeFrom": 5,
                        "strokeTo": 0,
                        "sizeFrom": 50,
                        "sizeTo": 0,
                        "lifetime": 60,
                        "colorFrom": "FED843",
                        "colorTo": "FFFFFF40"
                    },
                    {
                        "type": "WaveEffect",
                        "strokeFrom": 5,
                        "strokeTo": 0,
                        "sizeFrom": 50,
                        "sizeTo": 0,
                        "lifetime": 60,
                        "startDelay": 10,
                        "colorFrom": "FED843",
                        "colorTo": "FFFFFF40"
                    },
                    {
                        "type": "WaveEffect",
                        "strokeFrom": 5,
                        "strokeTo": 0,
                        "sizeFrom": 50,
                        "sizeTo": 0,
                        "lifetime": 60,
                        "startDelay": 20,
                        "colorFrom": "FED843",
                        "colorTo": "FFFFFF40"
                    },
                    {
                        "type": "WaveEffect",
                        "strokeFrom": 5,
                        "strokeTo": 0,
                        "sizeFrom": 50,
                        "sizeTo": 0,
                        "lifetime": 60,
                        "startDelay": 30,
                        "colorFrom": "FED843",
                        "colorTo": "FFFFFF40"
                    },
                    {
                        "type": "WaveEffect",
                        "strokeFrom": 5,
                        "strokeTo": 0,
                        "sizeFrom": 50,
                        "sizeTo": 0,
                        "lifetime": 60,
                        "startDelay": 40,
                        "colorFrom": "FED843",
                        "colorTo": "FFFFFF40"
                    },
                    {
                        "type": "WaveEffect",
                        "strokeFrom": 5,
                        "strokeTo": 0,
                        "sizeFrom": 50,
                        "sizeTo": 0,
                        "lifetime": 60,
                        "startDelay": 50,
                        "colorFrom": "FED843",
                        "colorTo": "FFFFFF40"
                    }
                ]
            },
            "fragBullets": 1,
            "fragVelocityMax": 1,
            "fragVelocityMin": 0.7,
            "fragLifeMin": 1,
            "fragLifeMax": 1,
            "fragAngle": 180,
            "fragRandomSpread": 0,
            "fragBullet": {
                "type": "PointBulletType",
                "damage": 140,
                "buildingDamageMultiplier": 0,
                "hitSound": "wave",
                "speed": 720,
                "lifetime": 10,
                "trailEffect": "none",
                "fragBullets": 1,
                "fragVelocityMin": 1,
                "fragLifeMin": 1,
                "fragLifeMax": 1,
                "fragAngle": 0,
                "fragRandomSpread": 0,
                "fragBullet": {
                    "damage": 780,
                    "speed": 0,
                    "lifetime": 80,
                    "buildingDamageMultiplier": 0,
                    "hitEffect": "none",
                    "hitSound": "none",
                    "trailEffect": "none",
                    "fragBullets": 1,
                    "fragVelocityMin": 1,
                    "fragLifeMin": 1,
                    "fragLifeMax": 1,
                    "fragAngle": 180,
                    "fragRandomSpread": 0,
                    "fragBullet": {
                        "damage": 3189,
                        "buildingDamageMultiplier": 0,
                        "speed": 120,
                        "lifetime": 210,
                        "sprite": "黑暗纪元-穿刺",
                        "pierceArmor": true,
                        "backColor": "FED843",
                        "frontColor": "FFFFFF",
                        "splashDamageRadius": 240,
                        "splashDamage": 27560,
                        "hitShake": 45,
                        "hitSound": "largeCannon",
                        "knockback": 150,
                        "width": 90,
                        "height": 300,
                        "hitSoundVolume": 39,
                        "status": "electrified",
                        "statusDuration": 1800,
                        "shrinkX": 0,
                        "shrinkY": 0,
                        "trailColor": "FFFFFF",
                        "trailLength": 75,
                        "trailWidth": 12,
                        "trailChance": 1,
                        "trailInterval": 20,
                        "hitEffect": {
                            "type": "MultiEffect",
                            "effects": [
                                {
                                    "type": "WaveEffect",
                                    "strokeFrom": 5,
                                    "strokeTo": 0,
                                    "sizeFrom": 0,
                                    "sizeTo": 240,
                                    "lifetime": 10,
                                    "colorFrom": "FED843",
                                    "colorTo": "FFFFFF50"
                                },
                                {
                                    "type": "WaveEffect",
                                    "strokeFrom": 5,
                                    "strokeTo": 0,
                                    "sizeFrom": 0,
                                    "sizeTo": 280,
                                    "lifetime": 10,
                                    "colorFrom": "FED843",
                                    "colorTo": "FFFFFF50"
                                },
                                {
                                    "type": "ParticleEffect",
                                    "particles": 25,
                                    "sizeFrom": 40,
                                    "sizeTo": 0,
                                    "length": 240,
                                    "baseLength": 20,
                                    "lifetime": 30,
                                    "colorFrom": "FFFFFF",
                                    "colorTo": "FED84330"
                                },
                                {
                                    "type": "ParticleEffect",
                                    "particles": 35,
                                    "sizeFrom": 35,
                                    "sizeTo": 0,
                                    "length": 250,
                                    "baseLength": 20,
                                    "lifetime": 40,
                                    "colorFrom": "FED843",
                                    "colorTo": "FFFFFF50"
                                },
                                {
                                    "type": "ParticleEffect",
                                    "particles": 15,
                                    "sizeFrom": 38,
                                    "sizeTo": 0,
                                    "region": "黑暗纪元-菱形",
                                    "spin": 1,
                                    "length": 240,
                                    "baseLength": 0,
                                    "lifetime": 180,
                                    "colorFrom": "FED843",
                                    "colorTo": "FFFFFF00"
                                },
                                {
                                    "type": "ParticleEffect",
                                    "particles": 1,
                                    "sizeFrom": 250,
                                    "sizeTo": 0,
                                    "interp": "pow5Out",
                                    "sizeInterp": "pow10In",
                                    "length": 0,
                                    "baseLength": 0,
                                    "lifetime": 40,
                                    "colorFrom": "FED84360",
                                    "colorTo": "FED84320"
                                },
                                {
                                    "type": "ParticleEffect",
                                    "particles": 20,
                                    "line": true,
                                    "lenFrom": 98,
                                    "lenTo": 0,
                                    "length": 240,
                                    "strokeFrom": 13,
                                    "strokeTo": 0,
                                    "baseLength": 40,
                                    "lifetime": 45,
                                    "colorFrom": "FED843",
                                    "colorTo": "FFFFFF50"
                                }
                            ]
                        }
                    }
                }
            }
        },
        "空间节点": {
            "type": "PointBulletType",
            "damage": 100,
            "ammoMultiplier": 1,
            "buildingDamageMultiplier": 0,
            "hitSound": "wave",
            "status": "延迟",
            "statusDuration": 600,
            "splashDamageRadius": 240,
            "splashDamage": 890,
            "speed": 360,
            "lifetime": 10,
            "trailEffect": "none",
            "hitEffect": {
                "type": "MultiEffect",
                "effects": [
                    {
                        "type": "WaveEffect",
                        "strokeFrom": 5,
                        "strokeTo": 0,
                        "sizeFrom": 50,
                        "sizeTo": 0,
                        "lifetime": 60,
                        "colorFrom": "00FFFF",
                        "colorTo": "FFFFFF40"
                    },
                    {
                        "type": "WaveEffect",
                        "strokeFrom": 5,
                        "strokeTo": 0,
                        "sizeFrom": 50,
                        "sizeTo": 0,
                        "lifetime": 60,
                        "startDelay": 10,
                        "colorFrom": "00FFFF",
                        "colorTo": "FFFFFF40"
                    },
                    {
                        "type": "WaveEffect",
                        "strokeFrom": 5,
                        "strokeTo": 0,
                        "sizeFrom": 50,
                        "sizeTo": 0,
                        "lifetime": 60,
                        "startDelay": 20,
                        "colorFrom": "00FFFF",
                        "colorTo": "FFFFFF40"
                    },
                    {
                        "type": "WaveEffect",
                        "strokeFrom": 5,
                        "strokeTo": 0,
                        "sizeFrom": 50,
                        "sizeTo": 0,
                        "lifetime": 60,
                        "startDelay": 30,
                        "colorFrom": "00FFFF",
                        "colorTo": "FFFFFF40"
                    },
                    {
                        "type": "WaveEffect",
                        "strokeFrom": 5,
                        "strokeTo": 0,
                        "sizeFrom": 50,
                        "sizeTo": 0,
                        "lifetime": 60,
                        "startDelay": 40,
                        "colorFrom": "00FFFF",
                        "colorTo": "FFFFFF40"
                    },
                    {
                        "type": "WaveEffect",
                        "strokeFrom": 5,
                        "strokeTo": 0,
                        "sizeFrom": 50,
                        "sizeTo": 0,
                        "lifetime": 60,
                        "startDelay": 50,
                        "colorFrom": "00FFFF",
                        "colorTo": "FFFFFF40"
                    }
                ]
            },
            "fragBullets": 1,
            "fragVelocityMax": 1,
            "fragVelocityMin": 1,
            "fragLifeMin": 1,
            "fragLifeMax": 1,
            "fragAngle": 180,
            "fragRandomSpread": 0,
            "fragBullet": {
                "damage": 140,
                "absorbable": false,
                "reflectable": false,
                "hittable": false,
                "collides": false,
                "buildingDamageMultiplier": 0,
                "hitSound": "SL",
                "width": 0,
                "height": 0,
                "speed": 0,
                "lifetime": 5,
                "trailEffect": "none",
                "bulletInterval": 1000,
                "intervalRandomSpread": 0,
                "intervalBullet": {
                    "damage": 140,
                    "buildingDamageMultiplier": 0,
                    "hitSound": "SL",
                    "speed": 0,
                    "lifetime": 60,
                    "trailEffect": "none",
                    "despawnEffect": "none",
                    "width": 0,
                    "height": 0,
                    "fragBullets": 2,
                    "fragVelocityMax": 2,
                    "fragVelocityMin": 0.8,
                    "fragLifeMin": 0.8,
                    "fragLifeMax": 1.5,
                    "fragSpread": 360,
                    "fragBullet": {
                        "type": "PointBulletType",
                        "damage": 1288,
                        "buildingDamageMultiplier": 0,
                        "hitSound": "SL",
                        "speed": 200,
                        "lifetime": 1,
                        "trailEffect": {
                            "type": "ParticleEffect",
                            "particles": 1,
                            "baseLength": 0.1,
                            "length": 0.1,
                            "lifetime": 210,
                            "line": true,
                            "randLength": false,
                            "sizeInterp": "pow10In",
                            "lenFrom": 9,
                            "lenTo": 9,
                            "strokeFrom": 3,
                            "strokeTo": 0,
                            "colorFrom": "FFFFFF",
                            "colorTo": "FFFFFF",
                            "cone": 0
                        },
                        "hitEffect": {
                            "type": "MultiEffect",
                            "effects": [
                                {
                                    "type": "WaveEffect",
                                    "strokeFrom": 5,
                                    "strokeTo": 0,
                                    "sizeFrom": 0,
                                    "sizeTo": 30,
                                    "lifetime": 30,
                                    "colorFrom": "FFFFFF",
                                    "colorTo": "FFFFFF"
                                },
                                {
                                    "type": "ParticleEffect",
                                    "particles": 1,
                                    "sizeFrom": 9,
                                    "sizeTo": 0,
                                    "length": 0,
                                    "baseLength": 0,
                                    "sizeInterp": "pow10In",
                                    "lifetime": 210,
                                    "colorFrom": "FFFFFF",
                                    "colorTo": "FFFFFF"
                                }
                            ]
                        },
                        "fragBullets": 2,
                        "fragVelocityMax": 2,
                        "fragVelocityMin": 0.8,
                        "fragLifeMin": 0.8,
                        "fragLifeMax": 1.5,
                        "fragSpread": 360,
                        "fragBullet": {
                            "type": "PointBulletType",
                            "damage": 1288,
                            "buildingDamageMultiplier": 0,
                            "hitSound": "SL",
                            "speed": 140,
                            "lifetime": 1,
                            "trailEffect": {
                                "type": "ParticleEffect",
                                "particles": 1,
                                "baseLength": 0.1,
                                "length": 0.1,
                                "lifetime": 210,
                                "line": true,
                                "randLength": false,
                                "sizeInterp": "pow10In",
                                "lenFrom": 9,
                                "lenTo": 9,
                                "strokeFrom": 3,
                                "strokeTo": 0,
                                "colorFrom": "FFFFFF",
                                "colorTo": "FFFFFF",
                                "cone": 0
                            },
                            "hitEffect": {
                                "type": "MultiEffect",
                                "effects": [
                                    {
                                        "type": "WaveEffect",
                                        "strokeFrom": 5,
                                        "strokeTo": 0,
                                        "sizeFrom": 0,
                                        "sizeTo": 30,
                                        "lifetime": 30,
                                        "colorFrom": "FFFFFF",
                                        "colorTo": "FFFFFF"
                                    },
                                    {
                                        "type": "ParticleEffect",
                                        "particles": 1,
                                        "sizeFrom": 9,
                                        "sizeTo": 0,
                                        "length": 0,
                                        "baseLength": 0,
                                        "sizeInterp": "pow10In",
                                        "lifetime": 210,
                                        "colorFrom": "FFFFFF",
                                        "colorTo": "FFFFFF"
                                    }
                                ]
                            },
                            "fragBullets": 2,
                            "fragVelocityMax": 2,
                            "fragVelocityMin": 0.8,
                            "fragLifeMin": 0.8,
                            "fragLifeMax": 1.5,
                            "fragSpread": 360,
                            "fragBullet": {
                                "type": "PointBulletType",
                                "damage": 1288,
                                "buildingDamageMultiplier": 0,
                                "hitSound": "SL",
                                "speed": 100,
                                "lifetime": 1,
                                "trailEffect": {
                                    "type": "ParticleEffect",
                                    "particles": 1,
                                    "baseLength": 0.1,
                                    "length": 0.1,
                                    "lifetime": 210,
                                    "line": true,
                                    "randLength": false,
                                    "sizeInterp": "pow10In",
                                    "lenFrom": 9,
                                    "lenTo": 9,
                                    "strokeFrom": 3,
                                    "strokeTo": 0,
                                    "colorFrom": "FFFFFF",
                                    "colorTo": "FFFFFF",
                                    "cone": 0
                                },
                                "despawnEffect": {
                                    "type": "MultiEffect",
                                    "effects": [
                                        {
                                            "type": "WaveEffect",
                                            "strokeFrom": 5,
                                            "strokeTo": 0,
                                            "sizeFrom": 0,
                                            "sizeTo": 30,
                                            "lifetime": 30,
                                            "colorFrom": "FFFFFF",
                                            "colorTo": "FFFFFF"
                                        },
                                        {
                                            "type": "ParticleEffect",
                                            "particles": 1,
                                            "sizeFrom": 9,
                                            "sizeTo": 0,
                                            "length": 0,
                                            "baseLength": 0,
                                            "sizeInterp": "pow10In",
                                            "lifetime": 210,
                                            "colorFrom": "FFFFFF",
                                            "colorTo": "FFFFFF"
                                        }
                                    ]
                                }
                            }
                        }
                    }
                }
            },
            "fragBullets": 1,
            "fragVelocityMax": 1,
            "fragVelocityMin": 1,
            "fragLifeMin": 1,
            "fragLifeMax": 1,
            "fragAngle": 180,
            "fragRandomSpread": 0,
            "fragBullet": {
                "damage": 140,
                "buildingDamageMultiplier": 0,
                "absorbable": false,
                "reflectable": false,
                "hittable": false,
                "collides": false,
                "hitSound": "SL",
                "width": 0,
                "height": 0,
                "speed": 0,
                "lifetime": 5,
                "trailEffect": "none",
                "intervalBullets": 1,
                "bulletInterval": 5,
                "intervalRandomSpread": 0,
                "intervalBullet": {
                    "damage": 200,
                    "buildingDamageMultiplier": 0,
                    "hitSound": "SL",
                    "speed": 0,
                    "lifetime": 70,
                    "trailEffect": "none",
                    "despawnEffect": "none",
                    "width": 0,
                    "height": 0,
                    "fragBullets": 2,
                    "fragVelocityMax": 2,
                    "fragVelocityMin": 0.8,
                    "fragLifeMin": 0.8,
                    "fragLifeMax": 1.5,
                    "fragSpread": 360,
                    "fragBullet": {
                        "type": "PointBulletType",
                        "damage": 1679,
                        "buildingDamageMultiplier": 0,
                        "hitSound": "SL",
                        "speed": 150,
                        "lifetime": 1,
                        "trailEffect": {
                            "type": "ParticleEffect",
                            "particles": 1,
                            "baseLength": 0.1,
                            "length": 0.1,
                            "lifetime": 150,
                            "line": true,
                            "randLength": false,
                            "sizeInterp": "pow10In",
                            "lenFrom": 9,
                            "lenTo": 9,
                            "strokeFrom": 2,
                            "strokeTo": 0,
                            "colorFrom": "FFFFFF",
                            "colorTo": "FFFFFF",
                            "cone": 0
                        },
                        "hitEffect": {
                            "type": "MultiEffect",
                            "effects": [
                                {
                                    "type": "WaveEffect",
                                    "strokeFrom": 5,
                                    "strokeTo": 0,
                                    "sizeFrom": 0,
                                    "sizeTo": 20,
                                    "lifetime": 30,
                                    "colorFrom": "FFFFFF",
                                    "colorTo": "FFFFFF"
                                },
                                {
                                    "type": "ParticleEffect",
                                    "particles": 1,
                                    "sizeFrom": 7,
                                    "sizeTo": 0,
                                    "length": 0,
                                    "baseLength": 0,
                                    "sizeInterp": "pow10In",
                                    "lifetime": 150,
                                    "colorFrom": "FFFFFF",
                                    "colorTo": "FFFFFF"
                                }
                            ]
                        },
                        "fragBullets": 2,
                        "fragVelocityMax": 2,
                        "fragVelocityMin": 0.8,
                        "fragLifeMin": 0.8,
                        "fragLifeMax": 1.5,
                        "fragSpread": 360,
                        "fragBullet": {
                            "type": "PointBulletType",
                            "damage": 1679,
                            "buildingDamageMultiplier": 0,
                            "hitSound": "SL",
                            "speed": 120,
                            "lifetime": 1,
                            "trailEffect": {
                                "type": "ParticleEffect",
                                "particles": 1,
                                "baseLength": 0.1,
                                "length": 0.1,
                                "lifetime": 150,
                                "line": true,
                                "randLength": false,
                                "sizeInterp": "pow10In",
                                "lenFrom": 9,
                                "lenTo": 9,
                                "strokeFrom": 2,
                                "strokeTo": 0,
                                "colorFrom": "FFFFFF",
                                "colorTo": "FFFFFF",
                                "cone": 0
                            },
                            "hitEffect": {
                                "type": "MultiEffect",
                                "effects": [
                                    {
                                        "type": "WaveEffect",
                                        "strokeFrom": 5,
                                        "strokeTo": 0,
                                        "sizeFrom": 0,
                                        "sizeTo": 20,
                                        "lifetime": 30,
                                        "colorFrom": "FFFFFF",
                                        "colorTo": "FFFFFF"
                                    },
                                    {
                                        "type": "ParticleEffect",
                                        "particles": 1,
                                        "sizeFrom": 7,
                                        "sizeTo": 0,
                                        "length": 0,
                                        "baseLength": 0,
                                        "sizeInterp": "pow10In",
                                        "lifetime": 150,
                                        "colorFrom": "FFFFFF",
                                        "colorTo": "FFFFFF"
                                    }
                                ]
                            },
                            "fragBullets": 2,
                            "fragVelocityMax": 2,
                            "fragVelocityMin": 0.8,
                            "fragLifeMin": 0.8,
                            "fragLifeMax": 1.5,
                            "fragSpread": 360,
                            "fragBullet": {
                                "type": "PointBulletType",
                                "damage": 1679,
                                "buildingDamageMultiplier": 0,
                                "hitSound": "SL",
                                "speed": 75,
                                "lifetime": 1,
                                "trailEffect": {
                                    "type": "ParticleEffect",
                                    "particles": 1,
                                    "baseLength": 0.1,
                                    "length": 0.1,
                                    "lifetime": 150,
                                    "line": true,
                                    "randLength": false,
                                    "sizeInterp": "pow10In",
                                    "lenFrom": 9,
                                    "lenTo": 9,
                                    "strokeFrom": 2,
                                    "strokeTo": 0,
                                    "colorFrom": "FFFFFF",
                                    "colorTo": "FFFFFF",
                                    "cone": 0
                                },
                                "despawnEffect": {
                                    "type": "MultiEffect",
                                    "effects": [
                                        {
                                            "type": "WaveEffect",
                                            "strokeFrom": 5,
                                            "strokeTo": 0,
                                            "sizeFrom": 0,
                                            "sizeTo": 20,
                                            "lifetime": 30,
                                            "colorFrom": "FFFFFF",
                                            "colorTo": "FFFFFF"
                                        },
                                        {
                                            "type": "ParticleEffect",
                                            "particles": 1,
                                            "sizeFrom": 7,
                                            "sizeTo": 0,
                                            "length": 0,
                                            "baseLength": 0,
                                            "sizeInterp": "pow10In",
                                            "lifetime": 150,
                                            "colorFrom": "FFFFFF",
                                            "colorTo": "FFFFFF"
                                        }
                                    ]
                                }
                            }
                        }
                    }
                }
            },
            "fragBullets": 1,
            "fragVelocityMax": 1,
            "fragVelocityMin": 1,
            "fragLifeMin": 1,
            "fragLifeMax": 1,
            "fragAngle": 180,
            "fragRandomSpread": 0,
            "fragBullet": {
                "damage": 140,
                "buildingDamageMultiplier": 0,
                "absorbable": false,
                "reflectable": false,
                "hittable": false,
                "collides": false,
                "hitSound": "SL",
                "width": 0,
                "height": 0,
                "speed": 0,
                "lifetime": 5,
                "trailEffect": "none",
                "intervalBullets": 1,
                "bulletInterval": 1000,
                "intervalRandomSpread": 0,
                "intervalBullet": {
                    "damage": 289,
                    "buildingDamageMultiplier": 0,
                    "hitSound": "SL",
                    "speed": 0,
                    "lifetime": 80,
                    "width": 0,
                    "height": 0,
                    "trailEffect": "none",
                    "despawnEffect": "none",
                    "fragBullets": 2,
                    "fragVelocityMax": 2,
                    "fragVelocityMin": 0.8,
                    "fragLifeMin": 0.8,
                    "fragLifeMax": 1.5,
                    "fragSpread": 360,
                    "fragBullet": {
                        "type": "PointBulletType",
                        "damage": 2331,
                        "buildingDamageMultiplier": 0,
                        "hitSound": "SL",
                        "speed": 100,
                        "lifetime": 1,
                        "trailEffect": {
                            "type": "ParticleEffect",
                            "particles": 1,
                            "baseLength": 0.1,
                            "length": 0.1,
                            "lifetime": 80,
                            "line": true,
                            "randLength": false,
                            "sizeInterp": "pow10In",
                            "lenFrom": 9,
                            "lenTo": 9,
                            "strokeFrom": 1,
                            "strokeTo": 0,
                            "colorFrom": "FFFFFF",
                            "colorTo": "FFFFFF",
                            "cone": 0
                        },
                        "hitEffect": {
                            "type": "MultiEffect",
                            "effects": [
                                {
                                    "type": "WaveEffect",
                                    "strokeFrom": 5,
                                    "strokeTo": 0,
                                    "sizeFrom": 0,
                                    "sizeTo": 10,
                                    "lifetime": 30,
                                    "colorFrom": "FFFFFF",
                                    "colorTo": "FFFFFF"
                                },
                                {
                                    "type": "ParticleEffect",
                                    "particles": 1,
                                    "sizeFrom": 5,
                                    "sizeTo": 0,
                                    "length": 0,
                                    "baseLength": 0,
                                    "sizeInterp": "pow10In",
                                    "lifetime": 80,
                                    "colorFrom": "FFFFFF",
                                    "colorTo": "FFFFFF"
                                }
                            ]
                        },
                        "fragBullets": 2,
                        "fragVelocityMax": 2,
                        "fragVelocityMin": 0.8,
                        "fragLifeMin": 0.8,
                        "fragLifeMax": 1.5,
                        "fragSpread": 360,
                        "fragBullet": {
                            "type": "PointBulletType",
                            "damage": 2331,
                            "buildingDamageMultiplier": 0,
                            "hitSound": "SL",
                            "speed": 68,
                            "lifetime": 1,
                            "trailEffect": {
                                "type": "ParticleEffect",
                                "particles": 1,
                                "baseLength": 0.1,
                                "length": 0.1,
                                "lifetime": 80,
                                "line": true,
                                "randLength": false,
                                "sizeInterp": "pow10In",
                                "lenFrom": 9,
                                "lenTo": 9,
                                "strokeFrom": 1,
                                "strokeTo": 0,
                                "colorFrom": "FFFFFF",
                                "colorTo": "FFFFFF",
                                "cone": 0
                            },
                            "hitEffect": {
                                "type": "MultiEffect",
                                "effects": [
                                    {
                                        "type": "WaveEffect",
                                        "strokeFrom": 5,
                                        "strokeTo": 0,
                                        "sizeFrom": 0,
                                        "sizeTo": 10,
                                        "lifetime": 30,
                                        "colorFrom": "FFFFFF",
                                        "colorTo": "FFFFFF"
                                    },
                                    {
                                        "type": "ParticleEffect",
                                        "particles": 1,
                                        "sizeFrom": 5,
                                        "sizeTo": 0,
                                        "length": 0,
                                        "baseLength": 0,
                                        "sizeInterp": "pow10In",
                                        "lifetime": 80,
                                        "colorFrom": "FFFFFF",
                                        "colorTo": "FFFFFF"
                                    }
                                ]
                            },
                            "fragBullets": 2,
                            "fragVelocityMax": 2,
                            "fragVelocityMin": 0.8,
                            "fragLifeMin": 0.8,
                            "fragLifeMax": 1.5,
                            "fragSpread": 360,
                            "fragBullet": {
                                "type": "PointBulletType",
                                "damage": 1679,
                                "buildingDamageMultiplier": 0,
                                "hitSound": "SL",
                                "speed": 30,
                                "lifetime": 1,
                                "trailEffect": {
                                    "type": "ParticleEffect",
                                    "particles": 1,
                                    "baseLength": 0.1,
                                    "length": 0.1,
                                    "lifetime": 80,
                                    "line": true,
                                    "randLength": false,
                                    "sizeInterp": "pow10In",
                                    "lenFrom": 9,
                                    "lenTo": 9,
                                    "strokeFrom": 1,
                                    "strokeTo": 0,
                                    "colorFrom": "FFFFFF",
                                    "colorTo": "FFFFFF",
                                    "cone": 0
                                },
                                "hitEffect": {
                                    "type": "MultiEffect",
                                    "effects": [
                                        {
                                            "type": "WaveEffect",
                                            "strokeFrom": 5,
                                            "strokeTo": 0,
                                            "sizeFrom": 0,
                                            "sizeTo": 20,
                                            "lifetime": 30,
                                            "colorFrom": "FFFFFF",
                                            "colorTo": "FFFFFF"
                                        },
                                        {
                                            "type": "ParticleEffect",
                                            "particles": 1,
                                            "sizeFrom": 5,
                                            "sizeTo": 0,
                                            "length": 0,
                                            "baseLength": 0,
                                            "sizeInterp": "pow10In",
                                            "lifetime": 80,
                                            "colorFrom": "FFFFFF",
                                            "colorTo": "FFFFFF"
                                        }
                                    ]
                                }
                            }
                        }
                    }
                }
            },
            "fragBullets": 1,
            "fragVelocityMax": 1,
            "fragVelocityMin": 1,
            "fragLifeMin": 1,
            "fragLifeMax": 1,
            "fragAngle": 180,
            "fragRandomSpread": 0,
            "fragBullet": {
                "splashDamageRadius": 100,
                "splashDamage": 12811.9,
                "buildingDamageMultiplier": 0,
                "speed": 0,
                "lifetime": 120,
                "pierceArmor": true,
                "absorbable": false,
                "reflectable": false,
                "hittable": false,
                "collides": false,
                "backColor": "00FFFF",
                "frontColor": "FFFFFF",
                "width": 0,
                "height": 0,
                "hitShake": 25,
                "hitSound": "SL",
                "hitSoundVolume": 12,
                "shrinkX": 0,
                "shrinkY": 0,
                "trailEffect": "none",
                "hitEffect": "none",
                "despawnEffect": "none",
                "fragBullets": 1,
                "fragVelocityMax": 1,
                "fragVelocityMin": 1,
                "fragLifeMin": 1,
                "fragLifeMax": 1,
                "fragAngle": 180,
                "fragRandomSpread": 0,
                "fragBullet": {
                    "damage": 9339.7,
                    "buildingDamageMultiplier": 0,
                    "speed": 0,
                    "lifetime": 10,
                    "pierceArmor": true,
                    "absorbable": false,
                    "reflectable": false,
                    "hittable": false,
                    "backColor": "00FFFF",
                    "frontColor": "FFFFFF",
                    "width": 0,
                    "height": 0,
                    "splashDamageRadius": 240,
                    "splashDamage": 4337,
                    "hitShake": 25,
                    "hitSound": "PS",
                    "knockback": 9,
                    "hitSoundVolume": 12,
                    "status": "空间混乱",
                    "statusDuration": 60,
                    "shrinkX": 0,
                    "shrinkY": 0,
                    "trailEffect": "none",
                    "hitEffect": {
                        "type": "MultiEffect",
                        "effects": [
                            {
                                "type": "WaveEffect",
                                "strokeFrom": 15,
                                "strokeTo": 0,
                                "sizeFrom": 0,
                                "sizeTo": 240,
                                "lifetime": 70,
                                "colorFrom": "00FFFF",
                                "colorTo": "00FFFF"
                            },
                            {
                                "type": "ParticleEffect",
                                "particles": 5,
                                "sizeFrom": 10,
                                "sizeTo": 0,
                                "length": 240,
                                "baseLength": 12,
                                "lifetime": 60,
                                "colorFrom": "00FFFF",
                                "colorTo": "FFFFFF"
                            },
                            {
                                "type": "ParticleEffect",
                                "particles": 6,
                                "sizeFrom": 16,
                                "sizeTo": 0,
                                "interp": "pow5Out",
                                "sizeInterp": "pow10In",
                                "region": "黑暗纪元-菱形",
                                "length": 240,
                                "baseLength": 20,
                                "lifetime": 180,
                                "colorFrom": "00FFFF50",
                                "colorTo": "00FFFF50"
                            },
                            {
                                "type": "ParticleEffect",
                                "particles": 5,
                                "line": true,
                                "lenFrom": 35,
                                "lenTo": 0,
                                "length": 240,
                                "strokeFrom": 5,
                                "strokeTo": 0,
                                "baseLength": 20,
                                "lifetime": 55,
                                "colorFrom": "00FFFF",
                                "colorTo": "FFFFFF50"
                            }
                        ]
                    },
                    "intervalBullets": 1,
                    "bulletInterval": 50,
                    "intervalRandomSpread": 0,
                    "intervalBullet": {
                        "damage": 289,
                        "buildingDamageMultiplier": 0,
                        "hitSound": "SL",
                        "absorbable": false,
                        "reflectable": false,
                        "hittable": false,
                        "speed": 0,
                        "lifetime": 0,
                        "width": 0,
                        "height": 0,
                        "trailEffect": "none",
                        "despawnEffect": "none",
                        "fragBullets": 5,
                        "fragLifeMin": 1,
                        "fragLifeMax": 1.1,
                        "fragBullet": {
                            "hitEffect": {
                                "type": "ParticleEffect",
                                "particles": 5,
                                "sizeFrom": 60,
                                "sizeTo": 0,
                                "length": 0,
                                "baseLength": 200,
                                "interp": "swing",
                                "sizeInterp": "pow10In",
                                "lifetime": 80,
                                "region": "黑��纪元-裂痕",
                                "colorFrom": "00FFFF",
                                "colorTo": "00FFFF"
                            },
                            "type": "BasicBulletType",
                            "damage": 18900,
                            "hittable": false,
                            "pierceArmor": true,
                            "ammoMultiplier": 1,
                            "buildingDamageMultiplier": 0,
                            "despawnEffect": "none",
                            "sprite": "circle-bullet",
                            "width": 0,
                            "height": 0,
                            "hitSound": "plasmaboom",
                            "hitSoundVolume": 22,
                            "hitShake": 5,
                            "splashDamageRadius": 10,
                            "splashDamage": 4333,
                            "status": "延迟",
                            "statusDuration": 60,
                            "speed": -1,
                            "lifetime": 10,
                            "shrinkX": 0,
                            "shrinkY": 0
                        }
                    },
                    "fragBullets": 1,
                    "fragVelocityMax": 1,
                    "fragVelocityMin": 1,
                    "fragLifeMin": 1,
                    "fragLifeMax": 1,
                    "fragAngle": 180,
                    "fragRandomSpread": 0,
                    "fragBullet": {
                        "damage": 8760.8,
                        "buildingDamageMultiplier": 0,
                        "speed": 0,
                        "lifetime": 10,
                        "pierceArmor": true,
                        "absorbable": false,
                        "reflectable": false,
                        "hittable": false,
                        "backColor": "00FFFF",
                        "frontColor": "FFFFFF",
                        "width": 0,
                        "height": 0,
                        "splashDamageRadius": 250,
                        "splashDamage": 5349.2,
                        "hitShake": 35,
                        "hitSound": "PS",
                        "knockback": 10,
                        "hitSoundVolume": 28,
                        "status": "空间混乱",
                        "statusDuration": 60,
                        "shrinkX": 0,
                        "shrinkY": 0,
                        "trailEffect": "none",
                        "hitEffect": {
                            "type": "MultiEffect",
                            "effects": [
                                {
                                    "type": "WaveEffect",
                                    "strokeFrom": 15,
                                    "strokeTo": 0,
                                    "sizeFrom": 0,
                                    "sizeTo": 250,
                                    "lifetime": 70,
                                    "colorFrom": "00FFFF",
                                    "colorTo": "00FFFF"
                                },
                                {
                                    "type": "ParticleEffect",
                                    "particles": 5,
                                    "sizeFrom": 15,
                                    "sizeTo": 0,
                                    "length": 250,
                                    "baseLength": 12,
                                    "lifetime": 80,
                                    "colorFrom": "00FFFF",
                                    "colorTo": "FFFFFF"
                                },
                                {
                                    "type": "ParticleEffect",
                                    "particles": 6,
                                    "sizeFrom": 15,
                                    "sizeTo": 0,
                                    "interp": "pow5Out",
                                    "sizeInterp": "pow10In",
                                    "region": "黑暗纪元-菱形",
                                    "spin": 1,
                                    "length": 250,
                                    "baseLength": 20,
                                    "lifetime": 170,
                                    "colorFrom": "00FFFF50",
                                    "colorTo": "00FFFF50"
                                },
                                {
                                    "type": "ParticleEffect",
                                    "particles": 5,
                                    "line": true,
                                    "lenFrom": 45,
                                    "lenTo": 0,
                                    "length": 250,
                                    "strokeFrom": 5,
                                    "strokeTo": 0,
                                    "baseLength": 20,
                                    "lifetime": 65,
                                    "colorFrom": "00FFFF",
                                    "colorTo": "FFFFFF50"
                                }
                            ]
                        },
                        "intervalBullets": 1,
                        "bulletInterval": 50,
                        "intervalRandomSpread": 0,
                        "intervalBullet": {
                            "damage": 510,
                            "buildingDamageMultiplier": 0,
                            "hitSound": "SL",
                            "absorbable": false,
                            "reflectable": false,
                            "hittable": false,
                            "speed": 0,
                            "lifetime": 0,
                            "width": 0,
                            "height": 0,
                            "trailEffect": "none",
                            "despawnEffect": "none",
                            "fragBullets": 4,
                            "fragLifeMin": 1,
                            "fragLifeMax": 1.1,
                            "fragBullet": {
                                "hitEffect": {
                                    "type": "ParticleEffect",
                                    "particles": 1,
                                    "sizeFrom": 80,
                                    "sizeTo": 0,
                                    "length": 10,
                                    "baseLength": 200,
                                    "interp": "swing",
                                    "sizeInterp": "pow10In",
                                    "lifetime": 80,
                                    "region": "黑暗纪元-裂痕",
                                    "colorFrom": "00FFFF",
                                    "colorTo": "00FFFF"
                                },
                                "type": "BasicBulletType",
                                "damage": 21898.1,
                                "hittable": false,
                                "pierceArmor": true,
                                "ammoMultiplier": 1,
                                "buildingDamageMultiplier": 0,
                                "despawnEffect": "none",
                                "sprite": "circle-bullet",
                                "width": 0,
                                "height": 0,
                                "hitSound": "plasmaboom",
                                "hitSoundVolume": 22,
                                "hitShake": 5,
                                "splashDamageRadius": 10,
                                "splashDamage": 5591,
                                "status": "延迟",
                                "statusDuration": 60,
                                "speed": -1,
                                "lifetime": 10,
                                "shrinkX": 0,
                                "shrinkY": 0
                            }
                        },
                        "fragBullets": 1,
                        "fragVelocityMax": 1,
                        "fragVelocityMin": 1,
                        "fragLifeMin": 1,
                        "fragLifeMax": 1,
                        "fragAngle": 180,
                        "fragRandomSpread": 0,
                        "fragBullet": {
                            "damage": 10667,
                            "buildingDamageMultiplier": 0,
                            "speed": 0,
                            "lifetime": 10,
                            "pierceArmor": true,
                            "absorbable": false,
                            "reflectable": false,
                            "hittable": false,
                            "backColor": "00FFFF",
                            "frontColor": "FFFFFF",
                            "width": 0,
                            "height": 0,
                            "splashDamageRadius": 260,
                            "splashDamage": 7721.6,
                            "hitShake": 45,
                            "hitSound": "PS",
                            "knockback": 11,
                            "hitSoundVolume": 39,
                            "status": "空间混乱",
                            "statusDuration": 60,
                            "shrinkX": 0,
                            "shrinkY": 0,
                            "trailEffect": "none",
                            "hitEffect": {
                                "type": "MultiEffect",
                                "effects": [
                                    {
                                        "type": "WaveEffect",
                                        "strokeFrom": 15,
                                        "strokeTo": 0,
                                        "sizeFrom": 0,
                                        "sizeTo": 260,
                                        "lifetime": 70,
                                        "colorFrom": "00FFFF",
                                        "colorTo": "00FFFF"
                                    },
                                    {
                                        "type": "ParticleEffect",
                                        "particles": 5,
                                        "sizeFrom": 20,
                                        "sizeTo": 0,
                                        "length": 260,
                                        "baseLength": 12,
                                        "lifetime": 80,
                                        "colorFrom": "00FFFF",
                                        "colorTo": "FFFFFF"
                                    },
                                    {
                                        "type": "ParticleEffect",
                                        "particles": 6,
                                        "sizeFrom": 20,
                                        "sizeTo": 0,
                                        "interp": "pow5Out",
                                        "sizeInterp": "pow10In",
                                        "region": "黑暗纪元-菱形",
                                        "spin": -1,
                                        "length": 260,
                                        "baseLength": 20,
                                        "lifetime": 180,
                                        "colorFrom": "00FFFF50",
                                        "colorTo": "00FFFF50"
                                    },
                                    {
                                        "type": "ParticleEffect",
                                        "particles": 5,
                                        "line": true,
                                        "lenFrom": 65,
                                        "lenTo": 0,
                                        "length": 260,
                                        "strokeFrom": 5,
                                        "strokeTo": 0,
                                        "baseLength": 20,
                                        "lifetime": 75,
                                        "colorFrom": "00FFFF",
                                        "colorTo": "FFFFFF50"
                                    }
                                ]
                            },
                            "intervalBullets": 1,
                            "bulletInterval": 50,
                            "intervalRandomSpread": 0,
                            "intervalBullet": {
                                "damage": 1198,
                                "buildingDamageMultiplier": 0,
                                "hitSound": "SL",
                                "absorbable": false,
                                "reflectable": false,
                                "hittable": false,
                                "speed": 0,
                                "lifetime": 0,
                                "width": 0,
                                "height": 0,
                                "trailEffect": "none",
                                "despawnEffect": "none",
                                "fragBullets": 3,
                                "fragLifeMin": 1,
                                "fragLifeMax": 1.1,
                                "fragBullet": {
                                    "hitEffect": {
                                        "type": "ParticleEffect",
                                        "particles": 1,
                                        "sizeFrom": 100,
                                        "sizeTo": 0,
                                        "length": 10,
                                        "baseLength": 200,
                                        "interp": "swing",
                                        "sizeInterp": "pow10In",
                                        "lifetime": 80,
                                        "region": "黑暗纪元-裂痕",
                                        "colorFrom": "00FFFF",
                                        "colorTo": "00FFFF"
                                    },
                                    "type": "BasicBulletType",
                                    "damage": 26617.9,
                                    "hittable": false,
                                    "pierceArmor": true,
                                    "ammoMultiplier": 1,
                                    "buildingDamageMultiplier": 0,
                                    "despawnEffect": "none",
                                    "sprite": "circle-bullet",
                                    "width": 0,
                                    "height": 0,
                                    "hitSound": "plasmaboom",
                                    "hitSoundVolume": 24,
                                    "hitShake": 5,
                                    "splashDamageRadius": 10,
                                    "splashDamage": 6739,
                                    "status": "延迟",
                                    "statusDuration": 60,
                                    "speed": -1,
                                    "lifetime": 10,
                                    "shrinkX": 0,
                                    "shrinkY": 0
                                }
                            }
                        }
                    }
                }
            }
        }
    }
}