{
  "name": "弥漫",
  "type": "legs",
  "drag": 0.9,
  "speed": 0.64,
  "hitSize": 23,
  "health": 1560,
  "armor": 15,
  "rotateSpeed": 1.6,
  "lockLegBase": true,
  "legContinuousMove": true,
  "legStraightness": 1.3,
  "baseLegStraightness": 0.9,
  "legMaxLength": 1.5,
  "legMinLength": 1.3,
  "legCount": 8,
  "legLength": 34,
  "legForwardScl": 0.5,
  "legMoveSpace": 1.34,
  "rippleScale": 2.34,
  "stepShake": 1,
  "legGroupSize": 8,
  "legExtension": 1.7,
  "legBaseOffset": 1,
  "legStraightLength": 9,
  "ammoType": "pyratite",
  "legSplashDamage": 67,
  "legSplashRange": 28,
  "drownTimeMultiplier": 2,
  "hovering": true,
  "shadowElevation": 0.6,
  "targetAir": false,
  "alwaysShootWhenMoving": true,
  "abilities": [
    {
      "type": "ForceFieldAbility",
      "sides": 3,
      "radius": 90,
      "regen": 10,
      "max": 230,
      "cooldown": 1200
    },
    {
      "type": "ForceFieldAbility",
      "sides": 3,
      "rotation": 180,
      "radius": 90,
      "regen": 10,
      "max": 230,
      "cooldown": 1290
    }
  ],
  "research": "游离",
  "requirements": {
    "block": "multiplicative-reconstructor",
    "previous": "游离"
  },
  "weapons": [
    {
      "name": "弥漫1",
      "x": 0,
      "y": 0,
      "mirror": false,
      "reload": 60,
      "shootSound": "flame2",
      "rotate": true,
      "inaccuracy": 0,
      "recoil": 1.6,
      "shoot": {
        "shots": 5,
        "shotDelay": 2,
        "type": "ShootBarrel",
        "barrels": [
          3.3,
          1,
          0,
          -3.3,
          1,
          0
        ]
      },
      "bullet": {
        "type": "BulletType",
        "damage": 40,
        "hitSize": 15,
        "pierceBuilding": true,
        "hittable": false,
        "absorbable": false,
        "pierce": true,
        "status": "burning",
        "statusDuration": 360,
        "speed": 18,
        "lifetime": 20,
        "despawnEffect": "none",
        "shootEffect": {
          "type": "MultiEffect",
          "effects": [
            {
              "type": "ParticleEffect",
              "particles": 13,
              "lifetime": 40,
              "sizeFrom": 1.88,
              "sizeTo": 0,
              "interp": "pow5Out",
              "sizeInterp": "pow10In",
              "length": 360,
              "baseLength": 0,
              "colorFrom": "f68021",
              "colorTo": "f68021A8",
              "cone": 7
            },
            {
              "type": "ParticleEffect",
              "particles": 13,
              "lifetime": 45,
              "sizeFrom": 2.88,
              "sizeTo": 0,
              "interp": "pow5Out",
              "sizeInterp": "pow10In",
              "length": 360,
              "baseLength": 0,
              "colorFrom": "f68021",
              "colorTo": "f68021A8",
              "cone": 7
            }
          ]
        },
        "smokeEffect": {
          "type": "ParticleEffect",
          "particles": 13,
          "line": true,
          "strokeFrom": 1.8,
          "strokeTo": 0,
          "lenFrom": 20,
          "lenTo": 8,
          "length": 90,
          "baseLength": 0,
          "lifetime": 12,
          "colorFrom": "FFFFFF",
          "colorTo": "FFE176",
          "cone": 7
        },
        "hitEffect": {
          "type": "MultiEffect",
          "effects": [
            {
              "type": "ParticleEffect",
              "particles": 6,
              "line": true,
              "strokeFrom": 4.3,
              "strokeTo": 0,
              "lenFrom": 8,
              "lenTo": 8,
              "length": 24,
              "baseLength": 0,
              "lifetime": 15,
              "colorFrom": "f8ad42",
              "colorTo": "FFE176",
              "cone": 23
            },
            {
              "type": "ParticleEffect",
              "particles": 8,
              "lifetime": 15,
              "sizeFrom": 6,
              "sizeTo": 0,
              "colorFrom": "FF8C00",
              "colorTo": "FF8C00"
            }
          ]
        }
      }
    },
    {
      "shootX": 0,
      "shootY": 8,
      "x": 0,
      "y": 0,
      "mirror": false,
      "reload": 30,
      "shootSound": "artillery",
      "rotate": false,
      "inaccuracy": 0,
      "bullet": {
        "type": "BasicBulletType",
        "damage": 56,
        "speed": 14,
        "lifetime": 25.7,
        "sprite": "circle-bullet",
        "width": 4,
        "height": 4,
        "splashDamageRadius": 16,
        "splashDamage": 12,
        "hitSound": "explosion",
        "shrinkX": 0,
        "shrinkY": 0,
        "knockback": 12,
        "makeFire": true,
        "incendChance": 12,
        "incendSpread": 6,
        "incendAmount": 7,
        "backColor": "EB9494",
        "frontColor": "DE5D70",
        "hitEffect": {
          "type": "MultiEffect",
          "effects": [
            {
              "type": "WaveEffect",
              "particles": 1,
              "strokeFrom": 2,
              "strokeTo": 1,
              "sizeFrom": 0,
              "sizeTo": 5,
              "length": 0,
              "baseLength": 0,
              "lifetime": 10,
              "colorFrom": "FFFFFF",
              "colorTo": "FFFFFF40"
            },
            {
              "type": "ParticleEffect",
              "particles": 4,
              "sizeFrom": 3,
              "sizeTo": 0,
              "length": 16,
              "baseLength": 0,
              "lifetime": 30,
              "colorFrom": "FFFFFF",
              "colorTo": "EB949450"
            }
          ]
        },
        "fragBullets": 32,
        "fragLifeMin": 1,
        "fragLifeMax": 1,
        "fragRandomSpread": 20,
        "fragBullet": {
          "type": "LiquidBulletType",
          "liquid": "oil",
          "lifetime": 25,
          "speed": 8,
          "puddleSize": 6,
          "orbSize": 2,
          "knockback": 2.3,
          "statusDuration": 600,
          "status": "tarred",
          "damage": 6.9
        }
      }
    }
  ]
}