{
  "name": "游离",
  "type": "legs",
  "drag": 0.9,
  "speed": 0.64,
  "hitSize": 13,
  "health": 830,
  "armor": 15,
  "rotateSpeed": 1.8,
  "lockLegBase": true,
  "legContinuousMove": true,
  "legStraightness": 1.4,
  "baseLegStraightness": 1.3,
  "legCount": 6,
  "legLength": 24,
  "legForwardScl": 1,
  "legMoveSpace": 1.34,
  "rippleScale": 1.5,
  "stepShake": 0.5,
  "legGroupSize": 9,
  "legExtension": 1.5,
  "legBaseOffset": 1,
  "legStraightLength": 9,
  "ammoType": "钴",
  "legSplashDamage": 35,
  "legSplashRange": 24,
  "drownTimeMultiplier": 2,
  "hovering": true,
  "shadowElevation": 0.5,
  "targetAir": false,
  "alwaysShootWhenMoving": true,
  "research": "种子",
  "requirements": {
    "block": "additive-reconstructor",
    "previous": "种子"
  },
  "weapons": [
    {
      "name": "游离1",
      "x": -6,
      "y": -3,
      "shootX": -1.2,
      "shootY": -0.3,
      "mirror": false,
      "reload": 50,
      "shootSound": "artillery",
      "rotate": true,
      "inaccuracy": 0,
      "recoil": 1,
      "shoot": {
        "firstShotDelay": 30
      },
      "bullet": {
        "type": "BasicBulletType",
        "damage": 24,
        "speed": 4,
        "lifetime": 60,
        "sprite": "circle-bullet",
        "width": 4,
        "height": 4,
        "splashDamageRadius": 12,
        "splashDamage": 9.8,
        "hitSound": "explosion",
        "shrinkX": 0,
        "shrinkY": 0,
        "knockback": 4,
        "makeFire": true,
        "incendChance": 7,
        "incendSpread": 4,
        "incendAmount": 5,
        "backColor": "EB9494",
        "frontColor": "DE5D70",
        "hitEffect": {
          "type": "MultiEffect",
          "effects": [
            {
              "type": "WaveEffect",
              "particles": 1,
              "strokeFrom": 2,
              "strokeTo": 1,
              "sizeFrom": 0,
              "sizeTo": 5,
              "length": 0,
              "baseLength": 0,
              "lifetime": 10,
              "colorFrom": "FFFFFF",
              "colorTo": "FFFFFF40"
            },
            {
              "type": "ParticleEffect",
              "particles": 4,
              "sizeFrom": 3,
              "sizeTo": 0,
              "length": 10,
              "baseLength": 0,
              "lifetime": 30,
              "colorFrom": "FFFFFF",
              "colorTo": "EB949450"
            }
          ]
        },
        "fragBullets": 16,
        "fragLifeMin": 1,
        "fragLifeMax": 1,
        "fragRandomSpread": 20,
        "fragBullet": {
          "type": "LiquidBulletType",
          "liquid": "oil",
          "lifetime": 25,
          "speed": 4,
          "puddleSize": 4,
          "orbSize": 2,
          "knockback": 1.7,
          "statusDuration": 600,
          "status": "tarred",
          "damage": 4.5
        }
      }
    },
    {
      "name": "游离2",
      "x": 6,
      "y": -3,
      "shootX": 1.3,
      "shootY": -0.3,
      "mirror": false,
      "reload": 50,
      "shootSound": "artillery",
      "rotate": true,
      "inaccuracy": 0,
      "recoil": 1,
      "bullet": {
        "type": "BasicBulletType",
        "damage": 24,
        "speed": 4,
        "lifetime": 60,
        "sprite": "circle-bullet",
        "width": 4,
        "height": 4,
        "splashDamageRadius": 12,
        "splashDamage": 9.8,
        "hitSound": "explosion",
        "shrinkX": 0,
        "shrinkY": 0,
        "knockback": 4,
        "makeFire": true,
        "incendChance": 7,
        "incendSpread": 4,
        "incendAmount": 5,
        "backColor": "EB9494",
        "frontColor": "DE5D70",
        "hitEffect": {
          "type": "MultiEffect",
          "effects": [
            {
              "type": "WaveEffect",
              "particles": 1,
              "strokeFrom": 2,
              "strokeTo": 1,
              "sizeFrom": 0,
              "sizeTo": 5,
              "length": 0,
              "baseLength": 0,
              "lifetime": 10,
              "colorFrom": "FFFFFF",
              "colorTo": "FFFFFF40"
            },
            {
              "type": "ParticleEffect",
              "particles": 4,
              "sizeFrom": 3,
              "sizeTo": 0,
              "length": 10,
              "baseLength": 0,
              "lifetime": 30,
              "colorFrom": "FFFFFF",
              "colorTo": "EB949450"
            }
          ]
        },
        "fragBullets": 16,
        "fragLifeMin": 1,
        "fragLifeMax": 1,
        "fragRandomSpread": 20,
        "fragBullet": {
          "type": "LiquidBulletType",
          "liquid": "oil",
          "lifetime": 25,
          "speed": 4,
          "puddleSize": 4,
          "orbSize": 2,
          "knockback": 1.7,
          "statusDuration": 600,
          "status": "tarred",
          "damage": 4.5
        }
      }
    }
  ]
}