{
  "name": "种子",
  "type": "legs",
  "drag": 0.1,
  "speed": 0.56,
  "hitSize": 7,
  "health": 230,
  "armor": 2,
  "rotateSpeed": 2,
  "lockLegBase": true,
  "legContinuousMove": true,
  "legStraightness": 0.6,
  "baseLegStraightness": 0.5,
  "legCount": 6,
  "legLength": 13,
  "legForwardScl": 2.1,
  "legMoveSpace": 1.09,
  "rippleScale": 1,
  "stepShake": 0,
  "legGroupSize": 9,
  "legExtension": 1,
  "legBaseOffset": 0.5,
  "legStraightLength": 9,
  "ammoType": "钴",
  "legSplashDamage": 28,
  "legSplashRange": 16,
  "drownTimeMultiplier": 2,
  "hovering": true,
  "shadowElevation": 0.4,
  "targetAir": false,
  "alwaysShootWhenMoving": true,
  "research": "crawler",
  "weapons": [
    {
      "name": "种子1",
      "x": 0,
      "y": 0,
      "mirror": false,
      "reload": 60,
      "shootSound": "bolt",
      "rotate": true,
      "inaccuracy": 0,
      "recoil": 1,
      "bullet": {
        "type": "BasicBulletType",
        "damage": 24,
        "speed": 4,
        "lifetime": 60,
        "sprite": "circle-bullet",
        "width": 7,
        "height": 7,
        "splashDamageRadius": 9.8,
        "hitSound": "boom",
        "shrinkX": 0,
        "shrinkY": 0,
        "knockback": 4,
        "backColor": "EB9494",
        "frontColor": "DE5D70",
        "fragBullets": 6,
        "fragLifeMin": 1,
        "fragLifeMax": 2,
        "fragSpread": 137.5,
        "fragBullet": {
          "damage": 9.5,
          "speed": 4,
          "lifetime": 10,
          "sprite": "circle-bullet",
          "width": 5,
          "height": 5,
          "splashDamageRadius": 9.8,
          "hitSound": "boom",
          "shrinkX": 0,
          "shrinkY": 0,
          "knockback": 1.8,
          "backColor": "EB9494",
          "frontColor": "DE5D70",
          "hitEffect": {
            "type": "MultiEffect",
            "effects": [
              {
                "type": "WaveEffect",
                "particles": 1,
                "strokeFrom": 2,
                "strokeTo": 1,
                "sizeFrom": 0,
                "sizeTo": 5,
                "length": 0,
                "baseLength": 0,
                "lifetime": 10,
                "colorFrom": "FFFFFF",
                "colorTo": "FFFFFF40"
              },
              {
                "type": "ParticleEffect",
                "particles": 4,
                "sizeFrom": 3,
                "sizeTo": 0,
                "region": "黑暗纪元-120正",
                "spin": -1.5,
                "length": 10,
                "baseLength": 0,
                "lifetime": 30,
                "colorFrom": "FFFFFF",
                "colorTo": "EB949450"
              },
              {
                "type": "ParticleEffect",
                "particles": 2,
                "sizeFrom": 3,
                "sizeTo": 0,
                "region": "黑暗纪元-60斜",
                "spin": 2,
                "length": 10,
                "baseLength": 0,
                "lifetime": 30,
                "colorFrom": "FFFFFF",
                "colorTo": "EB949450"
              }
            ]
          }
        }
      }
    }
  ]
}