{
"name":"金乌",
"type":"legs",
"drag":0.9,
"speed":0.74,
"hitSize":84,
"health":476550,
"armor":188,
"rotateSpeed":1.15,
"lockLegBase": true,//基座腿锁定
"legContinuousMove": true,//持续移动
"legStraightness":1.5,//腿之间的偏离
"baseLegStraightness":0.5,//腿与主体的距离
"legMaxLength": 2,
"legMinLength":1.8
"legCount":8,//腿部数量
"legLength":60,//腿总长
"legForwardScl": 1,//移动时腿部前伸的距离
"legMoveSpace": 1.1,//移动时腿的跨度
"rippleScale":6,//腿踩在水里的波纹大小
"stepShake":4,//腿落造成的振动
"legGroupSize":2,//移动时腿部动作延迟
"legExtension":3,//基座腿与主体的距离，数值越高越近
"legBaseOffset":3//腿离主体的距离
"legStraightLength":3,//整体腿部离主体的距离，数值越高越远
"ammoType": "洛德合金",
"legSplashDamage":1124,//腿的践踏伤害
"legSplashRange": 48,//践踏范围
"drownTimeMultiplier": 4,//被淹死的时长倍率？
"hovering": true,//跨越建筑
"shadowElevation":0.95,//影子偏移
"targetAir":false,
"alwaysShootWhenMoving": true//移动射击
/*
            lockLegBase = true;
            legContinuousMove = true;
            legStraightness = 0.6f;
            baseLegStraightness = 0.5f;

            legCount = 8;
            legLength = 30f;
            legForwardScl = 2.1f;
            legMoveSpace = 1.05f;
            rippleScale = 1.2f;
            stepShake = 0.5f;
            legGroupSize = 2;
            legExtension = -6f;
            legBaseOffset = 19f;
            legStraightLength = 0.9f;
            legMaxLength = 1.2f;
*/            
	"abilities": [
	{
	"type": "RepairFieldAbility",
	"amount": 3600,
	"reload": 60,
	"range": 370,
	"healEffect": "none",
	"activeEffect": {
	"type": "WaveEffect",
	"particles": 1,
	"strokeFrom": 5,
	"strokeTo": 0,
	"sizeFrom": 0,
	"sizeTo": 370,
	"length": 0,
	"baseLength": 0,
	"lifetime": 60,
	"colorFrom": "DE5D70",
	"colorTo": "EB9494"
	},
}
]
"immunities": [
	"blasted","burning","freezing","melting","disarmed","sapped",
	"破防","疑惑","污染","空间混乱","瘫痪","延迟","虚弱","磁干扰"
],
	"research": {
	"parent": "耀斑",
	/*"objectives": [
	{
	"type": "SectorComplete",
	"preset": "阿特拉斯火山"
	}
	]*/
	},
	"requirements": {
	"block": "瀚量级单位进阶工厂",
	"previous": "耀斑"
	},
	"weapons": [
	{
	"name": "金乌1",
	"top":true,
	"x": 32,
	"y": 32,
	"type": "PointDefenseWeapon",
	"shootX":0
	"shootY":0
	"recoil": 0,
	"rotateSpeed": 2,
	"mirror": true,
	"reload": 2,
	"targetInterval": 2,
	"targetSwitchInterval": 2,
	"shootStatusDuration": 60,
	"shootStatus": "修复",
	"shoot": {
	"shots": 2
	},
	"bullet": {
	"speed": 450,
	"lifetime": 1,
	"shootEffect": "none",
	"maxRange": 450,
	"damage": 480
	}
},
{
	"name": "金乌1",
	"top":true,
	"x": 40,
	"y": -33,
	"type": "PointDefenseWeapon",
	"shootX":0
	"shootY":0
	"recoil": 0,
	"rotateSpeed": 2,
	"mirror": true,
	"reload": 2,
	"targetInterval": 2,
	"targetSwitchInterval": 2,
	"shootStatusDuration": 60,
	"shootStatus": "凝铠",
	"shoot": {
	"shots": 2
	},
	"bullet": {
	"speed": 450,
	"lifetime": 1,
	"shootEffect": "none",
	"maxRange": 450,
	"damage": 480
	}
},
{
"name":"金乌2"
	"x":0
	"y":0
	"shootY":9
	"recoil": 0,
	"mirror": false,
	"reload": 1200,
	"shootSound": "laserblast",
	"chargeSound": "lasercharge",
	"shootStatusDuration": 150,
	"shootStatus": "磁化",
	"rotate": true,
	"inaccuracy": 0,
	"shoot": {
	"firstShotDelay": 120,
	}
	"bullet": {
	"damage": 4456,
	"speed":8
	"lifetime":120
	"drag":0.008
	"width":18,
	"height":18,
	"absorbable":false,
	"reflectable":false,
	"collidesTiles": false,
	"splashDamagePierce": true,
	"pierceArmor":true
	"buildingDamageMultiplier": 1.33,
	"splashDamageRadius": 680,
	"splashDamage": 110,
	"buildingDamageMultiplier": 1.5,
	"chargeEffect": {
	"type": "MultiEffect",
	"effects": [
	{
	"type": "WaveEffect",
	"particles": 1,
	"strokeFrom": 8,
	"strokeTo": 5,
	"sizeFrom": 120,
	"sizeTo": 0,
	"length": 0,
	"baseLength": 0,
	"lifetime": 60,
	"colorFrom": "EB949400",
	"colorTo": "EB9494"
	"startDelay":0
	},
	{
	"type": "ParticleEffect",
	"particles": 1,
	"sizeFrom": 12
	"sizeTo": 0,
	"length": 0,
	"baseLength": 0,
	"region":"黑暗纪元-新星",
	"interp": "swing",
	"lifetime": 60,
	"colorFrom": "EB9494",
	"colorTo": "EB9494",
	"startDelay":60
	},
	{
	"type": "WaveEffect",
	"particles": 1,
	"strokeFrom": 8,
	"strokeTo": 5,
	"sizeFrom": 120,
	"sizeTo": 0,
	"length": 0,
	"baseLength": 0,
	"lifetime": 60,
	"colorFrom": "EB949400",
	"colorTo": "EB9494"
	"startDelay":20
	},
	{
	"type": "ParticleEffect",
	"particles": 1,
	"sizeFrom": 12
	"sizeTo": 0,
	"length": 0,
	"baseLength": 0,
	"region":"黑暗纪元-新星",
	"interp": "swing",
	"lifetime": 60,
	"colorFrom": "EB9494",
	"colorTo": "EB9494",
	"startDelay":80
	},
	{
	"type": "WaveEffect",
	"particles": 1,
	"strokeFrom": 8,
	"strokeTo": 5,
	"sizeFrom": 120,
	"sizeTo": 0,
	"length": 0,
	"baseLength": 0,
	"lifetime": 60,
	"colorFrom": "EB949400",
	"colorTo": "EB9494"
	"startDelay":40
	},
	{
	"type": "ParticleEffect",
	"particles": 1,
	"sizeFrom": 12
	"sizeTo": 0,
	"length": 0,
	"baseLength": 0,
	"region":"黑暗纪元-新星",
	"interp": "swing",
	"lifetime": 60,
	"colorFrom": "EB9494",
	"colorTo": "EB9494",
	"startDelay":100
	}
]
},
"shootEffect":{
	"type": "MultiEffect",
	"effects": [
	{
	"type": "WaveEffect",
	"particles": 1,
	"strokeFrom": 8,
	"strokeTo": 16,
	"sizeFrom": 0,
	"sizeTo": 240,
	"length": 0,
	"baseLength": 0,
	"lifetime": 90,
	"colorFrom": "DE5D70",
	"colorTo": "EB949400"
	"startDelay":0
	},
	{
	"type": "ParticleEffect",
	"particles": 50,
	"line":true
	"randLength": false,
	"lenFrom": 145,
	"lenTo": 100
	"length": 240,
	"strokeFrom": 1,
	"strokeTo": 0,
	"baseLength": 40,
	"lifetime": 100,
	"colorFrom": "DE5D7050",
	"colorTo": "DE5D7050"
	}
]
}
	"sprite":"circle-bullet"
	"knockback":18
	"hitShake":0
	"trailLength": 24,
	"trailWidth": 9,
	"trailColor": "DE5D70",
	"backColor":"EB9494",
	"frontColor":"EB9494",
	"shrinkX":0
	"shrinkY":0
	"status": "磁干扰",
	"statusDuration": 6000
	"hitEffect":{
	"type": "WaveEffect",
	"particles": 1,
	"strokeFrom": 15,
	"strokeTo": 0,
	"sizeFrom": 0,
	"sizeTo": 680,
	"length": 0,
	"baseLength": 0,
	"lifetime": 60,
	"colorFrom": "EB9494",
	"colorTo": "EB9494"
	},
	"parts": [
	{
	"type": "ShapePart",
	"progress": "warmup",
	"y": 0,
	"color": "EB9494",
	"stroke": 0,
	"strokeTo": 2,
	"circle": true,
	"hollow": true,
	"radius": 680,
	"radiusTo": 680,
	"layer": 120
	},
	{
	"type": "HaloPart",
	"progress": "warmup",
	"y": 0,
	"color": "EB9494",
	"rotateSpeed": 0,
	"shapeRotation": 0,
	"shapes":2,
	"tri": true,
	"hollow": true,
	"radius": 8,//底长
	"radiusTo": 8,
	"layer": 110,
	"triLength": 24,//高
	"triLengthTo": 24,
	"haloRadius": 30,
	"haloRadiusTo": 30,
	"haloRotateSpeed": -1.2
	},
	{
	"type": "HaloPart",
	"progress": "warmup",
	"y": 0,
	"color": "EB9494",
	"rotateSpeed": 0,
	"shapeRotation": 180,
	"shapes":2,
	"tri": true,
	"hollow": true,
	"radius": 8,//底长
	"radiusTo": 8,
	"layer": 110,
	"triLength": 4,//高
	"triLengthTo": 4,
	"haloRadius": 30,
	"haloRadiusTo": 30,
	"haloRotateSpeed": -1.2
	}
	{
	"type": "HaloPart",
	"progress": "warmup",
	"y": 0,
	"color": "EB9494",
	"rotateSpeed": 0,
	"shapeRotation": 0,
	"shapes":2,
	"tri": true,
	"hollow": true,
	"radius": 8,//底长
	"radiusTo": 8,
	"layer": 110,
	"triLength": 38,//高
	"triLengthTo": 38,
	"haloRadius": 40,
	"haloRadiusTo": 40,
	"haloRotateSpeed": 1.2
	},
	{
	"type": "HaloPart",
	"progress": "warmup",
	"y": 0,
	"color": "EB9494",
	"rotateSpeed": 0,
	"shapeRotation": 180,
	"shapes":2,
	"tri": true,
	"hollow": true,
	"radius": 8,//底长
	"radiusTo": 8,
	"layer": 110,
	"triLength": 6,//高
	"triLengthTo": 6,
	"haloRadius": 40,
	"haloRadiusTo": 40,
	"haloRotateSpeed": 1.2
	}
]
	"hitSound":"lasercharge2"
	"bulletInterval":5
	"intervalBullets":2
	"intervalSpread":137.5006
	"intervalBullet":{
	"type": "EmpBulletType",
	"damage": 213,
	"splashDamage": 145,
	"splashDamageRadius": 30,
	"timeIncrease": 1,
	"powerDamageScl": 10,
	"powerSclDecrease": 0.1,
	"suppressionRange": 680,
	"suppressionDuration": 1800,
	"unitDamageScl": 1.5,
	"sprite":"黑暗纪元-新星"
	"backColor":"EB9494",
	"frontColor":"EB9494",
	"absorbable":false,
	"reflectable":false,
	"speed": 5,
	"lifetime": 5,
	"hitSound": "plasmaboom",
	"knockback":8
	"hitShake":6
	"despawnEffect": {
	"type": "WrapEffect",
	"effect": "dynamicSpikes",
	"color": "EB9494",
	"rotation": 86
	}
	"width": 0,
	"height": 0,
	"hitEffect":"none"
	"status": "磁干扰",
	"statusDuration": 70
	"incendAmount": 118,
	"incendSpread": 30,
	"incendChance": 24,
},
"fragBullets":1,
"fragVelocityMin":1,
"fragAngle": 0,
"fragRandomSpread":0,
"fragBullet":{
	"damage": 4456,
	"speed":3
	"lifetime":60
	"width":18,
	"height":18,
	"collidesAir":false,
	"collidesGround":false,
	"absorbable":false,
	"reflectable":false,
	"hittable":false,
	"collides": false,
	"hitBuildings": false,
	"hitUnits": false
	"collidesTiles": false,
	"collideTerrain":false
	"pierceArmor":true
	"buildingDamageMultiplier": 1.3,
	"splashDamageRadius": 680,
	"splashDamage": 5213,
	"sprite":"circle-bullet"
	"knockback":0
	"hitShake":56
	"trailLength": 24,
	"trailWidth": 9,
	"trailColor": "DE5D70",
	"backColor":"EB9494",
	"frontColor":"EB9494",
	"shrinkX":0
	"shrinkY":0
	"status": "磁干扰",
	"statusDuration": 6000
	"hitEffect":"none"
	"parts": [
	{
	"type": "ShapePart",
	"progress": "warmup",
	"y": 0,
	"color": "EB9494",
	"colorTo": "EB949400",
	"stroke": 2,
	"strokeTo": 12,
	"circle": true,
	"hollow": true,
	"radius": 680,
	"radiusTo": 0,
	"layer": 120
	},
	{
	"type": "HaloPart",
	"progress": "warmup",
	"y": 0,
	"color": "EB9494",
	"rotateSpeed": 0,
	"shapeRotation": 0,
	"shapes":2,
	"tri": true,
	"hollow": true,
	"radius": 8,//底长
	"radiusTo": 0,
	"layer": 110,
	"triLength": 24,//高
	"triLengthTo": 24,
	"haloRadius": 30,
	"haloRadiusTo": 0,
	"haloRotateSpeed": -1.2
	},
	{
	"type": "HaloPart",
	"progress": "warmup",
	"y": 0,
	"color": "EB9494",
	"rotateSpeed": 0,
	"shapeRotation": 180,
	"shapes":2,
	"tri": true,
	"hollow": true,
	"radius": 8,//底长
	"radiusTo": 0,
	"layer": 110,
	"triLength": 4,//高
	"triLengthTo": 4,
	"haloRadius": 30,
	"haloRadiusTo": 0,
	"haloRotateSpeed": -1.2
	}
	{
	"type": "HaloPart",
	"progress": "warmup",
	"y": 0,
	"color": "EB9494",
	"rotateSpeed": 0,
	"shapeRotation": 0,
	"shapes":2,
	"tri": true,
	"hollow": true,
	"radius": 8,//底长
	"radiusTo": 0,
	"layer": 110,
	"triLength": 38,//高
	"triLengthTo": 38,
	"haloRadius": 40,
	"haloRadiusTo": 0,
	"haloRotateSpeed": 1.2
	},
	{
	"type": "HaloPart",
	"progress": "warmup",
	"y": 0,
	"color": "EB9494",
	"rotateSpeed": 0,
	"shapeRotation": 180,
	"shapes":2,
	"tri": true,
	"hollow": true,
	"radius": 8,//底长
	"radiusTo": 0,
	"layer": 110,
	"triLength": 6,//高
	"triLengthTo": 6,
	"haloRadius": 40,
	"haloRadiusTo": 0,
	"haloRotateSpeed": 1.2
	}
]
"fragBullets":1,
"fragVelocityMin":1,
"fragAngle": 0,
"fragRandomSpread":0,
"fragBullet":{
"damage": 4889,
"splashDamageRadius": 680,
	"splashDamage": 2110,
	"incendAmount": 8000,
	"incendSpread": 980,
	"incendChance": 100,
	"lifetime":0
	"pierce":true
	"collidesAir":true,
	"collidesGround":true,
	"absorbable":false,
	"reflectable":false,
	"hittable":false,
	"hitSound":"BZ"
	"hitSoundVolume": 60,
	"backColor":"EB9494",
	"frontColor":"DE5D70",
	"width":1,
	"height":1,
	"speed":0
	"shrinkX":0.1
	"shrinkY":0.1
	"sprite":"large-orb"
	"despawnEffect":"none"
	"drag":0
	"pierceArmor": true,
	"hitEffect":{
	"type": "MultiEffect",
	"effects": [
	{
	"type": "WaveEffect",
	"particles": 1,
	"strokeFrom": 24,
	"strokeTo": 0,
	"sizeFrom": 0,
	"sizeTo": 680,
	"length": 0,
	"baseLength": 0,
	"lifetime": 60,
	"colorFrom": "DE5D70",
	"colorTo": "EB9494"
	},
	{
	"type": "ParticleEffect",
	"particles": 76,
	"sizeFrom": 30
	"sizeTo": 0,
	"length": 0,
	"baseLength": 680,
	"interp": "pow10Out",
	"sizeInterp": "pow5In",
	"lifetime": 130,
	"colorFrom": "EB9494",
	"colorTo": "EB9494",
	},
	{
	"type": "ParticleEffect",
	"particles": 54,
	"sizeFrom": 45
	"sizeTo": 0,
	"length": 0,
	"baseLength": 680,
	"interp": "pow10Out",
	"sizeInterp": "pow5In",
	"lifetime": 130,
	"colorFrom": "DE5D70",
	"colorTo": "DE5D70",
	},
	{
	"type": "ParticleEffect",
	"particles": 1,
	"sizeFrom": 0,
	"sizeTo": 680,
	"sizeInterp": "pow2OutInverse",
	"region":"黑暗纪元-渐变圆"
	"length": 0,
	"baseLength": 0,
	"lifetime": 250,
	"colorFrom": "DE5D70",
	"colorTo": "EB949400",
	},
	{
	"type": "ParticleEffect",
	"particles": 25,
	"line":true
	"lenFrom": 125,
	"lenTo": 0
	"length": 680,
	"strokeFrom": 55,
	"strokeTo": 0,
	"baseLength": 130,
	"lifetime": 220,
	"colorFrom": "FFC23F",
	"colorTo": "FFC23F50"
	},
	{
	"type": "ParticleEffect",
	"particles": 13,
	"region": "黑暗纪元-三角",
	"sizeFrom": 33
	"sizeTo": 0,
	"length": 580,
	"baseLength": 100,
	"lifetime": 295,
	"interp": "fastSlow",
	"sizeInterp": "pow5In",
	"colorFrom": "FFFFFF",
	"colorTo": "FFFFFF00",
	}
]
},
"fragBullets":1024
"fragLifeMin": 1,
"fragLifeMax": 2,
"fragRandomSpread":360,
"fragBullet":{
	"type": "LiquidBulletType",
	"liquid": "oil",
	"lifetime": 19.6,
	"speed": 50,
	"puddleSize": 64,//水坑大小
	"orbSize": 16,//液体大小
	"knockback": 5,
	"statusDuration": 600,
	"status": "tarred",
	"damage": 22.5
	"pierceBuilding": true,
	"pierceArmor": true,
	"incendAmount": 5,
	"incendSpread": 13,
	"incendChance": 68,
	}
}
}
}
},
{
	"x": 0,
	"y": 20,
	"recoil": 0,
	"shootX": 0,
	"shootY": 0,
	"reload": 810,
	"top": true,
	"rotate": false,
	"shootSound": "beam"
	"alternate": false,
	"mirror": false
	"shootStatusDuration": 300,
	"shootStatus": "凝铠",
	"continuous": true,
	"bullet": {
	"type": "ContinuousLaserBulletType",
	"drawSize": 420,
	"layer":120
	"lifetime": 300,
	"incendChance":0.1,
	"incendSpread": 5,
	"incendAmount":1,
	"hitEffect": {
	"type": "ParticleEffect",
	"particles": 5,
	"sizeFrom": 6
	"sizeTo": 0,
	"length": 60,
	"baseLength": 0,
	"interp": "pow10Out",
	"sizeInterp": "pow5In",
	"lifetime": 30,
	"colorFrom": "EB9494",
	"colorTo": "EB9494",
	},
	"shootEffect":"none"
	"status": "slow",
	"statusDuration": 360,
	"ammoMultiplier": 1,
	"hitSize": 8,
	"length": 580,
	"width": 5,
	"damage": 876,
	"lightColor": "DE5D70",
	"colors": [
	"DE5D70",
	"EB9494",
	"DE5D70",
	"FFFFFF"
	]
	"bulletInterval":2
	"intervalBullets":6
	"intervalRandomSpread":30
	"intervalVelocityMin":0.8,
	"intervalVelocityMax":1.3,
	"intervalLifeMin": 1,
	"intervalLifeMax": 1.1,
	"intervalBullet":{
	"type": "LiquidBulletType",
	"liquid": "oil",
	"lifetime": 58,
	"speed": 10,
	"puddleSize": 14,//水坑大小
	"puddleRange":24,
	"puddleAmount":10,
	"puddleSize": 18,
	"orbSize": 6,//液体大小
	"knockback": 24,
	"statusDuration": 600,
	"status": "tarred",
	"damage": 14.6
	"pierceArmor": true,
	}
}
},
{
	"top":false,
	"reload": 99999999,
	"x": 0,
	"y": 0,
	"shootY": 0,
	"shootX": 0,
	"mirror": false,
	"alternate": true,
	"rotate": true,
	"recoil": 0,
	"recoilTime":0
	"shootCone":360
	"inaccuracy": 0,
	"shootOnDeath": true,
	"shootSound":"none"
	"shoot": {
	"shots": 1,
	}
	"bullet": {
"speed": 0,
"damage": 1198,
"splashDamageRadius": 980,
"splashDamage": 3299,
"lifetime":1,
"width": 0,
"height": 0,
"despawnEffect":{
"type": "MultiEffect",
	"effects": [
	{
	"type": "WaveEffect",
	"particles": 1,
	"strokeFrom": 24,
	"strokeTo": 48,
	"sizeFrom": 0,
	"sizeTo": 980,
	"length": 0,
	"baseLength": 0,
	"lifetime": 150,
	"colorFrom": "DE5D70",
	"colorTo": "EB949400"
	},
	{
	"type": "ParticleEffect",
	"particles": 88,
	"sizeFrom": 35
	"sizeTo": 0,
	"length": 0,
	"baseLength": 980,
	"interp": "pow10Out",
	"sizeInterp": "pow5In",
	"lifetime": 130,
	"colorFrom": "EB9494",
	"colorTo": "EB9494",
	},
	{
	"type": "ParticleEffect",
	"particles": 77,
	"sizeFrom": 49
	"sizeTo": 0,
	"length": 0,
	"baseLength": 980,
	"interp": "pow10Out",
	"sizeInterp": "pow5In",
	"lifetime": 130,
	"colorFrom": "DE5D70",
	"colorTo": "DE5D70",
	},
	{
	"type": "ParticleEffect",
	"particles": 1,
	"sizeFrom": 0,
	"sizeTo": 980,
	"sizeInterp": "pow2OutInverse",
	"region":"黑暗纪元-渐变圆"
	"length": 0,
	"baseLength": 0,
	"lifetime": 150,
	"colorFrom": "DE5D70",
	"colorTo": "EB949400",
	},
	{
	"type": "ParticleEffect",
	"particles": 48,
	"line":true
	"lenFrom": 225,
	"lenTo": 550
	"length": 980,
	"strokeFrom": 55,
	"strokeTo": 0,
	"baseLength": 130,
	"lifetime": 220,
	"randLength": false,
	"colorFrom": "FFC23F",
	"colorTo": "FFC23F50"
	},
	{
	"type": "ParticleEffect",
	"particles": 27,
	"region": "黑暗纪元-三角",
	"sizeFrom": 59
	"sizeTo": 0,
	"length": 1000,
	"baseLength": 100,
	"lifetime": 180,
	"interp": "fastSlow",
	"sizeInterp": "pow5In",
	"colorFrom": "FFFFFF",
	"colorTo": "FFFFFF00",
	}
]
},
"absorbable":false,
"reflectable":false,
"hittable":false,
"collides": false,
"hitBuildings": false,
"hitUnits": false
"collidesTiles": false,
"hitSound":"BZ6",
"incendAmount": 1000,
"incendSpread": 980,
"incendChance": 600,
"hitEffect": "none",
"trailEffect": "none"
"fragBullets":2048,
	"fragVelocityMin":1,
	"fragVelocityMax":1.6,
	"fragLifeMin":1,
	"fragLifeMax":1.5,
	"fragSpread":360,
	"fragBullet": {
	"type": "LiquidBulletType",
	"liquid": "oil",
	"lifetime": 19.6,
	"speed": 50,
	"puddleSize": 256,//水坑大小
	"orbSize": 24,//液体大小
	"knockback": 15,
	"statusDuration": 600,
	"status": "tarred",
	"damage": 45
	"pierceBuilding": true,
	"pierceArmor": true,
	"incendAmount": 5,
	"incendSpread": 13,
	"incendChance": 68,
	}
}
}
]
}