{
  "type": "legs",
  "name": "陨星",
  "hitSize": 58,
  "legSplashDamage": 300,
  "legSplashRange": 18,
  "legCount": 4,
  "legMoveSpace": 1.3,
  "legExtension": -7.8,
  "legBaseOffset": -3,
  "legLength": 32,
  "legForwardScl": 0.4,
  "stepShake": 1,
  "rippleScale": 1,
  "hovering": true,
  "allowLegStep": true,
  "canBoost": false,
  "speed": 0.85,
  "range": 480,
  "armor": 78,
  "health": 179900,
  "drownTimeMultiplier": 2,
  "buildRange": 408,
  "buildSpeed": 12.8,
  "buildBeamOffset": 16,
  "immunities": [
    "electrified",
    "延迟",
    "disarmed",
    "瘫痪",
    "破防"
  ],
  "research": {
    "parent": "corvus",
    "objectives": [
      {
        "type": "SectorComplete",
        "preset": "染湖北畔"
      }
    ]
  },
  "requirements": {
    "block": "复量级单位重构厂",
    "previous": "corvus"
  },
  "abilities": [
    {
      "type": "ForceFieldAbility",
      "sides": 4,
      "radius": 150,
      "regen": 200,
      "max": 13500,
      "cooldown": 900
    },
    {
      "type": "ForceFieldAbility",
      "sides": 4,
      "rotation": 45,
      "radius": 150,
      "regen": 200,
      "max": 13500,
      "cooldown": 900
    },
    {
      "type": "StatusFieldAbility",
      "duration": 70,
      "reload": 600,
      "range": 124,
      "applyEffect": "none",
      "activeEffect": {
        "type": "ParticleEffect",
        "particles": 25,
        "sizeFrom": 15,
        "sizeTo": 0,
        "length": 124,
        "baseLength": 0,
        "region": "黑暗纪元-圈",
        "lifetime": 60,
        "colorFrom": "74AC83",
        "colorTo": "A0F19B",
        "interp": "pow10Out",
        "sizeInterp": "pow5In"
      },
      "effect": "神圣"
    },
    {
      "type": "ShieldRegenFieldAbility",
      "amount": 90,
      "max": 3800,
      "reload": 360,
      "range": 160,
      "applyEffect": "none",
      "activeEffect": {
        "type": "MultiEffect",
        "effects": [
          {
            "type": "WaveEffect",
            "particles": 1,
            "strokeFrom": 5,
            "strokeTo": 0,
            "sizeFrom": 0,
            "sizeTo": 160,
            "length": 0,
            "baseLength": 0,
            "lifetime": 16,
            "colorFrom": "A0F19B",
            "colorTo": "FFFFFF"
          },
          {
            "type": "ParticleEffect",
            "particles": 25,
            "sizeFrom": 18,
            "sizeTo": 0,
            "length": 150,
            "baseLength": 0,
            "lifetime": 44,
            "colorFrom": "A0F19B",
            "colorTo": "FFFFFF"
          }
        ]
      }
    }
  ],
  "weapons": [
    {
      "name": "陨星1",
      "x": 9.5,
      "y": -4,
      "type": "PointDefenseWeapon",
      "shootX": 0,
      "shootY": 3,
      "recoil": 0,
      "rotateSpeed": 2,
      "mirror": false,
      "reload": 3,
      "targetInterval": 3,
      "targetSwitchInterval": 3,
      "shootStatusDuration": 60,
      "shootStatus": "神圣",
      "shoot": {
        "shots": 2
      },
      "bullet": {
        "speed": 70,
        "lifetime": 5,
        "shootEffect": "none",
        "maxRange": 350,
        "damage": 123
      }
    },
    {
      "name": "陨星2",
      "x": -9.5,
      "y": -4,
      "type": "PointDefenseWeapon",
      "shootX": 0,
      "shootY": 3,
      "recoil": 0,
      "rotateSpeed": 2,
      "mirror": false,
      "reload": 3,
      "targetInterval": 3,
      "targetSwitchInterval": 3,
      "shootStatusDuration": 60,
      "shootStatus": "神圣",
      "shoot": {
        "shots": 2
      },
      "bullet": {
        "speed": 70,
        "lifetime": 5,
        "shootEffect": "none",
        "maxRange": 350,
        "damage": 123
      }
    },
    {
      "name": "陨星3",
      "mirror": false,
      "reload": 600,
      "x": 0,
      "y": 0,
      "shootY": 6,
      "rotate": false,
      "recoil": 0,
      "recoilTime": 360,
      "inaccuracy": 0,
      "chargeSound": "lasercharge",
      "shootSound": "laserblast",
      "shootStatusDuration": 150,
      "shootStatus": "unmoving",
      "healPercent": 10,
      "shoot": {
        "firstShotDelay": 60
      },
      "bullet": {
        "type": "LaserBulletType",
        "damage": 1430,
        "splashDamageRadius": 68,
        "splashDamage": 480,
        "status": "sapped",
        "statusDuration": 190,
        "collidesGround": true,
        "collidesAir": true,
        "length": 600,
        "width": 35,
        "pierce": true,
        "lifetime": 90,
        "colors": [
          "FFFFFF",
          "A0F19B",
          "74AC83",
          "FFFFFF"
        ],
        "smokeEffect": "smokeCloud",
        "chargeEffect": {
          "type": "MultiEffect",
          "effects": [
            {
              "type": "WaveEffect",
              "particles": 1,
              "strokeFrom": 5,
              "strokeTo": 0,
              "sizeFrom": 200,
              "sizeTo": 0,
              "length": 0,
              "baseLength": 0,
              "lifetime": 60,
              "colorFrom": "74AC83",
              "colorTo": "A0F19B"
            },
            {
              "type": "WaveEffect",
              "particles": 1,
              "strokeFrom": 3,
              "strokeTo": 0,
              "sizeFrom": 180,
              "sizeTo": 0,
              "length": 0,
              "baseLength": 0,
              "lifetime": 50,
              "colorFrom": "74AC83",
              "colorTo": "A0F19B"
            },
            {
              "type": "ParticleEffect",
              "particles": 15,
              "sizeFrom": 16,
              "sizeTo": 12,
              "length": -130,
              "baseLength": 130,
              "interp": "pow3In",
              "sizeInterp": "pow5Out",
              "lifetime": 30,
              "colorFrom": "74AC83",
              "colorTo": "A0F19B"
            },
            {
              "type": "ParticleEffect",
              "particles": 18,
              "sizeFrom": 18,
              "sizeTo": 15,
              "length": -150,
              "baseLength": 150,
              "interp": "pow3In",
              "sizeInterp": "pow5Out",
              "lifetime": 35,
              "colorFrom": "74AC83",
              "colorTo": "A0F19B"
            }
          ]
        },
        "hitBuildings": true,
        "hitUnits": true,
        "healPercent": 10,
        "pierceArmor": true,
        "pierce": true,
        "buildingDamageMultiplier": 1.85
      }
    }
  ]
}