{
	"name": "深层石油钻井",
	"type": "SolidPump",
	"health": 650,
	"size": 3,
	"hasPower": true,
	"hasLiquids": true,
	"liquidCapacity": 150,
	"requirements": [
		"titanium/60",
		"silicon/70",
		"metaglass/40",
		"copper/150",
		"lead/120",
		"plastanium/40"
	],
	"consumes": {
		"power": 4.5
		"liquid": "water/0.25"
		"items": [
		"sand/3"
		]
	},
	"drillEffect": {
	"type": "ParticleEffect",
	"particles": 7,
	"sizeFrom": 6
	"sizeTo": 0,
	"length": 70,
	"baseLength": 0,
	"lifetime": 60,
	"region":"黑暗纪元-斜正方"
	"interp": "pow10Out",
	"sizeInterp": "pow5In",
	"colorFrom": "FFFFFF88",
	"colorTo": "FFFFFF88"
	}
	"pumpAmount": 0.88,
	"rotateSpeed": 1.3,
	"result": "oil",
	"baseEfficiency": 1,
	"attribute": "oil",
	"category": "production",
	"research": "真空抽水机"
}