{
	"name": "空间结界",
	"shownPlanets": ["serpulo","Planzer","Synchronous-orbit-space-station"]
	"type": "Wall",
	"health": 10800,
	"armor":150,
	"size": 1,
	"lightningChance": 0.15
	"lightningDamage": 3670
	"lightningColor": "46FFF9",
	"absorbLasers":true,
	"flashHit": true,
	"chanceDeflect": 40,
		"destroyBullet": {
		"splashDamage": 50,
		"splashDamageRadius": 40,
		"lightningColor": "46FFF9",
		"lightningDamage": 88,
		"lightning": 5,
		"lightningLength": 20,
		"buildingDamageMultiplier": 0.8,
		"collides": false,
		"instantDisappear": true,
		"pierceArmor": true,
		"hittable": false,
		"absorbable": false,
		"status": "空间混乱",
		"statusDuration": 60,
		"hitSound": "plasmaboom",
		"hitSoundVolume": 6,
		"hitShake": 4,
		"hitEffect": {
			"type": "MultiEffect",
			"effects": [
				{
					"type": "WaveEffect",
					"sizeFrom": 0,
					"sizeTo": 10,
					"interp": "pow10Out",
					"lifetime": 30,
					"colorFrom": "46FFF950",
					"colorTo": "46FFF9"
				}
			]
		}
	},
	"requirements": [
		"空间节点/55"
	],
	"buildCostMultiplier": 0.65,
	"category": "defense",
	"research": "巨型铁墙"
}