{
	"type": "missile",
	"template": "MissileUnitType",
	"name": "折跃导弹",
	"speed": 6,
	"lifetime": 250,
	"rotateSpeed": 1.8,
	"loopSoundVolume": 0.04,
	"hidden": true,
	"missileAccelTime": 30,
	"homingDelay": 25,
	"hitSize": 15,
	"health": 1300,
	"fogRadius": 5,
	"engineColor": "FF6420",
	"trailColor": "FFC23F",
	"trailLength": 35,
	"engineLayer": 110,
	"engineOffset": 15,
	"engineSize": 4,
	"maxRange": 30,
	"immunities": [
	"tarred","slow","burning","freezing"
	"spore-slowed","electrified","disarmed"
	"疑惑","致盲","瘫痪","空间混乱","破防","延迟","消散"
	],
	/*"abilities": [
		{
		"type": "MoveEffectAbility",
		"effects": [
		{
		"type": "ParticleEffect",
		"particles": 3,
		"sizeFrom": 6,
		"sizeTo": 0,
		"interp":"pow5Out",
		"sizeInterp":"pow10In",
		"length": 30,
		"baseLength": 5,
		"lifetime": 68,
		"colorFrom": "FFC23F78",
		"colorTo": "FFE92C36",
		"cone": 25
		},
		{
		"type": "ParticleEffect",
		"particles": 2,
		"line":true
		"interp": "fastSlow",
		"lenFrom": 48,
		"lenTo": 0
		"length": 25,
		"strokeFrom": 6,
		"strokeTo": 0,
		"baseLength": 0,
		"lifetime": 78,
		"colorFrom": "FFC23F",
		"colorTo": "FFC23F50",
		"cone":26
		}
	],
	"interval": 2,
	"rotateEffect": true,
	"y": -13
	}
],*/
	"weapons": [
	{
	"x": 0,
	"reload": 260,
	"mirror": false,
	"rotate": true,
	"shake": 10,
	"shootSound": "none",
	"shootOnDeath": true,
	"shootCone": 360,
	"bullet": {
	"collides":false,
	"instantDisappear": true,
	"ammoMultiplier": 1,
	"hitSound": "explosion",
	"killShooter": true,
	"splashDamageRadius": 80,
	"splashDamage": 1400,
	"status": "延迟",	
	"hitShake": 10,
	"shootEffect": "none",
	"smokeEffect": "none",
	"despawnEffect": "none",
	"trailEffect":"none",
	"hitColor":"FFC23F",
	"hitEffect": {
	"type": "MultiEffect",
	"effects": [
	"titanExplosion",
	"titanSmoke",
	{
	"type": "WaveEffect",
	"lifetime": 40,
	"sizeFrom": 0,
	"sizeTo": 88,
	"strokeFrom": 5,
	"strokeTo": 10,
	"colorFrom": "FFC23F",
	"colorTo": "FFE92C33"
	}
]
}
}
}
]
}