{
	"type": "naval",
	"name": "坚石",
	"speed": 1,
	"rotateSpeed": 0.7,
	"ammoType": "copper",
	"ammoCapacity": 50,
	"hitSize": 7,
	"immunities": [
	"freezing"
	]
	"trailLength": 80,
	"waveTrailX": 0,
	"waveTrailY": -1,
	"trailScl": 1.3,
	"health": 600,
	"armor": 10,
	"faceTarget": false,
	"research": "risso",
	"weapons": [
		{
			"name": "坚石1",
			"x": 3.5,
			"y": 0,
			"shootX":1
			"mirror": false,
			"reload": 23,
			"inaccuracy": 2,
			"shootSound": "shoot",
			"rotate": true,
				"shoot": {
				"shots": 3,
				"firstShotDelay": 30
				"shotDelay": 2
				}
			"recoil": 1,
			"bullet": {
			"type": "BasicBulletType",
				"damage": 7,
				"speed":7,
				"lifetime":20
				"sprite": "circle-bullet",
				"width": 5,
				"height": 5,
			}
		}
			{
			"name": "坚石2",
			"x": -3.5,
			"y": 0,
			"shootX":-1
			"mirror": false,
			"reload": 23,
			"shootSound": "shoot",
			"rotate": true,
			"inaccuracy": 2,
			"recoil": 1,
			"shoot": {
			"shots": 3,
			"shotDelay": 2
			}
			"bullet": {
			"type": "BasicBulletType",
				"damage": 7,
				"speed":7,
				"lifetime":20
				"sprite": "circle-bullet",
				"width": 5,
				"height": 5,
			}
		}
	]
}