{
    "type": "naval",
    "name": "壁垒",
    "speed": 1,
    "rotateSpeed": 0.7,
    "ammoType": "铁",
    "ammoCapacity": 160,
    "hitSize": 17,
    "immunities": [
        "freezing",
        "melting",
        "疑惑"
    ],
    "trailLength": 80,
    "waveTrailX": 0,
    "waveTrailY": -2,
    "trailScl": 2,
    "health": 1440,
    "armor": 20,
    "research": "坚石",
    "requirements": {
        "block": "additive-reconstructor",
        "previous": "坚石"
    },
    "faceTarget": false,
    "weapons": [
        {
            "name": "壁垒1",
            "x": 0,
            "y": 0,
            "mirror": false,
            "reload": 60,
            "shootSound": "laser",
            "rotate": true,
            "recoil": 3,
            "bullet": {
                "type": "LaserBulletType",
                "chargeEffect": {
                    "type": "MultiEffect",
                    "effects": [
                        "lancerLaserCharge",
                        "lancerLaserChargeBegin"
                    ]
                },
                "lightningSpacing": 25,
                "lightningLength": 5,
                "lightningDelay": 0.6,
                "lightningLengthRand": 1,
                "lightningAngleRand": 8,
                "lightningDamage": 15,
                "lightningColor": "FFFFFF",
                "damage": 40,
                "lifetime": 10,
                "width": 10,
                "height": 64,
                "splashDamageRadius": 20,
                "splashDamage": 40
            }
        }
    ]
}