{
"name":"游离"
"type":"legs"
"drag":0.9,
"speed":0.64,
"hitSize":13,
"health":830,
"armor":15,
"rotateSpeed":1.8,
"lockLegBase": true,//基座腿锁定
"legContinuousMove": true,//持续移动
"legStraightness":1.4,//腿之间的偏离
"baseLegStraightness":1.3,//基座腿之间的偏离
/*"legMaxLength": 1.1,
"legMinLength":0.2*/
"legCount":6,//腿部数量
"legLength":24,//腿总长
"legForwardScl": 1,//移动时腿部拉伸的距离倍数
"legMoveSpace": 1.34,//腿部移动距离
"rippleScale":1.5,//腿踩在水里的波纹大小
"stepShake":0.5,//腿落造成的振动
"legGroupSize":9,//腿组大小？
"legExtension":1.5,//腿部伸展
"legBaseOffset":1//腿离主体的距离
"legStraightLength":9,//？
"ammoType": "钴",
"legSplashDamage":35,//腿的爆炸伤害
"legSplashRange": 24,//爆炸范围
"drownTimeMultiplier": 2,//被淹死的时长倍率？
"hovering": true,//跨越建筑
"shadowElevation":0.5,//影子偏移
"targetAir":false,
"alwaysShootWhenMoving": true//移动射击
"research": "种子",
"requirements": {
		"block": "additive-reconstructor",
		"previous": "种子"
	},
	"weapons": [
		{
			"name": "游离1",
			"x": -6,
			"y": -3,
			"shootX":-1.2
			"shootY":-0.3
			"mirror": false,
			"reload": 50,
			"shootSound": "artillery",
			"rotate": true,
			"inaccuracy": 0,
			"recoil": 1,
			"shoot": {
			"firstShotDelay": 30
			}
			"bullet": {
			"type": "BasicBulletType",
			"damage": 24,
			"speed":4,
			"lifetime":60
			"sprite": "circle-bullet",
			"width": 4,
			"height": 4,
			"splashDamageRadius": 12,
			"splashDamage":9.8
			"hitSound": "explosion",
			"shrinkX":0
			"shrinkY":0
			"knockback": 4,
			"makeFire": true,
			"incendChance": 7,//燃烧概率
			"incendSpread": 4,//燃烧范围
			"incendAmount": 5,//着火数量
			"backColor":"EB9494",
			"frontColor":"DE5D70",
			"hitEffect":{
			"type": "MultiEffect",
		"effects": [
		{
		"type": "WaveEffect",
		"particles": 1,
		"strokeFrom": 2,
		"strokeTo": 1,
		"sizeFrom": 0,
		"sizeTo": 5,
		"length": 0,
		"baseLength": 0,
		"lifetime": 10,
		"colorFrom": "FFFFFF",
		"colorTo": "FFFFFF40"
		},
		{
		"type": "ParticleEffect",
		"particles": 4,
		"sizeFrom": 3,
		"sizeTo": 0,
		"length": 10,
		"baseLength": 0,
		"lifetime": 30,
		"colorFrom": "FFFFFF",
		"colorTo": "EB949450",
		}
	]
}
			"fragBullets":16,
			"fragLifeMin": 1,
			"fragLifeMax": 1,
			"fragRandomSpread":20,
			"fragBullet":{
			"type": "LiquidBulletType",
			"liquid": "oil",
			"lifetime": 25,
			"speed": 4,
			"puddleSize": 4,//水坑大小
			"orbSize": 2,//液体大小
			"knockback": 1.7,
			"statusDuration": 600,
			"status": "tarred",
			"damage": 4.5
			}
		}
	}
{
			"name": "游离2",
			"x": 6,
			"y": -3,
			"shootX":1.3
			"shootY":-0.3
			"mirror": false,
			"reload": 50,
			"shootSound": "artillery",
			"rotate": true,
			"inaccuracy": 0,
			"recoil": 1,
			"bullet": {
			"type": "BasicBulletType",
			"damage": 24,
			"speed":4,
			"lifetime":60
			"sprite": "circle-bullet",
			"width": 4,
			"height": 4,
			"splashDamageRadius": 12,
			"splashDamage":9.8
			"hitSound": "explosion",
			"shrinkX":0
			"shrinkY":0
			"knockback": 4,
			"makeFire": true,
			"incendChance": 7,//燃烧概率
			"incendSpread": 4,//燃烧范围
			"incendAmount": 5,//着火数量
			"backColor":"EB9494",
			"frontColor":"DE5D70",
			"hitEffect":{
			"type": "MultiEffect",
		"effects": [
		{
		"type": "WaveEffect",
		"particles": 1,
		"strokeFrom": 2,
		"strokeTo": 1,
		"sizeFrom": 0,
		"sizeTo": 5,
		"length": 0,
		"baseLength": 0,
		"lifetime": 10,
		"colorFrom": "FFFFFF",
		"colorTo": "FFFFFF40"
		},
		{
		"type": "ParticleEffect",
		"particles": 4,
		"sizeFrom": 3,
		"sizeTo": 0,
		"length": 10,
		"baseLength": 0,
		"lifetime": 30,
		"colorFrom": "FFFFFF",
		"colorTo": "EB949450",
		}
	]
}
			"fragBullets":16,
			"fragLifeMin": 1,
			"fragLifeMax": 1,
			"fragRandomSpread":20,
			"fragBullet":{
			"type": "LiquidBulletType",
			"liquid": "oil",
			"lifetime": 25,
			"speed": 4,
			"puddleSize": 4,//水坑大小
			"orbSize": 2,//液体大小
			"knockback": 1.7,
			"statusDuration": 600,
			"status": "tarred",
			"damage": 4.5
			}
		}
	}
]
}