{
	"type": "ItemTurret",
	"name": "千世",
	"unitSort": "weakest",
	"health": 129890,
	"size": 9,
	"reload": 240,
	"range": 1080,
	"recoil": 4,
	"ammoPerShot":35,
	"maxAmmo": 105,
	"coolantMultiplier":0.8
	"minWarmup": 0.45,
	"ammoUseEffect": {
    "type": "MultiEffect",
	"effects": [
	{
	"type": "WaveEffect",
	"particles": 1,
	"interp": "pow10Out",
	"sizeInterp": "pow5In",
	"sizeFrom": 0,
	"sizeTo": 460,
	"length": 0,
	"baseLength": 0,
	"lifetime": 55,
	"colorFrom": "568DD2",
	"colorTo": "05319050",
	"layer": 49
	},
	{
	"type": "ParticleEffect",
	"particles": 10,
	"line":true
	"lenFrom": 35,
	"lenTo": 0
	"length": 430,
	"strokeFrom": 5,
	"strokeTo": 0,
	"baseLength": 40,
	"lifetime": 35,
	"colorFrom": "568DD2",
	"colorTo": "05319050"
	"layer": 49
	}
]
},
	"canOverdrive": false,
	"consumes": {
	"power": 4444,
	"coolant": {
	"amount": 1.5,
	"optional": true
	}
},
	"requirements": [
	"plastanium/5870"
	"silicon/12300"
	"copper/4560"
	"lead/5200"
	"titanium/8120"
	"pyratite/5800"
	"phase-fabric/2370"
	"thorium/7920"
	"钢/11000"
	"钴/13425"
	"surge-alloy/3000"
	"钴钢/3120"
	],
	"shootSound": "LD",
	"chargeSound": "lasercharge2",
	"targetGround": true,
	"targetAir": false,
	"inaccuracy": 1,
	"shake": 0,
	"shootCone": 7,
	"rotateSpeed": 0.9,
	"drawer":{
	"type":"DrawTurret",
	"parts":[
	{
	"type": "ShapePart",
	"progress": "reload",
	"y": -46,
	"sides": 8,
	"color": "C5E1F8",
	"colorTo": "C5E1F8",
	"rotateSpeed": 0,
	"stroke": 4,
	"strokeTo": 4,
	"circle": false,
	"hollow": true,
	"radius": 36,
	"radiusTo": 36,
	"layer": 110
	},
	{
	"type": "ShapePart",
	"progress": "reload",
	"y": -46,
	"sides": 8,
	"color": "C5E1F8",
	"colorTo": "C5E1F8",
	"rotateSpeed": 0,
	"stroke": 4,
	"strokeTo": 4,
	"circle": false,
	"hollow": true,
	"radius": 20,
	"radiusTo": 20,
	"layer": 110
	},
	{
	"type": "HaloPart",
	"progress": "reload",
	"shapes":4,
	"tri":true,
	"y":-46,
	"radius":4,
	"radiusTo":4,
	"triLength":5,
	"triLengthTo":5,
	"haloRadius":12,
	"haloRadiusTo":12,
	"haloRotation":180,
	"haloRotateSpeed":0,
	"layer":110,
	"color":"C5E1F8"
	"colorTo":"C5E1F8"
	},
	{
	"type": "HaloPart",
	"progress": "reload",
	"shapeRotation": 180,
	"shapes":4,
	"tri":true,
	"y":-46,
	"radius":4,
	"radiusTo":4,
	"triLength":5,
	"triLengthTo":5,
	"haloRadius":12,
	"haloRadiusTo":12,
	"haloRotation":0,
	"haloRotateSpeed":0,
	"layer":110,
	"color":"C5E1F8"
	"colorTo":"C5E1F8"
	},
	{
	"type":"RegionPart",
	"mirror":false,
	"x":0,
	"y":0,
	"suffix":"-左"
	"layer":50,
	"moveX":0,
	"moveY":0,
	"moveRot": 8
	},
	{"type":"RegionPart",
	"mirror":false,
	"x":0,
	"y":0,
	"suffix":"-右"
	"layer":50,
	"moveX":0,
	"moveY":0,
	"moveRot": -8
	}
]
}
	"ammoUseEffect": {
	"type": "MultiEffect",
	"effects": [
	{
	"type": "ParticleEffect",
	"particles": 10,
	"sizeFrom": 35,
	"sizeTo": 0,
	"length": 240,
	"baseLength": 20,
	"interp": "fastSlow",
	"lifetime": 30,
	"colorFrom": "C5E1F888",
	"colorTo": "FFFFFF20",
	"cone":20
	}
]
}
	"ammoTypes": {
	"贫铀": {
	"damage": 1560,
	"ammoMultiplier": 1
	"hitSound": "BZ2",
	"status": "burning",
	"statusDuration": 600,
	"splashDamageRadius": 300,
	"splashDamage": 4090,
	"pierceArmor": true,
	"collidesAir":false
	"collidesGround":true
	"absorbable":false,
	"reflectable":false,
	"hittable":false
	"width": 10,
	"height": 30,
	"sprite":"黑暗纪元-千世1",
	"homingDelay": 10,
	"homingPower": 0.1,
	"homingRange": 80,
	"speed": 12,
	"lifetime": 100,
	"trailColor":"F9E5B388",
	"trailLength":25,
	"trailWidth":2,
	"trailEffect":"none"
	"hitEffect":{
	"type": "MultiEffect",
	"effects": [
	{
	"type": "WaveEffect",
	"particles": 1,
	"strokeFrom": 10,
	"strokeTo": 10,
	"sizeFrom": 300,
	"sizeTo": 300,
	"length": 0,
	"baseLength": 0,
	"lifetime": 600,
	"colorFrom": "C5E1F8",
	"colorTo": "345190"
	"layer":120,
	},
	{
	"type": "ParticleEffect",
	"particles": 10,
	"line":true
	"lenFrom": 70,
	"lenTo": 0
	"length": 300,
	"strokeFrom": 5,
	"strokeTo": 0,
	"baseLength": 0,
	"lifetime": 60,
	"colorFrom": "C5E1F8",
	"colorTo": "568DD250"
	"layer":116,
	}
	{
	"type": "ParticleEffect",
	"particles": 25,
	"sizeFrom": 60,
	"sizeTo": 0,
	"length": 300,
	"baseLength": 0,
	"interp": "fastSlow",
	"lifetime": 140,
	"colorFrom": "C5E1F8",
	"colorTo": "FFFFFF30",
	"layer":117,
	},
	{
	"type": "ParticleEffect",
	"particles": 25,
	"sizeFrom": 68,
	"sizeTo": 0,
	"length": 300,
	"baseLength": 0,
	"interp": "fastSlow",
	"lifetime": 130,
	"colorFrom": "C5E1F8",
	"colorTo": "FFFFFF30",
	"layer":118,
	},
	{
	"type": "ParticleEffect",
	"particles": 35,
	"sizeFrom": 75,
	"sizeTo": 0,
	"length": 300,
	"baseLength": 0,
	"interp": "fastSlow",
	"lifetime": 120,
	"colorFrom": "C5E1F8",
	"colorTo": "FFFFFF20",
	"layer":119,
	}
]
},
	"fragBullets":1,
	"fragVelocityMax":1,
	"fragVelocityMin":1,
	"fragLifeMin": 1,
	"fragLifeMax": 1,
	"fragAngle": 0,
	"fragRandomSpread":0,
	"fragBullet":{
	"damage": 500,
	"hitSound": "none",
	"despawnEffect":"none"
	"splashDamageRadius": 300,
	"splashDamage": 1280,
	"pierceArmor": true,
	"collidesAir":false,
	"collidesGround":false,
	"absorbable":false,
	"reflectable":false,
	"hittable":false
	"width": 0,
	"height": 0,
	"speed": 0,
	"lifetime": 600,
	"trailEffect":"none"
	"hitEffect":"none"
	"bulletInterval":35
	"intervalBullets":1
	"intervalRandomSpread":10
	"intervalBullet":{
	"hitSound": "fire",
	"splashDamageRadius": 300,
	"splashDamage": 8920,
	"status": "污染",
	"statusDuration": 600,
	"pierceArmor": true,
	"collidesAir":false,
	"collidesGround":true,
	"absorbable":false,
	"reflectable":false,
	"hittable":false
	"despawnEffect":"none"
	"width": 0,
	"height": 0,
	"speed": 0,
	"lifetime": 0,
	"trailEffect":"none"
	"hitEffect":{
	"type": "MultiEffect",
	"effects": [
	{
	"type": "ParticleEffect",
	"particles": 5,
	"sizeFrom": 0,
	"sizeTo": 70,
	"length": 0,
	"baseLength": 300,
	"sizeInterp": "pow2OutInverse",
	"lifetime": 45,
	"colorFrom": "F9E5B360",
	"colorTo": "FFFFFF00",
	},
	{
	"type": "ParticleEffect",
	"particles": 10,
	"sizeFrom": 0,
	"sizeTo": 80,
	"length": 0,
	"baseLength": 300,
	"sizeInterp": "pow2OutInverse",
	"lifetime": 55,
	"colorFrom": "F9E5B360",
	"colorTo": "FFFFFF00",
	},
	{
	"type": "ParticleEffect",
	"particles": 5,
	"sizeFrom": 0,
	"sizeTo": 126,
	"sizeInterp": "pow2OutInverse",
	"region":"黑暗纪元-圆矩"
	"length": 0,
	"baseLength": 350,
	"lifetime": 110,
	"colorFrom": "568DD270",
	"colorTo": "C5E1F800",
	},
	/*{
	"type": "ParticleEffect",
	"particles": 14,
	"line":true
	"lenFrom": 70,
	"lenTo": 0
	"length": 0,
	"strokeFrom": 10,
	"strokeTo": 0,
	"interp": "pow5Out",
	"sizeInterp": "pow10In",
	"baseLength": 300,
	"lifetime": 45,
	"colorFrom": "568DD2",
	"colorTo": "C5E1F850"
	}*/
]
}
}
}
}
"pyratite": {
	"damage": 990,
	"ammoMultiplier": 1
	"hitSound": "BZ2",
	"status": "burning",
	"statusDuration": 600,
	"splashDamageRadius": 300,
	"splashDamage": 2567,
	"pierceArmor": true,
	"collidesAir":false
	"collidesGround":true
	"absorbable":false,
	"reflectable":false,
	"hittable":false
	"width": 10,
	"height": 30,
	"sprite":"黑暗纪元-千世1",
	"homingDelay": 10,
	"homingPower": 0.1,
	"homingRange": 80,
	"speed": 12,
	"lifetime": 100,
	"trailColor":"F9E5B388",
	"trailLength":25,
	"trailWidth":2,
	"trailEffect":"none"
	"hitEffect":{
	"type": "MultiEffect",
	"effects": [
	{
	"type": "WaveEffect",
	"particles": 1,
	"strokeFrom": 10,
	"strokeTo": 10,
	"sizeFrom": 300,
	"sizeTo": 300,
	"length": 0,
	"baseLength": 0,
	"lifetime": 600,
	"colorFrom": "C5E1F8",
	"colorTo": "345190"
	"layer":120,
	},
	{
	"type": "ParticleEffect",
	"particles": 10,
	"line":true
	"lenFrom": 70,
	"lenTo": 0
	"length": 300,
	"strokeFrom": 5,
	"strokeTo": 0,
	"baseLength": 0,
	"lifetime": 60,
	"colorFrom": "C5E1F8",
	"colorTo": "568DD250"
	"layer":116,
	}
	{
	"type": "ParticleEffect",
	"particles": 25,
	"sizeFrom": 60,
	"sizeTo": 0,
	"length": 300,
	"baseLength": 0,
	"interp": "fastSlow",
	"lifetime": 140,
	"colorFrom": "C5E1F8",
	"colorTo": "FFFFFF30",
	"layer":117,
	},
	{
	"type": "ParticleEffect",
	"particles": 25,
	"sizeFrom": 68,
	"sizeTo": 0,
	"length": 300,
	"baseLength": 0,
	"interp": "fastSlow",
	"lifetime": 130,
	"colorFrom": "C5E1F8",
	"colorTo": "FFFFFF30",
	"layer":118,
	},
	{
	"type": "ParticleEffect",
	"particles": 35,
	"sizeFrom": 75,
	"sizeTo": 0,
	"length": 300,
	"baseLength": 0,
	"interp": "fastSlow",
	"lifetime": 120,
	"colorFrom": "C5E1F8",
	"colorTo": "FFFFFF20",
	"layer":119,
	}
]
},
	"fragBullets":1,
	"fragVelocityMax":1,
	"fragVelocityMin":1,
	"fragLifeMin": 1,
	"fragLifeMax": 1,
	"fragAngle": 0,
	"fragRandomSpread":0,
	"fragBullet":{
	"damage": 230,
	"hitSound": "none",
	"splashDamageRadius": 300,
	"splashDamage": 764,
	"despawnEffect":"none"
	"pierceArmor": true,
	"collidesAir":false,
	"collidesGround":false,
	"absorbable":false,
	"reflectable":false,
	"hittable":false
	"width": 0,
	"height": 0,
	"speed": 0,
	"lifetime": 600,
	"trailEffect":"none"
	"hitEffect":"none"
	"bulletInterval":35
	"intervalBullets":1
	"intervalRandomSpread":10
	"intervalBullet":{
	"hitSound": "fire",
	"splashDamageRadius": 300,
	"splashDamage": 4955,
	"status": "burning",
	"statusDuration": 600,
	"pierceArmor": true,
	"collidesAir":false,
	"collidesGround":true,
	"absorbable":false,
	"reflectable":false,
	"hittable":false
	"despawnEffect":"none"
	"width": 0,
	"height": 0,
	"speed": 0,
	"lifetime": 0,
	"trailEffect":"none"
	"hitEffect":{
	"type": "MultiEffect",
	"effects": [
{
	"type": "ParticleEffect",
	"particles": 5,
	"sizeFrom": 0,
	"sizeTo": 70,
	"length": 0,
	"baseLength": 300,
	"sizeInterp": "pow2OutInverse",
	"lifetime": 45,
	"colorFrom": "F9E5B360",
	"colorTo": "FFFFFF00",
	},
	{
	"type": "ParticleEffect",
	"particles": 10,
	"sizeFrom": 0,
	"sizeTo": 80,
	"length": 0,
	"baseLength": 300,
	"sizeInterp": "pow2OutInverse",
	"lifetime": 55,
	"colorFrom": "F9E5B360",
	"colorTo": "FFFFFF00",
	},
	{
	"type": "ParticleEffect",
	"particles": 5,
	"sizeFrom": 0,
	"sizeTo": 126,
	"sizeInterp": "pow2OutInverse",
	"region":"黑暗纪元-圆矩"
	"length": 0,
	"baseLength": 350,
	"lifetime": 110,
	"colorFrom": "568DD270",
	"colorTo": "C5E1F800",
	},
	/*{
	"type": "ParticleEffect",
	"particles": 14,
	"line":true
	"lenFrom": 70,
	"lenTo": 0
	"length": 0,
	"strokeFrom": 10,
	"strokeTo": 0,
	"interp": "pow5Out",
	"sizeInterp": "pow10In",
	"baseLength": 300,
	"lifetime": 45,
	"colorFrom": "568DD2",
	"colorTo": "C5E1F850"
	}*/
]
}
}
}
}
}
	"category": "turret",
	"research": {
	"parent": "霜雪",
	"objectives": [
			{
				"type": "SectorComplete",
				"preset": "染湖北畔"
			}
		]
	}
}