{
	"type": "PointDefenseTurret",
	"name": "碎解",
	"size": 4,
	"health": 13480,
	"range": 360,
	"hasPower": true,
	"shootLength": 360,
	"bulletDamage": 200,
	"liquidCapacity":60
	"retargetTime": 1
	//如果你要高效拦截的话，上下这俩家伙记得相等
	//如果你要来一波奇妙操作的话，上面往死里提升，下面往死里下降,
	"reload": 2,
	"consumes": {
		"power": 78,
	},
	"requirements": [
		"钢/1500",
		"钴/3400"
		"silicon/1840"
		"plastanium/700"
	],
	"category": "turret",
	"research": {
	"parent": "月华",
	"objectives": [
			{
				"type": "OnSector",
				"preset": "寒锋走廊"
			}
		]
	}
}