{
	"type": "ItemTurret",
	"name": "辐射",
	"unitSort": "weakest",
	"health": 780,
	"size": 3,
	"reload": 10,
	"range": 250,
	"maxAmmo": 48,
	"recoilTime": 30,
	"recoil": 3,
	"consumes": {
	"power": 3,
		"coolant": {
			"amount": 0.3,
			"optional": true
		}
	},
	"ammoPerShot": 2,
	"shootSound": "shotgun",
	"targetGround": true,
	"targetAir": true,
	"inaccuracy": 2,
	"shake": 3,
	"shootCone": 20,
	"rotateSpeed": 9,
	"ammoTypes": {
		"titanium": {
			"type": "ShrapnelBulletType",
			"reloadMultiplier": 1.2,
			"width": 20,
			"length": 250,
			"damage": 125,
			"ammoMultiplier": 2,
			"spawnBullets": [
			{
			"type": "LightningBulletType",
			"damage": 28,
			"lightningLength": 30,
			"lightningLengthRand": 1,
			"shootEffect": "shootHeal",
			"smokeEffect": "none",
			"instantDisappear": true,
			"lightningColor": "FFFFFF",
			"hitColor": "FFFFFF",
			"hitEffect": "hitLancer",
			"status": "shocked",
			"despawnSound": "laser"
			}
		]
	},
		"thorium": {
			"type": "ShrapnelBulletType",
			"rangeChange": 10,
			"length": 250,
			"damage": 250,
			"width": 20,
			"fromColor": "f9a3c7",
			"toColor": "f9a3c7",
			"ammoMultiplier": 4,
			"spawnBullets": [
			{
			"type": "LightningBulletType",
			"damage": 37,
			"lightningLength": 40,
			"lightningLengthRand": 1,
			"shootEffect": "shootHeal",
			"smokeEffect": "none",
			"instantDisappear": true,
			"lightningColor": "f9a3c7",
			"hitColor": "f9a3c7",
			"hitEffect": "hitLancer",
			"status": "shocked",
			"despawnSound": "laser"
			}
		]
			"shootEffect": "thoriumShoot"
		},
		"贫铀": {
			"type": "ShrapnelBulletType",
			"reloadMultiplier": 0.95,
			"rangeChange": 40,
			"length": 270,
		    "status": "污染",
		    "statusDuration": 120,
			"damage": 480,
			"width": 20,
			"fromColor": "7CFC00",
			"toColor": "00FF7F",
			"ammoMultiplier": 6,
			"spawnBullets": [
			{
			"type": "LightningBulletType",
			"damage": 68,
			"lightningLength": 49,
			"lightningLengthRand": 1,
			"shootEffect": "shootHeal",
			"smokeEffect": "none",
			"instantDisappear": true,
			"lightningColor": "7CFC00",
			"hitColor": "00FF7F",
			"hitEffect": "hitLancer",
			"status": "shocked",
			"despawnSound": "laser"
			}
		]
			"shootEffect": {
				"type": "ParticleEffect",
				"particles": 9,
				"line": true,
				"length": 55,
				"baseLength": 0,
				"lifetime": 15,
				"colorFrom": "00FF7F",
				"colorTo": "7CFC00",
				"cone": 60
			}
		}
	},
	"requirements": [
		"graphite/80",
		"钴/190",
		"铀/20"
	],
	"category": "turret",
	"research": {
    "parent": "临时核心",
    "objectives": [
			{
				"type": "SectorComplete",
				"preset": "同步轨道空间站"
			}
		]
	}
}