{
	"type": "naval",
	"name": "亘古",
	"speed": 0.5,
	"rotateSpeed": 0.5,
	"ammoType": {
	"type": "PowerAmmoType",
	"totalPower": 900000
	}
	"hitSize": 140,
	"immunities": [
		"blasted","burning","electrified",
		"freezing","melting","disarmed",
		"sapped","shocked","slow",
		"tarred","unmoving","wet",
		"spore-slowed","corroded",
		"致盲","磁化","破防","延迟","瘫痪","空间混乱","污染","溃解","超相","暗蚀"
	]
	"trailLength": 190,
	"waveTrailX": 30,
	"waveTrailY": -44,
	"trailScl": 12,
	"health": 2400000,
	"armor": 5000,
	"faceTarget": false,
	"research": "亘古"
	"abilities": [
	{
	"type": "StatusFieldAbility",
	"duration": 1000,
	"reload": 990,
	"range": 800,
	"applyEffect": "none",
	"activeEffect": {
	"type": "WaveEffect",
	"particles": 1,
	"sides": 13,
	"strokeFrom": 20,
	"strokeTo": 0,
	"sizeFrom": 0,
	"sizeTo": 800,
	"length": 0,
	"baseLength": 0,
	"lifetime": 120,
	"colorFrom": "DC3023",
	"colorTo": "DC3023"
	}
	"effect": "boss"
}
{
	"type": "StatusFieldAbility",
	"duration": 3000,
	"reload": 890,
	"range": 820,
	"applyEffect": "none",
	"activeEffect": {
	"type": "WaveEffect",
	"particles": 1,
	"sides": 13,
	"strokeFrom": 25,
	"strokeTo": 0,
	"sizeFrom": 0,
	"sizeTo": 820,
	"length": 0,
	"baseLength": 0,
	"lifetime": 120,
	"colorFrom": "C0C0C0",
	"colorTo": "C0C0C0"
	}
	"effect": "凝铠"
}
{
	"type": "ShieldRegenFieldAbility",
	"amount": 100000,
	"max": 100000,
	"reload": 1500,
	"range": 400,
	"applyEffect": "none",
	"activeEffect": {
	"type": "MultiEffect",
	"effects": [
	{
	"type": "ParticleEffect",
	"particles": 15,
	"sizeFrom": 20
	"sizeTo": 0,
	"interp": "pow10Out",
	"sizeInterp": "pow5In",
	"length": 400,
	"baseLength": 20,
	"lifetime": 60,
	"colorFrom": "000000",
	"colorTo": "000000",
	},
]
}
}
],
	"weapons": [
	{
	"name": "亘古1",
	"x": 0,
	"y": 11,
	"mirror": false,
	"reload": 630,
	"shootSound": "boom",
	"rotate": true,
	"top":true
	"inaccuracy": 0,
	"recoil": 4,
	"rotateSpeed":1.5,
	"shootCone":20
	"shootY":32
	"shootStatusDuration": 700,
	"shootStatus": "过载",
	"shoot": {
	"shots": 2,
	"type": "ShootBarrel",
	"barrels": [
	5,0,0,
	-5,0,0,
	]
},
	"bullet":{
	"damage":7045,
	"splashDamageRadius": 120,
	"splashDamage": 3700,
	"width": 6,
	"height": 12,
	"sprite":"黑暗纪元-三角",
	"backColor":"000000",
	"frontColor":"000000",
	"status": "致盲",
	"statusDuration": 300,
	"absorbable": false,
	"reflectable":false,
	"despawnEffect":"none"
	"hitSound":"BZ7"
	"hitSoundVolume": 9
	"shootEffect": {
	"type": "MultiEffect",
	"effects": [
	{
	"type": "ParticleEffect",
	"particles": 10,
	"line":true
	"lenFrom": 35,
	"lenTo": 0
	"interp": "pow5Out",
	"sizeInterp": "pow10In",
	"length": 100,
	"strokeFrom": 5,
	"strokeTo": 0,
	"baseLength": 40,
	"lifetime": 75,
	"colorFrom": "000000",
	"colorTo": "000000",
	"cone":18
	},
	{
	"type": "ParticleEffect",
	"particles": 2,
	"sizeFrom": 8,
	"sizeTo": 0,
	"interp": "pow5Out",
	"sizeInterp": "pow10In",
	"length": 100,
	"baseLength": 0,
	"lifetime": 90,
	"colorFrom": "000000",
	"colorTo": "000000",
	"cone":18
	},
	{
	"type": "ParticleEffect",
	"particles": 2,
	"sizeFrom": 14,
	"sizeTo": 0,
	"interp": "pow5Out",
	"sizeInterp": "pow10In",
	"length": 100,
	"baseLength": 0,
	"lifetime": 95,
	"colorFrom": "000000",
	"colorTo": "000000",
	"cone":18
	}
]
},
	"trailColor": "000000",
	"trailLength":30,
	"trailWidth":3,
	"trailChance": 0.1,
	"trailRotation": false,
	"trailEffect": {
	"type": "ParticleEffect",
	"particles": 1,
	"sizeFrom": 16
	"sizeTo": 0,
	"interp": "bounceIn",
	"length": 100,
	"baseLength": 00,
	"lifetime": 100,
	"colorFrom": "000000",
	"colorTo": "000000",
	},
	"hitEffect": {
	"type": "MultiEffect",
	"effects": [
	{
	"type": "WaveEffect",
	"particles": 1,
	"strokeFrom": 15,
	"strokeTo": 0,
	"sizeFrom": 0,
	"sizeTo": 130,
	"length": 0,
	"baseLength": 0,
	"lifetime": 90,
	"colorFrom": "FFFFFF",
	"colorTo": "000000"
	},
	{
	"type": "ParticleEffect",
	"particles": 19,
	"sizeFrom": 23
	"sizeTo": 0,
	"length": 150,
	"baseLength": 0,
	"interp": "pow5Out",
	"sizeInterp": "pow10In",
	"lifetime": 70,
	"colorFrom": "000000",
	"colorTo": "000000",
	},
	{
	"type": "ParticleEffect",
	"particles": 1,
	"sizeFrom": 120
	"sizeTo": 0,
	"length": 0,
	"baseLength": 0,
	"interp": "pow5Out",
	"sizeInterp": "pow10In",
	"lifetime": 50,
	"colorFrom": "000000C0",
	"colorTo": "000000",
	}
]
},
	"speed": 10,
	"lifetime": 120,
	"hitShake":34
	"fragBullets":5,
	"fragVelocityMin":1,
	"fragVelocityMax":1.8,
	"fragLifeMin":1,
	"fragLifeMax":1.4,
	"fragBullet":{
"speed": 1,
"darg":-0.05
"damage": 210,
"splashDamageRadius": 200,
"splashDamage": 2991,
"lifetime":150,
"homingDelay": 20,
"homingPower": 0.5,
"homingRange": 460,
"width": 6,
"height": 6,
"sprite":"黑暗纪元-三角",
"backColor":"FFFFFF",
"frontColor":"FFFFFF",
"shrinkX":0
"shrinkY":0
"absorbable":false,
"reflectable":false,
"collidesTiles": false,
"collides": false,
"hitSound":"explosionbig",
"hitSoundVolume": 9
"hitEffect": {
"type": "MultiEffect",
	"effects": [
	{
	"type": "WaveEffect",
	"particles": 1,
	"strokeFrom": 12,
	"strokeTo": 0,
	"sizeFrom": 0,
	"sizeTo": 200,
	"length": 0,
	"baseLength": 0,
	"lifetime": 90,
	"colorFrom": "FFFFFF",
	"colorTo": "FFFFFF"
	},
	{
	"type": "ParticleEffect",
	"particles": 12,
	"sizeFrom": 12
	"sizeTo": 0,
	"length": 200,
	"baseLength": 20,
	"lifetime": 80,
	"colorFrom": "FFFFFF",
	"colorTo": "FFFFFF",
	},
	{
	"type": "ParticleEffect",
	"particles": 12,
	"sizeFrom": 26
	"sizeTo": 0,
	"interp": "bounceOut",
	"length": 200,
	"baseLength": 20,
	"lifetime": 80,
	"colorFrom": "FFFFFF",
	"colorTo": "FFFFFF",
	},
	{
	"type": "ParticleEffect",
	"particles": 1,
	"sizeFrom": 0
	"sizeTo": 200,
	"region":"黑暗纪元-气"
	"spin": 10
	"length": 0,
	"baseLength": 0,
	"lifetime": 80,
	"colorFrom": "FFFFFF",
	"colorTo": "FFFFFF00",
	},
	{
	"type": "ParticleEffect",
	"particles": 5,
	"sizeFrom": 8,
	"sizeTo": 0,
	"interp": "pow5Out",
	"sizeInterp": "pow10In",
	"length": 250,
	"baseLength": 20,
	"lifetime": 180,
	"colorFrom": "FFFFFF50",
	"colorTo": "FFFFFF30",
	}
]
}
"trailColor":"FFFFFF",
"trailLength":15,
"trailWidth":2,
"trailChance": 0.6,
"trailEffect": "artilleryTrail"
"hitShake":12
}
}
},
	{
	"name": "亘古2",
	"x": 34,
	"y": 70,
	"mirror": true,
	"reload": 500,
	"shootSound": "mediumCannon",
	"rotate": true,
	"inaccuracy": 0,
	"recoil": 5,
	"alternate": true,
	"rotateSpeed":2,
	"top":true
	"shoot": {
	"firstShotDelay": 110
},
"bullet": {
	"type": "PointBulletType",
	"damage":6670
	"splashDamageRadius": 120,
	"splashDamage": 1967,
	"hitSound": "pulseBlast",
	"lifetime": 1,
	"speed":1200
	"hitShake": 7,
	"status": "致盲",
	"statusDuration": 690,
	"buildingDamageMultiplier": 0.7
	"ammoMultiplier": 1,
	"chargeEffect": {
	"type": "MultiEffect",
	"effects": [
	{
	"type": "WaveEffect",
	"particles": 1,
	"strokeFrom": 0,
	"strokeTo": 12,
	"sizeFrom": 130,
	"sizeTo": 0,
	"length": 0,
	"baseLength": 0,
	"lifetime": 40,
	"colorFrom": "000000",
	"colorTo": "000000"
	},
	{
	"type": "WaveEffect",
	"particles": 1,
	"strokeFrom": 0,
	"strokeTo": 12,
	"sizeFrom": 130,
	"sizeTo": 0,
	"length": 0,
	"baseLength": 0,
	"lifetime": 40,
	"colorFrom": "000000",
	"colorTo": "000000"
	"startDelay":20
	},
	{
	"type": "ParticleEffect",
	"particles": 10,
	"line":true
	"lenFrom": 45,
	"lenTo": 0
	"length": -150,
	"interp": "pow3In",
	"sizeInterp": "pow5Out",
	"strokeFrom": 8,
	"strokeTo": 8,
	"baseLength": 150,
	"lifetime": 60,
	"colorFrom": "000000",
	"colorTo": "000000"
	},
	{
	"type": "ParticleEffect",
	"particles": 10,
	"line":true
	"lenFrom": 45,
	"lenTo": 0
	"length": -150,
	"interp": "pow3In",
	"sizeInterp": "pow5Out",
	"strokeFrom": 8,
	"strokeTo": 8,
	"baseLength": 150,
	"lifetime": 60,
	"colorFrom": "000000",
	"colorTo": "000000"
	"startDelay":20
	}
]
}
	"trailSpacing": 1,
	"trailEffect": {
	"type": "ParticleEffect",
	"particles": 1,
	"baseLength": 0.1,
	"length": 0.1,
	"lifetime": 22,
	"line": true,
	"randLength": false,
	"lenFrom": 9,
	"lenTo": 9,
	"strokeFrom": 8,
	"strokeTo": 0,
	"colorFrom": "000000",
	"colorTo": "000000",
	"cone": 0
	},
	"despawnEffect": "none",
	"shootEffect": {
	"type": "MultiEffect",
	"effects": [
	{
	"type": "WaveEffect",
	"particles": 1,
	"strokeFrom": 6,
	"strokeTo": 0,
	"sizeFrom": 0,
	"sizeTo": 145,
	"length": 0,
	"baseLength": 0,
	"lifetime": 60,
	"colorFrom": "FFFFFF",
	"colorTo": "FFFFFF"
	},
	{
	"type": "ParticleEffect",
	"particles": 8,
	"sizeFrom": 14
	"sizeTo": 0,
	"length": 200,
	"baseLength": 0,
	"lifetime": 50,
	"colorFrom": "FFFFFF",
	"colorTo": "FFFFFF",
	"cone":19
	},
	{
	"type": "ParticleEffect",
	"particles": 5,
	"sizeFrom": 20
	"sizeTo": 0,
	"length": 250,
	"baseLength": 0,
	"lifetime": 70,
	"colorFrom": "FFFFFF40",
	"colorTo": "FFFFFF40",
	"cone":19
	}
]
},
	"hitEffect": {
	"type": "ParticleEffect",
	"particles": 1,
	"sizeFrom": 120
	"sizeTo": 0,
	"length": 0,
	"baseLength": 0,
	"lifetime": 60,
	"colorFrom": "FFFFFF",
	"colorTo": "FFFFFF00",
	},
	"fragBullets":10,
	"fragRandomSpread":360,
	"fragBullet":{
	"type": "PointBulletType",
"speed": 350,
"damage": 4579,
"lifetime":1,
"width": 0,
"height": 0,
"despawnEffect": "none"
"hitSound":"none",
"collidesGround":false,
"collidesAir":false,
"absorbable":false,
"reflectable":false,
"hittable":false,
"collides": false,
"hitBuildings": false,
"hitUnits": false
"collidesTiles": false,
"hitEffect": {
	"type": "WaveEffect",
	"particles": 1,
	"strokeFrom": 12,
	"strokeTo": 0,
	"sizeFrom": 0,
	"sizeTo": 60,
	"length": 0,
	"baseLength": 0,
	"lifetime": 60,
	"colorFrom": "000000",
	"colorTo": "000000"
	},
"trailEffect": "none"
"fragBullets":1,
"fragRandomSpread":360,
"fragVelocityMin":1,
"fragVelocityMax":1,
"fragLifeMin":1,
"fragLifeMax":1.5,	
"fragAngle": 180,
"fragBullet":{
"speed": 0.1,
"damage": 3321,
"splashDamageRadius": 120,
"splashDamage": 1233,
"lifetime":180,
"homingDelay": 0,
"homingPower": 0.03,
"homingRange": 600,
"width": 0,
"height": 0,
"despawnEffect": "none"
"absorbable":false,
"reflectable":false,
"hittable":false,
"hitSound":"JG4",
"hitEffect": {
	"type": "ParticleEffect",
	"particles": 10,
	"line":true
	"lenFrom": 55,
	"lenTo": 0
	"length": 120,
	"interp": "pow5Out",
	"sizeInterp": "pow10In",
	"strokeFrom": 12,
	"strokeTo": 0,
	"baseLength": 0,
	"lifetime": 85,
	"colorFrom": "DC3023",
	"colorTo": "000000"
	}
"trailEffect": "none"
"parts":[
{
	"type": "HaloPart",
	"y": 0,
	"rotateSpeed": 0,
	"sides": 5,
	"shapes": 2,
	"color": "FFFFFF",
	"tri": true,
	"hollow": true,
	"stroke": 0,
	"strokeTo": 0.1,
	"radius": 15,
	"radiusTo": 15,
	"triLength": 0,
	"triLengthTo": 50,
	"haloRadius": 0,
	"haloRotation": 90,
	"haloRotateSpeed": 0,
	"layer": 108
},
{
	"type": "HaloPart",
	"y": 0,
	"rotateSpeed": 0,
	"sides": 5,
	"shapes": 2,
	"color": "DC3023",
	"tri": true,
	"hollow": true,
	"stroke": 0,
	"strokeTo": 0.1,
	"radius": 3,
	"radiusTo": 3,
	"triLength": 0,
	"triLengthTo": 7.5,
	"haloRadius": 0,
	"haloRotation": 180,
	"haloRotateSpeed": 0,
	"layer": 110
},
{
	"type": "ShapePart",
	"progress": "warmup",
	"y": 0,
	"sides": 4,
	"color": "000000",
	"rotateSpeed": 0,
	"stroke": 0,
	"strokeTo": 6,
	"circle": true,
	"hollow": false,
	"radius": 0,
	"radiusTo": 8,
	"layer": 109
	}
]
"fragBullets":1,
"fragRandomSpread":0,
	"fragAngle": 0,
	"fragBullet":{
	"type": "LaserBulletType",
	"length": 600,
	"width": 60,
	"sideAngle": 30,
	"sideWidth": 1,
	"sideLength": 140,
	"pierce": true
	"damage": 5488,
	"splashDamageRadius": 70,
	"splashDamage": 2500,
	"splashDamagePierce": true,
	"buildingDamageMultiplier": 1.5,
	"hitShake":12
	"knockback":30
	"lifetime": 60,
	"colors": [
	"000000",
	"DC3023",
	"000000",
	"FFFFFF"
	],
	"smokeEffect": "smokeCloud",
	"hitEffect": {
	"type": "MultiEffect",
	"effects": [
	{
	"type": "ParticleEffect",
	"particles": 12,
	"sizeFrom": 14
	"sizeTo": 0,
	"interp": "pow5Out",
	"sizeInterp": "pow10In",
	"length": 120,
	"baseLength": 0,
	"lifetime": 60,
	"colorFrom": "DC3023",
	"colorTo": "000000",
	},
	{
	"type": "WaveEffect",
	"particles": 1,
	"strokeFrom": 9,
	"strokeTo": 0,
	"sizeFrom": 0,
	"sizeTo": 120,
	"length": 0,
	"baseLength": 0,
	"lifetime": 70,
	"colorFrom": "DC3023",
	"colorTo": "000000"
	},
	]
}
}
}
}
}
},
	{
	"name":"亘古3"
	"x": 55,
	"y": -10,
	"reload": 300,
	"mirror": true,
	"rotateSpeed":3,
	"shoot": {
	"shots": 60,
}
	"shootSound": "artillery",
	"rotate": true,
	"alternate": true,
	"shootCone": 12,
	"inaccuracy": 4,
	"autoTarget": true,
	"xRand":1
	"shootStatusDuration": 300,
	"shootStatus": "神圣",
	"velocityRnd": 1,
	"bullet": {
	"damage": 432,
	"splashDamageRadius": 32,
	"splashDamage": 20,
	"reflectable":false,
	"shootEffect": {
	"type": "ParticleEffect",
	"particles": 25,
	"sizeFrom": 10
	"sizeTo": 0,
	"length": 200,
	"baseLength": 20,
	"lifetime": 30,
	"colorFrom": "FFFFFF",
	"colorTo": "000000",
	"cone":12
	},
	"despawnEffect":"none"
	"hitEffect": "blastExplosion",
	"hitSound": "BZ6",
	"hitShake":12
	"trailLength": 9,
	"trailWidth": 2.5,
	"width": 8,
	"height": 12,
	"speed": 9,
	"lifetime": 100,
	"trailColor":"000000",
	"backColor":"000000",
	"frontColor":"000000",
	"lightning":3,
	"lightningDamage":229,
	"lightningLength":11,
	"lightningColor":"000000"
	"status": "暗蚀",
	"statusDuration": 300,
}
},
{
	"name":"亘古4"
	"x": 40,
	"y": -84,
	"reload": 180,
	"mirror": true,
	"rotateSpeed":2.7,
	"shoot": {
	"type": "ShootMulti",
	"source": {
	"shots": 3,
	"shotDelay": 20,
	},
	"dest": [
	{
	"type": "ShootHelix",
	"scl": 14,
	"mag": 3
	}
	{
	"type": "ShootHelix",
	"scl": 0,
	"mag": 0
	}
	{
	"type": "ShootHelix",
	"scl": 8,
	"mag": 4
	}
]
}
	"shootSound": "laser",
	"rotate": true,
	"shootCone": 1,
	"inaccuracy": 0,
	"autoTarget": true,
	"shootStatusDuration": 800,
	"shootStatus": "伤害提升",
	"bullet": {
	"damage": 455,
	"pierceCap": 3,
	"knockback":30
	"reflectable":false,
	"collidesTiles": false,
	"shootEffect": "blastExplosion",
	"smokeEffect": "lancerLaserShootSmoke",
	"despawnEffect":"none"
	"hitEffect": {
	"type": "MultiEffect",
	"effects": [
	{
	"type": "ParticleEffect",
	"particles": 6,
	"line":true
	"lenFrom": 45,
	"lenTo": 0
	"length": 80,
	"strokeFrom": 8,
	"strokeTo": 0,
	"baseLength": 0,
	"lifetime": 65,
	"colorFrom": "000000",
	"colorTo": "000000"
	},
	{
	"type": "WaveEffect",
	"particles": 1,
	"strokeFrom": 2,
	"strokeTo": 0,
	"sizeFrom": 0,
	"sizeTo": 15,
	"length": 0,
	"baseLength": 0,
	"lifetime": 60,
	"colorFrom": "000000",
	"colorTo": "000000"
	}
]
}
	"hitSound": "boom",
	"flakInterval":20
	"backColor":"000000",
	"frontColor":"000000",
	"trailColor":"000000",
	"trailLength": 9,
	"trailWidth": 2.5,
	"trailSinScl": 5,
	"trailSinMag": 1.2,
	"trailChance": 0.05,
	"trailInterval": 120,
	"trailEffect": {
	"type": "ParticleEffect",
	"particles": 1,
	"line":true
	"lenFrom": 12,
	"lenTo": 0
	"length": 40,
	"strokeFrom": 4,
	"strokeTo": 0,
	"baseLength": 0,
	"lifetime": 35,
	"colorFrom": "000000",
	"colorTo": "000000"
	},
	"width": 8,
	"height": 8,
	"speed": 6.8,
	"lifetime": 150,
	}
}
{
	"name":"亘古5"
	"x": 55,
	"y": 22,
	"reload": 60,
	"mirror": true,
	"rotateSpeed":4.2,
	"shoot": {
	"shots": 20,
	"shotDelay": 1,
}
	"shootSound": "flame",
	"rotate": true,
	"shootCone":5,
	"inaccuracy": 3,
	"autoTarget": true,
	"xRand":2
	"bullet": {
	"type": "BulletType",
	"damage": 334,
	"hitSize": 15,
	"pierceBuilding": true,
	"hittable": false,
	"absorbable": false,
	"pierce": true,
	"status": "暗蚀",
	"statusDuration": 360,
	"speed": 13,
	"lifetime": 60,
	"ammoMultiplier": 2,
	"shootEffect": {
	"type": "MultiEffect",
	"effects": [
	{
	"type": "ParticleEffect",
	"particles": 1,
	"sizeFrom": 8,
	"sizeTo": 0,
	"sizeInterp": "pow2OutInverse",
	"length": 150,
	"baseLength": 0,
	"lifetime": 60,
	"colorFrom": "DC3023",
	"colorTo": "000000",
	"cone":15
	},
	{
	"type": "ParticleEffect",
	"particles": 1,
	"line":true
	"lenFrom": 35,
	"lenTo": 0
	"length": 150,
	"strokeFrom": 5,
	"strokeTo": 0,
	"baseLength": 40,
	"lifetime": 45,
	"colorFrom": "DC3023",
	"colorTo": "000000"
	"cone":15
	}
]
},
	"smokeEffect":{
	"type": "ParticleEffect",
	"particles": 10,
	"line":true
	"lenFrom": 35,
	"lenTo": 0
	"length": 150,
	"strokeFrom": 5,
	"strokeTo": 0,
	"baseLength": 40,
	"lifetime": 45,
	"colorFrom": "DC3023",
	"colorTo": "000000"
	"cone":15
	},
	"hitEffect": {
	"type": "MultiEffect",
	"effects": [
	{
	"type": "ParticleEffect",
	"particles": 8,
	"sizeFrom": 7,
	"sizeTo": 0,
	"interp": "pow5Out",
	"sizeInterp": "pow10In",
	"length": 40,
	"baseLength": 20,
	"lifetime": 30,
	"colorFrom": "000000",
	"colorTo": "DC3023",
	"cone":15
	},
	{
	"type": "ParticleEffect",
	"particles": 5,
	"line":true
	"lenFrom": 25,
	"lenTo": 0
	"length": 50,
	"strokeFrom": 3,
	"strokeTo": 0,
	"baseLength": 0,
	"lifetime": 45,
	"colorFrom": "000000",
	"colorTo": "DC3023"
	"cone":15
	}
]
},
	"despawnEffect": "none"
}
},
{
	"top":false,
	"reload": 99999999,
	"x": 0,
	"y": 0,
	"shootY": 0,
	"shootX": 0,
	"mirror": false,
	"alternate": true,
	"rotate": true,
	"recoil": 0,
	"recoilTime":0
	"shootCone":360
	"inaccuracy": 0,
	"shootOnDeath": true,
	"shootSound":"none"
	"shootSound": "XN",
	"shoot": {
	"shots": 1,
	}
	"bullet": {
"speed": 0.1,
"damage": 13340,
"splashDamageRadius": 120,
"splashDamage": 10076,
"lifetime":450,
"homingDelay": 0,
"homingPower": 0.02,
"homingRange": 600,
"width": 0,
"height": 0,
"despawnEffect": "none"
"absorbable":false,
"reflectable":false,
"hittable":false,
"hitSound":"JG4",
"hitEffect": {
	"type": "ParticleEffect",
	"particles": 12,
	"line":true
	"lenFrom": 75,
	"lenTo": 0
	"length": 120,
	"interp": "pow5Out",
	"sizeInterp": "pow10In",
	"strokeFrom": 20,
	"strokeTo": 0,
	"baseLength": 0,
	"lifetime": 85,
	"colorFrom": "DC3023",
	"colorTo": "000000"
	}
	"trailChance": 0.05,
	"trailInterval": 120,
	"trailEffect": {
	"type": "ParticleEffect",
	"particles": 1,
	"sizeFrom": 10
	"sizeTo": 0,
	"interp": "bounceIn",
	"length": 100,
	"baseLength": 0,
	"lifetime": 60,
	"colorFrom": "DC3023",
	"colorTo": "000000",
	},
"parts":[
{
	"type": "HaloPart",
	"y": 0,
	"rotateSpeed": 0,
	"sides": 5,
	"shapes": 2,
	"color": "FFFFFF",
	"tri": true,
	"hollow": true,
	"stroke": 0,
	"strokeTo": 0.1,
	"radius": 45,
	"radiusTo": 45,
	"triLength": 0,
	"triLengthTo": 100,
	"haloRadius": 0,
	"haloRotation": 90,
	"haloRotateSpeed": 0,
	"layer": 108
},
{
	"type": "HaloPart",
	"y": 0,
	"rotateSpeed": 0,
	"sides": 5,
	"shapes": 2,
	"color": "DC3023",
	"tri": true,
	"hollow": true,
	"stroke": 0,
	"strokeTo": 0.1,
	"radius": 10,
	"radiusTo": 10,
	"triLength": 0,
	"triLengthTo": 22,
	"haloRadius": 0,
	"haloRotation": 180,
	"haloRotateSpeed": 0,
	"layer": 110
},
{
	"type": "ShapePart",
	"progress": "warmup",
	"y": 0,
	"sides": 4,
	"color": "000000",
	"rotateSpeed": 0,
	"stroke": 0,
	"strokeTo": 6,
	"circle": true,
	"hollow": false,
	"radius": 0,
	"radiusTo": 23,
	"layer": 109
	}
]
"fragBullets":1,
"fragRandomSpread":0,
	"fragAngle": 0,
	"fragBullet":{
	"type": "LaserBulletType",
	"length": 1800,
	"width": 300,
	"sideAngle": 30,
	"sideWidth": 1,
	"sideLength": 500,
	"pierce": true
	"damage": 16775,
	"splashDamageRadius": 70,
	"splashDamage": 8890,
	"splashDamagePierce": true,
	"buildingDamageMultiplier": 1.75,
	"hitShake":87
	"knockback":55
	"lifetime": 180,
	"colors": [
	"000000",
	"DC3023",
	"000000",
	"FFFFFF"
	],
	"smokeEffect": "smokeCloud",
	"hitEffect": {
	"type": "MultiEffect",
	"effects": [
	{
	"type": "ParticleEffect",
	"particles": 20,
	"sizeFrom": 25
	"sizeTo": 0,
	"interp": "pow5Out",
	"sizeInterp": "pow10In",
	"length": 180,
	"baseLength": 0,
	"lifetime": 90,
	"colorFrom": "DC3023",
	"colorTo": "000000",
	},
	{
	"type": "WaveEffect",
	"particles": 1,
	"strokeFrom": 9,
	"strokeTo": 0,
	"sizeFrom": 0,
	"sizeTo": 180,
	"length": 0,
	"baseLength": 0,
	"lifetime": 100,
	"colorFrom": "DC3023",
	"colorTo": "000000"
	},
	{
	"type": "ParticleEffect",
	"particles": 10,
	"line":true
	"lenFrom": 55,
	"lenTo": 0
	"length": 180,
	"strokeFrom": 25,
	"strokeTo": 0,
	"baseLength": 0,
	"lifetime": 105,
	"colorFrom": "DC3023",
	"colorTo": "000000"
	}
	]
}
}
}
}
]
}