{
    "type": "flying",
    "name": "敏捷",
    "rotateSpeed": 6,
    "speed": 3.4,
    "drag": 0.09,
    "accel": 0.5,
    "trailLength": 10,
    "trailWidth": 5,
    "targetAir": true,
    "circleTarget": true,
    "engines": [
        {
            "x": 0,
            "y": -5,
            "radius": 3,
            "rotation": 90
        }
    ],
    "research": "flare",
    "ammoType": {
        "type": "PowerAmmoType",
        "totalPower": 700
    },
    "hitSize": 5,
    "flying": true,
    "health": 150,
    "armor": 5,
    "engineOffset": 2,
    "engineSize": 1,
    "itemCapacity": 0,
    "weapons": [
        {
            "name": "敏捷-前",
            "x": 0,
            "y": 0,
            "recoil": 0,
            "shootX": -1.5,
            "shootY": 0.8,
            "reload": 60,
            "top": false,
            "rotate": 1,
            "shootEffect": "shootBig",
            "ejectEffect": "casing1",
            "shoot": {
                "shots": 5,
                "shotDelay": 2,
                "type": "ShootBarrel",
                "barrels": [
                    -0.5,
                    0.8,
                    0,
                    0.5,
                    0.8,
                    0
                ]
            },
            "alternate": false,
            "mirror": true,
            "bullet": {
                "damage": 15,
                "lifetime": 5,
                "width": 3,
                "height": 3,
                "speed": 20,
                "sprite": "circle-bullet"
            }
        }
    ]
}