{
    "type": "flying",
    "name": "鬼影",
    "rotateSpeed": 3,
    "speed": 4,
    "drag": 0.06,
    "accel": 0.6,
    "immunities": [
        "tarred",
        "slow"
    ],
    "hitSize": 10,
    "flying": true,
    "lowAltitude": true,
    "health": 450,
    "armor": 11,
    "engines": [
        {
            "x": 0,
            "y": -7,
            "radius": 5,
            "rotation": 90
        }
    ],
    "research": "敏捷",
    "requirements": {
        "block": "additive-reconstructor",
        "previous": "敏捷"
    },
    "weapons": [
        {
            "x": 0,
            "y": 0,
            "recoil": 3,
            "shootX": 5,
            "shootY": 5.3,
            "reload": 360,
            "top": false,
            "rotate": false,
            "shootSound": "laser",
            "chargeSound": "lasercharge2",
            "alternate": false,
            "mirror": true,
            "bullet": {
                "type": "LaserBulletType",
                "chargeEffect": {
                    "type": "MultiEffect",
                    "effects": [
                        "lancerLaserCharge",
                        "lancerLaserChargeBegin"
                    ]
                },
                "lightningSpacing": 25,
                "lightningLength": 5,
                "lightningDelay": 0.6,
                "lightningLengthRand": 1,
                "lightningAngleRand": 8,
                "lightningDamage": 15,
                "lightningColor": "FFFFFF",
                "damage": 125,
                "lifetime": 10,
                "width": 10,
                "height": 34,
                "splashDamageRadius": 20,
                "splashDamage": 120,
                "buildingDamageMultiplier": 1.2,
                "status": "破防",
                "statusDuration": 10
            }
        },
        {
            "name": "鬼影1",
            "x": 3.8,
            "y": 0,
            "recoil": 2,
            "shootX": 0,
            "shootY": 0.7,
            "reload": 20,
            "top": true,
            "rotate": false,
            "shootEffect": "shootBig",
            "ejectEffect": "casing1",
            "shoot": {
                "shots": 3,
                "shotDelay": 10
            },
            "alternate": true,
            "mirror": true,
            "bullet": {
                "damage": 20,
                "lifetime": 20,
                "width": 5,
                "height": 5,
                "speed": 20,
                "sprite": "circle-bullet",
                "trailLength": 4,
                "trailWidth": 2
            }
        },
        {
            "x": 0,
            "y": 0,
            "recoil": 7,
            "shootX": 0,
            "shootY": 0,
            "reload": 60,
            "top": false,
            "rotate": false,
            "shootEffect": "DDFS",
            "alternate": false,
            "bullet": {
                "damage": 25,
                "lifetime": 180,
                "width": 6,
                "height": 18,
                "knockback": 3,
                "speed": 1,
                "drag": -0.01,
                "homingDelay": 60,
                "homingPower": 0.4,
                "homingRange": 1000,
                "splashDamageRadius": 40,
                "splashDamage": 80,
                "sprite": "黑暗纪元-惊鸿",
                "buildingDamageMultiplier": 0.01,
                "hitshake": 4,
                "hitEffect": {
                    "type": "MultiEffect",
                    "effects": [
                        {
                            "type": "ParticleEffect",
                            "particles": 10,
                            "sizeFrom": 6,
                            "sizeTo": 0,
                            "length": 35,
                            "baseLength": 0,
                            "lifetime": 15,
                            "colorFrom": "434242",
                            "colorTo": "CECECE70"
                        },
                        {
                            "type": "ParticleEffect",
                            "particles": 20,
                            "sizeFrom": 7,
                            "sizeTo": 0,
                            "length": 40,
                            "baseLength": 0,
                            "lifetime": 25,
                            "colorFrom": "434242",
                            "colorTo": "CECECE70"
                        }
                    ]
                },
                "trailLength": 40,
                "trailWidth": 2,
                "trailColor": "FFFFFF88",
                "trailChance": 1,
                "trailInterval": 16,
                "trailEffect": {
                    "type": "ParticleEffect",
                    "particles": 3,
                    "length": 16,
                    "baseLength": 1,
                    "lifetime": 30,
                    "colorFrom": "E3E3E380",
                    "colorTo": "E3E3E380",
                    "sizeFrom": 3,
                    "sizeTo": 0
                }
            }
        }
    ]
}