{
	"type": "PowerTurret",
	"name": "五芒星",
	"health": 61800,
	"armor":1618
	"size": 2,
	"reload": 1296,
	"range": 618,
	"recoilTime": 618,
	"recoil": 0,
	"targetGround": true,
	"targetAir": true,
	"inaccuracy": 0,
	"shake": 0,
	"shootCone": 360,
	"rotateSpeed": 0,
	"shootEffect":"none"
	"unitSort": "weakest",
	"consumes": {
		"power": 618,
	},
	"shoot": {
	"shots": 1
	"type": "ShootBarrel",
	"barrels": [
	0,0,0,
		]
	},
	"shootSound": "wave",
	"requirements": [
	"surge-alloy/618"
	"thorium/1618"
	"silicon/618"
	"titanium/1618"
	"metaglass/1618"
	"plastanium/618"
	"copper/1618"
	],
	/*"drawer":{
	"type":"DrawTurret",
	"parts":[
{
	"type": "ShapePart",
	"progress": "warmup",
	"shapeRotation": 36,
	"y": 0,
	"x": 0
	"sides": 5
	"color": "FFE92C00",
	"colorTo": "FFE92C",
	"rotateSpeed": 0,
	"stroke": 0,
	"strokeTo": 4,
	"circle": false,
	"hollow": true,
	"radius": 100,
	"radiusTo": 64,
	"layer": 110
	},
	{
	"type": "ShapePart",
	"progress": "warmup",
	"shapeRotation": 36,
	"y": 0,
	"x": 0
	"sides": 5
	"color": "FFE92C00",
	"colorTo": "FFE92C",
	"rotateSpeed": 0,
	"stroke": 0,
	"strokeTo": 4,
	"circle": false,
	"hollow": true,
	"radius": 64,
	"radiusTo": 19.776,
	"layer": 110
	}
	{
	"type": "HaloPart",
	"progress": "warmup",
	"shapes":1,
	"stroke":0,
	"strokeTo":4,
	"tri":true,
	"hollow":true
	"y":42.224,
	"x":0,
	"radius":0,
	"radiusTo":64,
	"triLength":0,
	"triLengthTo":88.224,
	"haloRadius":0,
	"haloRadiusTo":0,
	"haloRotation":180,
	"haloRotateSpeed":0,
	"layer:":110,
	"color":"FFE92C00"
	"colorTo":"FFE92C"
	}
]
}*/
	"shootType": {
	    "type":"BasicBulletType",
		"damage": 1680,
		"ammoMultiplier": 1,
		"sprite":"黑暗纪元-五芒星1",
		"backColor":"FFE92C",
		"frontColor":"FFE92C"
		"width": 1,
		"height": 1,
		"pierceCap": 3,
		"hitSound":"none"
		"speed": 0,
		"lifetime": 618,
		"trailEffect": "none"
		"hitEffect":"none"
		"shrinkX":-309
		"shrinkY":-309
		"hittable":false
		"bulletInterval":620
		"intervalBullets":3
		"intervalSpread":61.8
		"intervalBullet":{
		"speed":50
		"drag":0.4
		"hitSound":"none"
		"trailEffect": "none"
		"hitEffect":"none"
		"damage":1618
		"sprite":"黑暗纪元-三角",
		"backColor":"FFE92C",
		"frontColor":"FFE92C"
		"width": 0,
		"height": 0,
		"lifetime": 618,
		"hittable":false
		"fragBullets":1,
		"fragVelocityMin":1,
		"fragLifeMin":1,
		"fragLifeMax":3,
		"fragAngle": 0,
		"fragRandomSpread":0,
		"fragBullet":{
		"speed":0.1
		"hitSound":"cannon"
		"trailEffect": "none"
		"hitEffect":"none"
		"damage":1618
		"sprite":"黑暗纪元-三角",
		"backColor":"FFE92C",
		"frontColor":"FFE92C"
		"width": 1,
		"height": 1,
		"lifetime": 247.2,
		"shrinkX":-61.8
		"shrinkY":-61.8
		"homingDelay": 0,
		"homingPower": 0.618,
		"homingRange": 1618,
		"hittable":false
		"fragBullets":1,
		"fragVelocityMin":1,
		"fragAngle": 0,
		"fragRandomSpread":0,
		"fragBullet":{
		"speed":6.18
		"drag":-0.0618
		"lifetime":382
		"hitSound":"dullExplosion"
		"knockback":618
		"trailEffect": "none"
		"hitEffect":{
		"type": "MultiEffect",
		"effects": [
		{
		"type": "WaveEffect",
		"particles": 1,
		"strokeFrom": 6.18,
		"strokeTo": 0,
		"sizeFrom": 0,
		"sizeTo": 61.8,
		"length": 0,
		"baseLength": 0,
		"lifetime": 10,
		"colorFrom": "FFE92C",
		"colorTo": "FFE92C"
		},
		{
		"type": "ParticleEffect",
		"particles": 10,
		"line":true
		"lenFrom": 61.8,
		"lenTo": 0
		"length": 200,
		"interp": "fastSlow",
		"strokeFrom": 6.18,
		"strokeTo": 0,
		"baseLength": 0,
		"lifetime": 61.8,
		"colorFrom": "FFE92C",
		"colorTo": "FFE92C50"
		}
	]
}
		"damage":6180
		"sprite":"黑暗纪元-三角",
		"backColor":"FFE92C",
		"frontColor":"FFE92C"
		"width": 61.8,
		"height": 61.8,
		"lifetime": 61.8,
		"shrinkX":0
		"shrinkY":0
		}
	}
}//大三角
		"fragBullets":1,
		"fragVelocityMin":1,
		"fragAngle": 0,
		"fragRandomSpread":0,
		"fragBullet":{
		"speed":-8
		"sprite":"黑暗纪元-五芒星1",
		"backColor":"FFE92C",
		"frontColor":"FFE92C"
		"width": -309,
		"height": -309,
		"trailEffect": "none"
		"hitEffect":"none"
		"shrinkX":0
		"shrinkY":0
		"lifetime":1
		"hittable":false
		"bulletInterval":620
		"intervalBullets":25
		"intervalSpread":61.8
		"intervalBullet":{
		"speed":100
		"drag":0.4
		"hitSound":"none"
		"trailEffect": "none"
		"hitEffect":"none"
		"damage":618
		"sprite":"黑暗纪元-黄金等腰72",
		"backColor":"FFE92C",
		"frontColor":"FFE92C"
		"width": 0,
		"height": 0,
		"lifetime": 30,
		"hittable":false
		"shrinkX":0
		"shrinkY":0
		"fragBullets":1,
		"fragVelocityMin":1,
		"fragVelocityMax":1,
		"fragLifeMin":0.8,
		"fragLifeMax":1.2,
		"fragAngle": 0,
		"fragRandomSpread":0,
		"fragBullet":{
		"speed":0.1
		"hitSound":"plasmadrop"
		"trailEffect": "none"
		"hitEffect":"none"
		"damage":618
		"sprite":"黑暗纪元-黄金等腰72",
		"backColor":"FFE92C",
		"frontColor":"FFE92C"
		"width": 1,
		"height": 1,
		"lifetime": 30.9,
		"hittable":false
		"shrinkX":-30.9
		"shrinkY":-30.9
		"homingDelay": 0,
		"homingPower": 0.618,
		"homingRange": 1618,
		"fragBullets":1,
		"fragVelocityMin":1,
		"fragVelocityMax":1,
		"fragAngle": 0,
		"fragRandomSpread":0,
		"fragBullet":{
		"speed":6.18
		"drag":-0.0618
		"lifetime":283
		"hitSound":"rockBreak"
		"knockback":28.3
		"trailEffect": "none"
		"hitEffect":{
		"type": "MultiEffect",
		"effects": [
		{
		"type": "WaveEffect",
		"particles": 1,
		"strokeFrom": 6.18,
		"strokeTo": 0,
		"sizeFrom": 0,
		"sizeTo": 61.8,
		"length": 0,
		"baseLength": 0,
		"lifetime": 10,
		"colorFrom": "FFE92C",
		"colorTo": "FFE92C"
		},
		{
		"type": "ParticleEffect",
		"particles": 10,
		"line":true
		"lenFrom": 30.9,
		"lenTo": 0
		"length": 80,
		"interp": "fastSlow",
		"strokeFrom": 3.09,
		"strokeTo": 0,
		"baseLength": 0,
		"lifetime": 30.9,
		"colorFrom": "FFE92C",
		"colorTo": "FFE92C50"
		}
	]
}
		"damage":618
		"sprite":"黑暗纪元-黄金等腰72",
		"backColor":"FFE92C",
		"frontColor":"FFE92C"
		"width": 30.9,
		"height": 30.9,
		"lifetime": 61.8,
		"shrinkX":0
		"shrinkY":0
		}
	}
}//72
		"fragBullets":1,
		"fragVelocityMin":1,
		"fragAngle": 180,
		"fragRandomSpread":0,
		"fragBullet":{
		"speed":0
		"sprite":"黑暗纪元-五芒星1",
		"backColor":"FFE92C",
		"frontColor":"FFE92C"
		"width": 309,
		"height": 309,
		"trailEffect": "none"
		"hitEffect":"none"
		"shrinkX":0
		"shrinkY":0
		"lifetime":25
		"bulletInterval":1
		"intervalBullets":1
		"intervalSpread":61.8
		"intervalBullet":{
		"speed":25
		"drag":0.1
		"hitSound":"none"
		"trailEffect": "none"
		"hitEffect":"none"
		"damage":618
		"sprite":"黑暗纪元-圆",
		"backColor":"FFE92C",
		"frontColor":"FFE92C"
		"width": 1,
		"height": 1,
		"lifetime": 20,
		"hittable":false
		"shrinkX":28.3
		"shrinkY":28.3
		"fragBullets":1,
		"fragVelocityMin":1,
		"fragVelocityMax":1,
		"fragLifeMin":0.7,
		"fragLifeMax":1.3,
		"fragAngle": 0,
		"fragRandomSpread":0,
		"fragBullet":{
		"speed":0
		"hitSound":"none"
		"trailEffect": "none"
		"hitEffect":"none"
		"damage":2830
		"sprite":"黑暗纪元-圈",
		"backColor":"FFE92C",
		"frontColor":"FFE92C"
		"width": 28.3,
		"height": 28.3,
		"lifetime": 558,
		"hittable":false
		"shrinkX":0
		"shrinkY":0
		"homingDelay": 0,
		"homingPower": 6.18,
		"homingRange": 618,
		"bulletInterval":15
		"intervalBullets":1
		"intervalSpread":61.8
		"intervalBullet":{
		"speed":0.1
		"hitSound":"bolt"
		"trailEffect": "none"
		"hitEffect":"none"
		"damage":283
		"sprite":"黑暗纪元-圆矩",
		"backColor":"FFE92C",
		"frontColor":"FFE92C"
		"width": 1,
		"height": 1,
		"lifetime": 20,
		"hittable":false
		"shrinkX":2.83
		"shrinkY":28.3
		"homingDelay": 0,
		"homingPower": 28.3,
		"homingRange": 1618,
		"fragBullets":1,
		"fragVelocityMin":1,
		"fragVelocityMax":1,
		"fragAngle": 0,
		"fragRandomSpread":0,
		"fragBullet":{
		"speed":28.3
		"drag":-0.00283
		"lifetime":283
		"hitSound":"artillery"
		"knockback":2.83
		"trailEffect": "none"
		"trailColor":"FFE92C",
		"trailLength":6.18,
		"trailWidth":2,
		"trailSpacing": 15,
		"hitEffect":{
		"type": "MultiEffect",
		"effects": [
		{
		"type": "WaveEffect",
		"particles": 1,
		"strokeFrom": 2.83,
		"strokeTo": 0,
		"sizeFrom": 0,
		"sizeTo": 28.3,
		"length": 0,
		"baseLength": 0,
		"lifetime": 10,
		"colorFrom": "FFE92C",
		"colorTo": "FFE92C"
		},
		{
		"type": "ParticleEffect",
		"particles": 7,
		"sizeFrom": 6.18,
		"sizeTo": 0,
		"length": 28.3,
		"baseLength": 0,
		"lifetime": 30,
		"colorFrom": "FFE92C",
		"colorTo": "FFE92C",
		},
		{
		"type": "ParticleEffect",
		"particles": 1,
		"sizeFrom": 28.3,
		"sizeTo": 0,
		"interp": "pow10Out",
		"sizeInterp": "pow5In",
		"length": 0,
		"baseLength": 0,
		"lifetime": 20,
		"colorFrom": "FFE92C50",
		"colorTo": "FFE92C10",
		}
	]
}
		"damage":61.8
		"buildingDamageMultiplier": 0,
		"sprite":"黑暗纪元-圆矩",
		"backColor":"FFE92C",
		"frontColor":"FFE92C"
		"width": 2.83,
		"height": 28.3,
		"lifetime": 61.8,
		"shrinkX":0
		"shrinkY":0
		}
	}
}
}//线
"fragBullets":1,
		"fragVelocityMin":1,
		"fragAngle": 0,
		"fragRandomSpread":0,
		"fragBullet":{
		"speed":0
		"sprite":"黑暗纪元-五芒星1",
		"backColor":"FFE92C",
		"frontColor":"FFE92C"
		"width": 309,
		"height": 309,
		"trailEffect": "none"
		"hitEffect":"none"
		"shrinkX":0
		"shrinkY":0
		"lifetime":558
		"hittable":false
		"fragBullets":1,
		"fragVelocityMin":1,
		"fragAngle": 0,
		"fragRandomSpread":0,
		"fragBullet":{
		"speed":0
		"sprite":"黑暗纪元-五芒星1",
		"backColor":"FFE92C",
		"frontColor":"FFE92C"
		"width": 309,
		"height": 309,
		"trailEffect": "none"
		"hitSound":"largeCannon"
		"shrinkX":1
		"shrinkY":1
		"lifetime":30
		"hittable":false
		"status": "unmoving",
		"statusDuration": 300,
		"splashDamageRadius": 618,
		"splashDamage": 9010,
		"hitShake":26
		"collides":true
		"collidesTeam":true
		"healPercent":28.3
		"hitEffect":{
		"type": "MultiEffect",
		"effects": [
		{
		"type": "WaveEffect",
		"particles": 1,
		"strokeFrom": 2.83,
		"strokeTo": 0,
		"sizeFrom": 0,
		"sizeTo": 618,
		"length": 0,
		"baseLength": 0,
		"lifetime": 28.3,
		"colorFrom": "FFE92C",
		"colorTo": "FFE92C"
		},
		{
		"type": "WaveEffect",
		"particles": 1,
		"strokeFrom": 6.18,
		"strokeTo": 0,
		"sizeFrom": 0,
		"sizeTo": 283,
		"length": 0,
		"baseLength": 0,
		"lifetime": 61.8,
		"colorFrom": "FFE92C",
		"colorTo": "FFE92C60"
		},
		{
		"type": "ParticleEffect",
		"particles": 25,
		"sizeFrom": 28.3,
		"sizeTo": 0,
		"interp": "fastSlow",
		"length": 618,
		"baseLength": 61.8,
		"lifetime": 30,
		"colorFrom": "FFE92C",
		"colorTo": "FFE92C80",
		},
		{
		"type": "ParticleEffect",
		"particles": 15,
		"sizeFrom": 61.8,
		"sizeTo": 0,
		"length": 618,
		"baseLength": 28.3,
		"lifetime": 35,
		"colorFrom": "FFE92C",
		"colorTo": "FFE92C90",
		},
		{
		"type": "ParticleEffect",
		"particles": 1,
		"sizeFrom": 0,
		"sizeTo": 283,
		"length": 0,
		"baseLength": 0,
		"region":"黑暗纪元-五芒星1"
		"lifetime": 55,
		"colorFrom": "FFE92C75",
		"colorTo": "FFE92C00",
		},
		{
		"type": "ParticleEffect",
		"particles": 15,
		"sizeFrom": 61.8,
		"sizeTo": 0,
		"interp": "pow5Out",
		"sizeInterp": "pow10In",
		"length": 618,
		"baseLength": 28.3,
		"lifetime": 180,
		"colorFrom": "FFE92C50",
		"colorTo": "FFE92C20",
		},
		{
		"type": "ParticleEffect",
		"particles": 25,
		"sizeFrom": 28.3,
		"sizeTo": 0,
		"interp": "pow5Out",
		"sizeInterp": "pow10In",
		"length": 618,
		"baseLength": 28.3,
		"lifetime": 170,
		"colorFrom": "FFE92C50",
		"colorTo": "FFE92C20",
		},
		{
		"type": "ParticleEffect",
		"particles": 20,
		"line":true
		"lenFrom": 28.3,
		"lenTo": 0
		"length": 618,
		"strokeFrom": 6.18,
		"strokeTo": 0,
		"baseLength": 283,
		"lifetime": 37,
		"colorFrom": "FFE92C",
		"colorTo": "FFE92C50"
		}
	]
}
}
}
}
}
}
	"category": "turret",
	"research": {
	"parent": "foreshadow",
	"objectives": [
			{
				"type": "SectorComplete",
				"preset": "黑暗纪元-空置域"
			}
		]
	}
}