{
	"type": "PowerTurret",
	"name": "倾覆",
	"unitSort": "farthest",
	"health": 1976,
	"size": 4,
	"reload": 13.3,
	"range": 640,
	"recoilTime": 5,
	"recoil": 4,
	"consumes": {},
	"shootSound": "shotgun",
	"targetGround": true,
	"targetAir": false,
	"inaccuracy": 1.8,
	"shake": 3,
	"shootCone": 1,
	"rotateSpeed": 4.6,
	"shootType": {
	"type": "ShrapnelBulletType",
	"length": 640,
	"damage": 225,
	"width": 20,
	"knockback":800
	"collidesAir":false,
	"lifetime":22
	"fromColor": "FFFFFF",
	"toColor": "C0C0C0",
	"shootEffect": "thoriumShoot"
	"spawnBullets": [
	{
	"shoot": {
	"type": "ShootMulti",
	"source": {
	"shots": 4,
	"shotDelay": 10
	},
	"dest": [
	{
	"type": "ShootHelix",
	"scl": 6,
	"mag": 4
	},
	{
	"type": "ShootHelix",
	"scl": 3,
	"mag": 2
	}
	{
	"type": "ShootHelix",
	"scl": 9,
	"mag": 6
	}
	{
	"type": "ShootHelix",
	"scl": 1,
	"mag": 8
	}
]
},
	"damage": 31.25,
	"splashDamageRadius": 65,
	"splashDamage": 15,
	"speed":11.1
	"lifetime":58
	"sprite":"黑暗纪元-刺雨",
	"smokeEffect": "none",
	"hitEffect": {
	"type": "MultiEffect",
	"effects": [
	{
	"type": "WaveEffect",
	"particles": 1,
	"strokeFrom": 5,
	"strokeTo": 0,
	"sizeFrom": 0,
	"sizeTo": 65,
	"length": 0,
	"baseLength": 0,
	"lifetime": 35,
	"colorFrom": "FFFFFF",
	"colorTo": "FFFFFF"
	},
	{
	"type": "ParticleEffect",
	"particles": 1,
	"sizeFrom": 80,
	"sizeTo": 0,
	"interp": "pow5Out",
	"sizeInterp": "pow10In",
	"region":"黑暗纪元-新星"
	"length": 0,
	"baseLength": 0,
	"lifetime": 30,
	"colorFrom": "C0C0C0",
	"colorTo": "C0C0C0",
	}
]
},
	"status": "unmoving",
	"statusDuration": 180,
	"despawnSound": "none"
	"homingDelay": 0,
	"homingPower": 0.2,
	"homingRange": 600,
	"trailColor":"C0C0C0",
	"trailLength":5,
	"trailWidth":2,
	}
]
}
	"requirements": [
	"graphite/180"
	"silicon/1200"
	"钢/800"
	"铁/400"
	],
	"category": "turret",
	"research": {
    "parent": "差值",
    "objectives": [
			{
				"type": "SectorComplete",
				"preset": "[yellow]战术训练-物资管理"
			}
		]
	}
}