{
	"type": "PowerTurret",
	"name": "守望",
	"unitSort": "weakest",
	"health": 25954,
	"armor":80
	"size": 8,
	"reload": 360,
	"range": 1700,
	"recoilTime": 180,
	"recoil": 3,
	"canOverdrive": false,
	"heatColor": "F1E988",
	"xRand": 0,
	"liquidCapacity": 75,
	"minWarmup": 0.5,
	"shootWarmupSpeed": 0.1,
	"cooldownTime": 180,
	"consumes": {
		"power": 850,
		"coolant": {
			"amount": 0.45,
			"optional": true
		}
	},
	"shootY": 0,
	"shoot": {
	"shots": 2,
	"type": "ShootBarrel",
	"barrels": [
	-11.5,20,0,
	11.5,20,0,
	]
},
	"shootSound": "Shoot",
	"shootEffect": {
	"type": "MultiEffect",
	"effects": [
	{
	"type": "ParticleEffect",
	"particles": 10,
	"sizeFrom": 8
	"sizeTo": 0,
	"length": 200,
	"baseLength": 20,
	"lifetime": 110,
	"colorFrom": "F1E98880",
	"colorTo": "F1E98880",
	"cone":38
	},
	{
	"type": "ParticleEffect",
	"particles": 8,
	"sizeFrom": 12,
	"sizeTo": 0,
	"interp": "pow5Out",
	"sizeInterp": "pow10In",
	"length": 250,
	"baseLength": 20,
	"lifetime": 120,
	"colorFrom": "D0A17370",
	"colorTo": "D0A17370",
	"cone":34
	},
	{
	"type": "ParticleEffect",
	"particles": 5,
	"line":true
	"lenFrom": 35,
	"lenTo": 0
	"length": 150,
	"strokeFrom": 5,
	"strokeTo": 0,
	"baseLength": 40,
	"lifetime": 125,
	"colorFrom": "F1E988",
	"colorTo": "D0A173",
	"cone":36
	}
]
},
	"targetGround": true,
	"targetAir": true,
	"inaccuracy": 0,
	"shake": 6,
	"shootCone": 3,
	"rotateSpeed": 1.9,
	"shootType": {
	"type":"BasicBulletType",
	"damage": 15005,
	"hittable":false,
	"ammoMultiplier": 1,
	"buildingDamageMultiplier": 0,
	"sprite": "circle-bullet",
	"width": 7,
	"height": 7,
	"hitSound":"DL"
	"hitSoundVolume": 22
	"hitShake":30
	"hitEffect":{
	"type": "MultiEffect",
	"effects": [
	{
	"type": "WaveEffect",
	"particles": 1,
	"strokeFrom": 8,
	"strokeTo": 0,
	"sizeFrom": 0,
	"sizeTo": 100,
	"length": 0,
	"baseLength": 0,
	"lifetime": 70,
	"colorFrom": "FFFFFF",
	"colorTo": "FFFFFF"
	},
	{
	"type": "ParticleEffect",
	"particles": 10,
	"sizeFrom": 13,
	"sizeTo": 0,
	"interp": "pow5Out",
	"sizeInterp": "pow10In",
	"length": 120,
	"baseLength": 20,
	"lifetime": 180,
	"colorFrom": "F1E988",
	"colorTo": "D0A173",
	},
	{
	"type": "ParticleEffect",
	"particles": 8,
	"sizeFrom": 20,
	"sizeTo": 0,
	"interp": "pow5Out",
	"sizeInterp": "pow10In",
	"length": 120,
	"baseLength": 20,
	"lifetime": 180,
	"colorFrom": "F1E988",
	"colorTo": "D0A173",
	}
]
},
	"splashDamageRadius": 100,
	"splashDamage": 8776,
	"lightning":5,
	"lightningDamage":431,
	"lightningLength":14
	"despawnEffect": "none"
	"status": "disarmed",
	"statusDuration": 450,
	"speed": 20,
	"lifetime": 85,
	"backColor":"F1E988",
	"frontColor":"D0A173",
	"shrinkX":0
	"shrinkY":0
	"trailLength": 40,
	"trailWidth": 2,
	"trailColor": "F1E98888",
	"trailChance": 1,
	"trailInterval": 16,
	"trailEffect": {
	"type": "ParticleEffect",
	"particles": 1,
	"startDelay": 2,
	"region": "黑暗纪元-放射三角",
	"interp": "pow5Out",
	"sizeInterp": "pow10In",
	"sizeFrom": 8,
	"sizeTo": 0,
	"length": 80,
	"baseLength": 0,
	"lifetime": 30,
	"colorFrom": "F1E988",
	"colorTo": "D0A173",
	}
	"fragBullets":30,
	"fragLifeMin": 1,
	"fragLifeMax": 2,
	"fragCone":45,
	"fragBullet":{
	"hitEffect":{
	"type": "ParticleEffect",
	"particles": 5,
	"sizeFrom": 25,
	"sizeTo": 0,
	"length": 0,
	"interp": "swing",
	"lifetime": 60,
	"region": "黑暗纪元-针"
	"colorFrom": "D0A173",
	"colorTo": "D0A173"
},
	"type":"BasicBulletType",
	"damage": 1151,
	"hittable":false,
	"ammoMultiplier": 1,
	"buildingDamageMultiplier": 0,
	"despawnEffect": "none"
	"sprite": "circle-bullet",
	"width": 5,
	"height": 5,
	"hitSound":"spark"
	"hitSoundVolume": 22
	"hitShake":5
	"splashDamageRadius": 10,
	"splashDamage": 591,
	"trailLength": 5,
	"trailWidth": 2,
	"trailColor": "F1E98888",
	"status": "electrified",
	"statusDuration": 240,
	"speed": 20,
	"lifetime": 10,
	"backColor":"F1E988",
	"frontColor":"D0A173",
	"shrinkX":0
	"shrinkY":0
	}
}
"drawer":{
"type":"DrawTurret",
"parts":[
{
"type": "ShapePart",
"progress": "warmup",
"y": -25,
"color": "F1E988",
"rotateSpeed": 0,
"stroke": 0,
"strokeTo": 3,
"circle": true,
"hollow": true,
"radius": 0,
"radiusTo": 8,
"layer": 110
},
{
"type": "HaloPart",
"progress": "warmup",
"shapes":2,
"tri":true,
"hollow": true,
"y":-25,
"radius":0,
"radiusTo":5,
"triLength":15,
"triLengthTo":15,
"haloRadius":11,
"haloRadiusTo":11,
"haloRotateSpeed":1.1,
"layer":110,
"color":"F1E988",
},
{
"type": "HaloPart",
"progress": "warmup",
"shapes":2,
"shapeRotation": 180,
"tri":true,
"hollow": true,
"y":-25,
"radius":0,
"radiusTo":5,
"triLength":3,
"triLengthTo":3,
"haloRadius":11,
"haloRadiusTo":11,
"haloRotateSpeed":1.1,
"layer":110,
"color":"F1E988",
},
{
"type": "HaloPart",
"progress": "warmup",
"shapes":2,
"tri":true,
"hollow": true,
"y":-25,
"radius":0,
"radiusTo":5,
"triLength":19,
"triLengthTo":19,
"haloRadius":15,
"haloRadiusTo":15,
"haloRotateSpeed":-1.3,
"layer":110,
"color":"F1E988",
},
{
"type": "HaloPart",
"progress": "warmup",
"shapes":2,
"shapeRotation": 180,
"tri":true,
"hollow": true,
"y":-25,
"radius":0,
"radiusTo":5,
"triLength":5,
"triLengthTo":5,
"haloRadius":15,
"haloRadiusTo":15,
"haloRotateSpeed":-1.3,
"layer":110,
"color":"F1E988",
}
]
},
	"requirements": [
		"graphite/3000"
		"silicon/5400"
		"thorium/4000"
		"lead/1400"
		"phase-fabric/4000"
		"plastanium/3180"
		"copper/2900"
		"titanium/5430"
		"metaglass/1760"
		"surge-alloy/7000"
	],
	"category": "turret",
	"research": {
    "parent": "五芒星",
    "objectives": [
			{
				"type": "OnSector",
				"preset": "突袭"
			}
		]
	}
}