{
	"type":"ItemTurret",
	"unitSort": "strongest",
	"name":"彩",
	"size":9,
	"health":123456
	"range":860,
	"reload":10,
	"recoil":0.5,
	"inaccuracy":1
	"rotatespeed":0.2,
	"ammoPerShot":1,
	"maxAmmo":490,
	"targetAir":true
	"targetGround":false,
	"shootCone": 3,
	"shootSound": "bigshot",
	"coolantMultiplier":15
	"xRand":7
	"liquidCapacity":80
	"consumes": {
	"power": 3456,
	"coolant": {
	"amount": 0.34,
	"optional": true
		}
	},
	"shoot": {
	"shots": 7,
	"shotDelay": 2
	}
	"drawer":{
	"type":"DrawTurret",
    "parts":[
    {
    "type":"RegionPart",
    "mirror":false,
    "x":0,
    "y":0,
    "suffix":"-头"
    "layer":50,
    "moveX":0,
    "moveY":0
    "moves": [
	{
	"progress": "recoil",
	"y":-1.3
	}
]
}
]
}
	"requirements": [
	"铀/15000"
	"钴/20600"
	"铁/13400"
	"graphite/7400"
	"phase-fabric/7850"
	"暗金属/17860"
	],
	"category": "turret",
	"research": {
    "parent": "阿瑞斯",
    "objectives": [
			{
				"type": "SectorComplete",
				"preset": "[yellow]战术训练-防空网"
			}
		]
	}
	"ammoTypes":{
	"graphite": {
	"ammoMultiplier":2,
	"reloadMultiplier":1.75,
	"speed": 9,
	"damage": 167,
	"knockback":23,
	"lifetime":123,
	"rangeChange": 154,
	"sprite":"large-orb",
	"pierce":true
	"pierceCap":7
	"width": 5,
	"height": 5,
	"trailColor":"FFFFFF",
	"trailLength":15,
	"trailWidth":1,
	"hitSound":"bang"
	"collidesGround":false,
	"hitShake":3
	"shrinkX":0
	"shrinkY":0
	"hitEffect": {
	"type": "MultiEffect",
	"effects": [
	{
	"type": "WaveEffect",
	"particles": 1,
	"strokeFrom": 2,
	"strokeTo": 0,
	"sizeFrom": 0,
	"sizeTo": 17,
	"length": 0,
	"baseLength": 0,
	"lifetime": 10,
	"colorFrom": "FFFFFF",
	"colorTo": "FFFFFF"
	},
	{
	"type": "ParticleEffect",
	"particles": 2,
	"line":true
	"lenFrom": 40,
	"lenTo": 25
	"length": 150,
	"strokeFrom": 7,
	"strokeTo": 3,
	"baseLength": 4,
	"lifetime": 5,
	"colorFrom": "DC3023",
	"colorTo": "DC302377"
	"cone":55
	}
	{
	"type": "ParticleEffect",
	"particles": 2,
	"line":true
	"lenFrom": 40,
	"lenTo": 25
	"length": 150,
	"strokeFrom": 7,
	"strokeTo": 3,
	"baseLength": 4,
	"lifetime": 5,
	"colorFrom": "FF9C00",
	"colorTo": "FF9C0077"
	"cone":55
	}
	{
	"type": "ParticleEffect",
	"particles": 2,
	"line":true
	"lenFrom": 40,
	"lenTo": 25
	"length": 150,
	"strokeFrom": 7,
	"strokeTo": 3,
	"baseLength": 4,
	"lifetime": 5,
	"colorFrom": "FFE92C",
	"colorTo": "FFE92C77"
	"cone":55
	}
	{
	"type": "ParticleEffect",
	"particles": 2,
	"line":true
	"lenFrom": 40,
	"lenTo": 25
	"length": 150,
	"strokeFrom": 7,
	"strokeTo": 3,
	"baseLength": 4,
	"lifetime": 5,
	"colorFrom": "16A951",
	"colorTo": "16A95177"
	"cone":55
	}
	{
	"type": "ParticleEffect",
	"particles": 2,
	"line":true
	"lenFrom": 40,
	"lenTo": 25
	"length": 150,
	"strokeFrom": 7,
	"strokeTo": 3,
	"baseLength": 4,
	"lifetime": 5,
	"colorFrom": "44CEF6",
	"colorTo": "44CEF677"
	"cone":55
	}
	{
	"type": "ParticleEffect",
	"particles": 2,
	"line":true
	"lenFrom": 40,
	"lenTo": 25
	"length": 150,
	"strokeFrom": 7,
	"strokeTo": 3,
	"baseLength": 4,
	"lifetime": 5,
	"colorFrom": "177CB0",
	"colorTo": "177CB077"
	"cone":55
	}
	{
	"type": "ParticleEffect",
	"particles": 2,
	"line":true
	"lenFrom": 40,
	"lenTo": 25
	"length": 150,
	"strokeFrom": 7,
	"strokeTo": 3,
	"baseLength": 4,
	"lifetime": 5,
	"colorFrom": "5E447B",
	"colorTo": "5E447B77"
	"cone":55
	}
]
}
}
"silicon": {
	"ammoMultiplier":3,
	"reloadMultiplier":0.9,
	"speed": 7,
	"damage": 167,
	"knockback":18,
	"lifetime":123,
	"sprite":"large-orb",
	"homingDelay": 7,
	"homingPower": 0.1,
	"homingRange": 77,
	"width": 1,
	"height": 1,
	"trailColor":"FFFFFF",
	"trailLength":15,
	"trailWidth":1,
	"collidesGround":false,
	"hitSound":"bang"
	"hitShake":3
	"shrinkX":0
	"shrinkY":0
	"hitEffect": {
	"type": "MultiEffect",
	"effects": [
	{
	"type": "WaveEffect",
	"particles": 1,
	"strokeFrom": 2,
	"strokeTo": 0,
	"sizeFrom": 0,
	"sizeTo": 17,
	"length": 0,
	"baseLength": 0,
	"lifetime": 10,
	"colorFrom": "FFFFFF",
	"colorTo": "FFFFFF"
	},
	{
	"type": "ParticleEffect",
	"particles": 2,
	"line":true
	"lenFrom": 40,
	"lenTo": 25
	"length": 150,
	"strokeFrom": 7,
	"strokeTo": 3,
	"baseLength": 4,
	"lifetime": 5,
	"colorFrom": "DC3023",
	"colorTo": "DC302377"
	"cone":55
	}
	{
	"type": "ParticleEffect",
	"particles": 2,
	"line":true
	"lenFrom": 40,
	"lenTo": 25
	"length": 150,
	"strokeFrom": 7,
	"strokeTo": 3,
	"baseLength": 4,
	"lifetime": 5,
	"colorFrom": "FF9C00",
	"colorTo": "FF9C0077"
	"cone":55
	}
	{
	"type": "ParticleEffect",
	"particles": 2,
	"line":true
	"lenFrom": 40,
	"lenTo": 25
	"length": 150,
	"strokeFrom": 7,
	"strokeTo": 3,
	"baseLength": 4,
	"lifetime": 5,
	"colorFrom": "FFE92C",
	"colorTo": "FFE92C77"
	"cone":55
	}
	{
	"type": "ParticleEffect",
	"particles": 2,
	"line":true
	"lenFrom": 40,
	"lenTo": 25
	"length": 150,
	"strokeFrom": 7,
	"strokeTo": 3,
	"baseLength": 4,
	"lifetime": 5,
	"colorFrom": "16A951",
	"colorTo": "16A95177"
	"cone":55
	}
	{
	"type": "ParticleEffect",
	"particles": 2,
	"line":true
	"lenFrom": 40,
	"lenTo": 25
	"length": 150,
	"strokeFrom": 7,
	"strokeTo": 3,
	"baseLength": 4,
	"lifetime": 5,
	"colorFrom": "44CEF6",
	"colorTo": "44CEF677"
	"cone":55
	}
	{
	"type": "ParticleEffect",
	"particles": 2,
	"line":true
	"lenFrom": 40,
	"lenTo": 25
	"length": 150,
	"strokeFrom": 7,
	"strokeTo": 3,
	"baseLength": 4,
	"lifetime": 5,
	"colorFrom": "177CB0",
	"colorTo": "177CB077"
	"cone":55
	}
	{
	"type": "ParticleEffect",
	"particles": 2,
	"line":true
	"lenFrom": 40,
	"lenTo": 25
	"length": 150,
	"strokeFrom": 7,
	"strokeTo": 3,
	"baseLength": 4,
	"lifetime": 5,
	"colorFrom": "5E447B",
	"colorTo": "5E447B77"
	"cone":55
	}
]
}
}
"plastanium": {
	"ammoMultiplier":1,
	"reloadMultiplier":1,
	"speed": 8,
	"damage": 259.3,
	"lifetime":123,
	"sprite":"large-orb",
	"rangeChange": 77,
	"width": 1,
	"height": 1,
	"trailColor":"FFFFFF",
	"trailLength":15,
	"trailWidth":1,
	"collidesGround":false,
	"pierce":true
	"hitSound":"bang"
	"hitShake":3
	"shrinkX":0
	"shrinkY":0
	"hitEffect": {
	"type": "MultiEffect",
	"effects": [
	{
	"type": "WaveEffect",
	"particles": 1,
	"strokeFrom": 2,
	"strokeTo": 0,
	"sizeFrom": 0,
	"sizeTo": 17,
	"length": 0,
	"baseLength": 0,
	"lifetime": 10,
	"colorFrom": "FFFFFF",
	"colorTo": "FFFFFF"
	},
	{
	"type": "ParticleEffect",
	"particles": 2,
	"line":true
	"lenFrom": 40,
	"lenTo": 25
	"length": 150,
	"strokeFrom": 7,
	"strokeTo": 3,
	"baseLength": 4,
	"lifetime": 5,
	"colorFrom": "DC3023",
	"colorTo": "DC302377"
	"cone":55
	}
	{
	"type": "ParticleEffect",
	"particles": 2,
	"line":true
	"lenFrom": 40,
	"lenTo": 25
	"length": 150,
	"strokeFrom": 7,
	"strokeTo": 3,
	"baseLength": 4,
	"lifetime": 5,
	"colorFrom": "FF9C00",
	"colorTo": "FF9C0077"
	"cone":55
	}
	{
	"type": "ParticleEffect",
	"particles": 2,
	"line":true
	"lenFrom": 40,
	"lenTo": 25
	"length": 150,
	"strokeFrom": 7,
	"strokeTo": 3,
	"baseLength": 4,
	"lifetime": 5,
	"colorFrom": "FFE92C",
	"colorTo": "FFE92C77"
	"cone":55
	}
	{
	"type": "ParticleEffect",
	"particles": 2,
	"line":true
	"lenFrom": 40,
	"lenTo": 25
	"length": 150,
	"strokeFrom": 7,
	"strokeTo": 3,
	"baseLength": 4,
	"lifetime": 5,
	"colorFrom": "16A951",
	"colorTo": "16A95177"
	"cone":55
	}
	{
	"type": "ParticleEffect",
	"particles": 2,
	"line":true
	"lenFrom": 40,
	"lenTo": 25
	"length": 150,
	"strokeFrom": 7,
	"strokeTo": 3,
	"baseLength": 4,
	"lifetime": 5,
	"colorFrom": "44CEF6",
	"colorTo": "44CEF677"
	"cone":55
	}
	{
	"type": "ParticleEffect",
	"particles": 2,
	"line":true
	"lenFrom": 40,
	"lenTo": 25
	"length": 150,
	"strokeFrom": 7,
	"strokeTo": 3,
	"baseLength": 4,
	"lifetime": 5,
	"colorFrom": "177CB0",
	"colorTo": "177CB077"
	"cone":55
	}
	{
	"type": "ParticleEffect",
	"particles": 2,
	"line":true
	"lenFrom": 40,
	"lenTo": 25
	"length": 150,
	"strokeFrom": 7,
	"strokeTo": 3,
	"baseLength": 4,
	"lifetime": 5,
	"colorFrom": "5E447B",
	"colorTo": "5E447B77"
	"cone":55
	}
]
}
}
"surge-alloy": {
	"ammoMultiplier":2,
	"reloadMultiplier":1.2,
	"speed": 7,
	"damage": 114,
	"splashDamageRadius": 8,
	"splashDamage": 239.2,
	"lightning":3,
	"lightningDamage":32,
	"lightningLength":7
	"knockback":14,
	"lifetime":123,
	"sprite":"large-orb",
	"width": 1,
	"height": 1,
	"trailColor":"FFFFFF",
	"trailLength":15,
	"trailWidth":1,
	"collidesGround":false,
	"pierce":true
	"pierceCap":1
	"hitSound":"bang"
	"hitShake":3
	"shrinkX":0
	"shrinkY":0
	"hitEffect": {
	"type": "MultiEffect",
	"effects": [
	{
	"type": "WaveEffect",
	"particles": 1,
	"strokeFrom": 2,
	"strokeTo": 0,
	"sizeFrom": 0,
	"sizeTo": 17,
	"length": 0,
	"baseLength": 0,
	"lifetime": 10,
	"colorFrom": "FFFFFF",
	"colorTo": "FFFFFF"
	},
	{
	"type": "ParticleEffect",
	"particles": 2,
	"line":true
	"lenFrom": 40,
	"lenTo": 25
	"length": 150,
	"strokeFrom": 7,
	"strokeTo": 3,
	"baseLength": 4,
	"lifetime": 5,
	"colorFrom": "DC3023",
	"colorTo": "DC302377"
	"cone":55
	}
	{
	"type": "ParticleEffect",
	"particles": 2,
	"line":true
	"lenFrom": 40,
	"lenTo": 25
	"length": 150,
	"strokeFrom": 7,
	"strokeTo": 3,
	"baseLength": 4,
	"lifetime": 5,
	"colorFrom": "FF9C00",
	"colorTo": "FF9C0077"
	"cone":55
	}
	{
	"type": "ParticleEffect",
	"particles": 2,
	"line":true
	"lenFrom": 40,
	"lenTo": 25
	"length": 150,
	"strokeFrom": 7,
	"strokeTo": 3,
	"baseLength": 4,
	"lifetime": 5,
	"colorFrom": "FFE92C",
	"colorTo": "FFE92C77"
	"cone":55
	}
	{
	"type": "ParticleEffect",
	"particles": 2,
	"line":true
	"lenFrom": 40,
	"lenTo": 25
	"length": 150,
	"strokeFrom": 7,
	"strokeTo": 3,
	"baseLength": 4,
	"lifetime": 5,
	"colorFrom": "16A951",
	"colorTo": "16A95177"
	"cone":55
	}
	{
	"type": "ParticleEffect",
	"particles": 2,
	"line":true
	"lenFrom": 40,
	"lenTo": 25
	"length": 150,
	"strokeFrom": 7,
	"strokeTo": 3,
	"baseLength": 4,
	"lifetime": 5,
	"colorFrom": "44CEF6",
	"colorTo": "44CEF677"
	"cone":55
	}
	{
	"type": "ParticleEffect",
	"particles": 2,
	"line":true
	"lenFrom": 40,
	"lenTo": 25
	"length": 150,
	"strokeFrom": 7,
	"strokeTo": 3,
	"baseLength": 4,
	"lifetime": 5,
	"colorFrom": "177CB0",
	"colorTo": "177CB077"
	"cone":55
	}
	{
	"type": "ParticleEffect",
	"particles": 2,
	"line":true
	"lenFrom": 40,
	"lenTo": 25
	"length": 150,
	"strokeFrom": 7,
	"strokeTo": 3,
	"baseLength": 4,
	"lifetime": 5,
	"colorFrom": "5E447B",
	"colorTo": "5E447B77"
	"cone":55
	}
]
}
}
"贫铀": {
	"ammoMultiplier":5,
	"reloadMultiplier":0.3,
	"speed": 7,
	"damage": 348,
	"knockback":31,
	"lifetime":123,
	"sprite":"large-orb",
	"status": "污染",
	"statusDuration": 22,
	"width": 1,
	"height": 1,
	"trailColor":"FFFFFF",
	"trailLength":15,
	"trailWidth":1,
	"collidesGround":false,
	"pierce":true
	"pierceCap":5
	"pierceArmor":true
	"hitSound":"bang"
	"hitShake":3
	"makeFire": true,
	"incendChance": 50,
	"incendSpread": 10,
	"incendAmount": 7,
	"shrinkX":0
	"shrinkY":0
	"hitEffect": {
	"type": "MultiEffect",
	"effects": [
	{
	"type": "WaveEffect",
	"particles": 1,
	"strokeFrom": 2,
	"strokeTo": 0,
	"sizeFrom": 0,
	"sizeTo": 17,
	"length": 0,
	"baseLength": 0,
	"lifetime": 10,
	"colorFrom": "FFFFFF",
	"colorTo": "FFFFFF"
	},
	{
	"type": "ParticleEffect",
	"particles": 2,
	"line":true
	"lenFrom": 40,
	"lenTo": 25
	"length": 150,
	"strokeFrom": 7,
	"strokeTo": 3,
	"baseLength": 4,
	"lifetime": 5,
	"colorFrom": "DC3023",
	"colorTo": "DC302377"
	"cone":55
	}
	{
	"type": "ParticleEffect",
	"particles": 2,
	"line":true
	"lenFrom": 40,
	"lenTo": 25
	"length": 150,
	"strokeFrom": 7,
	"strokeTo": 3,
	"baseLength": 4,
	"lifetime": 5,
	"colorFrom": "FF9C00",
	"colorTo": "FF9C0077"
	"cone":55
	}
	{
	"type": "ParticleEffect",
	"particles": 2,
	"line":true
	"lenFrom": 40,
	"lenTo": 25
	"length": 150,
	"strokeFrom": 7,
	"strokeTo": 3,
	"baseLength": 4,
	"lifetime": 5,
	"colorFrom": "FFE92C",
	"colorTo": "FFE92C77"
	"cone":55
	}
	{
	"type": "ParticleEffect",
	"particles": 2,
	"line":true
	"lenFrom": 40,
	"lenTo": 25
	"length": 150,
	"strokeFrom": 7,
	"strokeTo": 3,
	"baseLength": 4,
	"lifetime": 5,
	"colorFrom": "16A951",
	"colorTo": "16A95177"
	"cone":55
	}
	{
	"type": "ParticleEffect",
	"particles": 2,
	"line":true
	"lenFrom": 40,
	"lenTo": 25
	"length": 150,
	"strokeFrom": 7,
	"strokeTo": 3,
	"baseLength": 4,
	"lifetime": 5,
	"colorFrom": "44CEF6",
	"colorTo": "44CEF677"
	"cone":55
	}
	{
	"type": "ParticleEffect",
	"particles": 2,
	"line":true
	"lenFrom": 40,
	"lenTo": 25
	"length": 150,
	"strokeFrom": 7,
	"strokeTo": 3,
	"baseLength": 4,
	"lifetime": 5,
	"colorFrom": "177CB0",
	"colorTo": "177CB077"
	"cone":55
	}
	{
	"type": "ParticleEffect",
	"particles": 2,
	"line":true
	"lenFrom": 40,
	"lenTo": 25
	"length": 150,
	"strokeFrom": 7,
	"strokeTo": 3,
	"baseLength": 4,
	"lifetime": 5,
	"colorFrom": "5E447B",
	"colorTo": "5E447B77"
	"cone":55
	}
]
}
}
"空间节点": {
	"ammoMultiplier":1,
	"reloadMultiplier":1.15,
	"speed": 9,
	"damage": 894.7,
	"knockback":3,
	"lifetime":123,
	"sprite":"large-orb",
	"rangeChange": 154,
	"status": "空间混乱",
	"statusDuration": 22,
	"weaveScale": 4,
	"weaveMag": 2,
	"width": 1,
	"height": 1,
	"trailColor":"FFFFFF",
	"trailLength":15,
	"trailWidth":1,
	"collidesGround":false,
	"pierce":true
	"hitSound":"bang"
	"hitShake":3
	"shrinkX":0
	"shrinkY":0
	"hitEffect": {
	"type": "MultiEffect",
	"effects": [
	{
	"type": "WaveEffect",
	"particles": 1,
	"strokeFrom": 2,
	"strokeTo": 0,
	"sizeFrom": 0,
	"sizeTo": 17,
	"length": 0,
	"baseLength": 0,
	"lifetime": 10,
	"colorFrom": "FFFFFF",
	"colorTo": "FFFFFF"
	},
	{
	"type": "ParticleEffect",
	"particles": 2,
	"line":true
	"lenFrom": 40,
	"lenTo": 25
	"length": 150,
	"strokeFrom": 7,
	"strokeTo": 3,
	"baseLength": 4,
	"lifetime": 5,
	"colorFrom": "DC3023",
	"colorTo": "DC302377"
	"cone":55
	}
	{
	"type": "ParticleEffect",
	"particles": 2,
	"line":true
	"lenFrom": 40,
	"lenTo": 25
	"length": 150,
	"strokeFrom": 7,
	"strokeTo": 3,
	"baseLength": 4,
	"lifetime": 5,
	"colorFrom": "FF9C00",
	"colorTo": "FF9C0077"
	"cone":55
	}
	{
	"type": "ParticleEffect",
	"particles": 2,
	"line":true
	"lenFrom": 40,
	"lenTo": 25
	"length": 150,
	"strokeFrom": 7,
	"strokeTo": 3,
	"baseLength": 4,
	"lifetime": 5,
	"colorFrom": "FFE92C",
	"colorTo": "FFE92C77"
	"cone":55
	}
	{
	"type": "ParticleEffect",
	"particles": 2,
	"line":true
	"lenFrom": 40,
	"lenTo": 25
	"length": 150,
	"strokeFrom": 7,
	"strokeTo": 3,
	"baseLength": 4,
	"lifetime": 5,
	"colorFrom": "16A951",
	"colorTo": "16A95177"
	"cone":55
	}
	{
	"type": "ParticleEffect",
	"particles": 2,
	"line":true
	"lenFrom": 40,
	"lenTo": 25
	"length": 150,
	"strokeFrom": 7,
	"strokeTo": 3,
	"baseLength": 4,
	"lifetime": 5,
	"colorFrom": "44CEF6",
	"colorTo": "44CEF677"
	"cone":55
	}
	{
	"type": "ParticleEffect",
	"particles": 2,
	"line":true
	"lenFrom": 40,
	"lenTo": 25
	"length": 150,
	"strokeFrom": 7,
	"strokeTo": 3,
	"baseLength": 4,
	"lifetime": 5,
	"colorFrom": "177CB0",
	"colorTo": "177CB077"
	"cone":55
	}
	{
	"type": "ParticleEffect",
	"particles": 2,
	"line":true
	"lenFrom": 40,
	"lenTo": 25
	"length": 150,
	"strokeFrom": 7,
	"strokeTo": 3,
	"baseLength": 4,
	"lifetime": 5,
	"colorFrom": "5E447B",
	"colorTo": "5E447B77"
	"cone":55
	}
]
}
}
}
}