{
	"type": "Pump",
	"shownPlanets": ["serpulo","Planzer","Synchronous-orbit-space-station"]
	"name": "潮汐泵",
	"size": 4,
	"drawer": {
	"type": "DrawMulti",
	"drawers": [
	"DrawPumpLiquid",
	"DrawDefault"
	]
},
	"squareSprite": false,
	"health": 800,
	"liquidCapacity": 800,
	"hasLiquids": true,
	"pumpAmount": 0.3,
	"consumes": {
	"power":10.5
	},
	"requirements": [
		"metaglass/400",
		"silicon/250",
		"plastanium/150",
		"钢/150",
		"surge-alloy/50",
	],
	"category": "liquid",
	"research": {
	"parent":"液压钻机",
	}
}