{
	"type": "ForceProjector",
	"name": "钢械伞",
	"health": 13500,
	"size": 6,
	"radius": 440,
	"squareSprite": false,
	"canOverdrive": false,
	"shieldHealth": 71200,
	"phaseRadiusBoost": 2500,
	"phaseShieldBoost": 15000,
	"cooldownNormal": 50,
	"cooldownLiquid": 6,
	"cooldownBrokenBase": 111,
	"coolantConsumption": 16,
	"liquidCapacity": 48,
	"absorbEffect": {
		"type": "WaveEffect",
		"particles": 1,
		"sizeFrom": 0,//初始大小
		"sizeTo": 20,//最终大小
		"length": 0,
		"baseLength": 0,
		"lifetime": 120,
		"sizeInterp": "pow3In",
		"colorFrom": "FFFFFF",
		"colorTo": "FFFFFF00"
	},
	"consumes": {
		"power": 18.8
	},
	"requirements": [
		"lead/1200",
		"钢/1110",
		"plastanium/450",
		"phase-fabric/450",
		"暗能钢/200",
	],
"research": {
"parent": "铁伞",
"objectives": [
			{
				"type": "OnSector",
				"preset": "地冠"
			}
		]
	},
	"category": "effect"
}