{
"type": "MultiEffect",
	"effects": [
	{
	"type": "WaveEffect",
	"particles": 1,
	"strokeFrom": 5,
	"strokeTo": 0,
	"sizeFrom": 0,
	"sizeTo": 10,
	"length": 0,
	"baseLength": 0,
	"lifetime": 10,
	"colorFrom": "FFFFFF",
	"colorTo": "FFFFFF"
	},
	{
	"type": "ParticleEffect",
	"particles": 25,
	"sizeFrom": 10
	"sizeTo": 0,
	"length": 200,
	"baseLength": 20,
	"lifetime": 30,
	"colorFrom": "FFFFFF",
	"colorTo": "FFFFFF",
	},
	{
	"type": "ParticleEffect",
	"particles": 15,
	"sizeFrom": 20,
	"sizeTo": 0,
	"interp": "pow5Out",
	"sizeInterp": "pow10In",
	"length": 250,
	"baseLength": 20,
	"lifetime": 180,
	"colorFrom": "73737350",
	"colorTo": "73737320",
	},
	{
	"type": "ParticleEffect",
	"particles": 10,
	"line":true
	"lenFrom": 35,
	"lenTo": 0
	"length": 100,
	"strokeFrom": 5,
	"strokeTo": 0,
	"baseLength": 40,
	"lifetime": 45,
	"colorFrom": "FFC23F",
	"colorTo": "FFC23F50"
	}
]
}

{
	"type": "RadialEffect",
	"amount": 10
	"effect":"dynamicSpikes",
	"rotationSpacing":10
	"lengthOffset":8
	"startDelay":60
	},

"startDelay":
//触发延迟
"region":
//自定义形状，需用"模组名字-贴图名字"
"spin":
//特效旋转速度
"instBomb"
//圆圈星，就是雷霆的轰炸子弹落地的特效，可直接使用
"interp": "fastSlow",
//缓速
"interp": "swing",
//波纹
"interp": "bounceIn",
//弹力球
"sprite": "circle-bullet",
//子弹圆球
"interp": "pow10Out",
"sizeInterp": "pow5In",
//烟尘
"interp": "pow3In",
"sizeInterp": "pow5Out",
//吸
"randLength": false,
//特效随机位移
"type":"hitEmpSpark"
//工厂生产东西的特效
"despawnEffect":
//子弹消失的特效。与hitEffect不同，此特效在子弹消失的地方生成特效，hitEffect命中实体后在命中处生成特效。若子弹命中，不触发despawn，触发hit。当攻击处于分裂系时，不命中hitEffec就不会触发。用不到的话最好关掉
"shootEffect": "instShoot",
//恶兆发射
"parts":[
//几何形状，不会消失的特效
"collidesAir":false,
//对空碰撞
"collidesGround":false,
//对地碰撞
"absorbable":false,
//立场墙碰撞
"reflectable":false,
//布墙反弹
"hittable":false,
//点防分解
"collides": false,
//碰撞体积
"hitBuildings": false,
"hitUnits": false
"collidesTiles": false,
//碰撞敌方
"collideTerrain":false
//碰撞墙体
"pierceBuilding": true,
//穿透建筑，穿透一个建筑造成一次伤害
"pierce": true
//穿透单位
"instantDisappear": true,
//瞬间消失，跟 lifetime=0 差不多
"splashDamagePierce": true,
//爆炸穿透，对建筑伤害=splashDamage×size，对单位不明显  要是不想被喷就不要填这玩意
"drag":
// 匀加速，+k为减速，-k为加速 k为drag的参数，代表1刻的加速度，所以正常算要×60  距离=子弹初速度×子弹飞行时间+1/2×加速度×60×子弹飞行时间^2
// range=speed×lifetime+1/2×drag×60×lifetime^2  darg的加速度是基于speed的数值，所以speed不能为0
"weaveScale": 5,//波长，定为S
"weaveMag": 2,//振幅，定为M
//轨迹：Msin(1/S×α+0)
//周期：T=S×2π
//α暂不确定是多少，因为我没去翻源码，但不影响，谁会闲着没事计算这玩意呢？

"type": "PointBulletType",//点击式触发器，特殊情况下可用
"speed": 0,
"damage": 1000,
"lifetime":0,
"width": 0,
"height": 0,
"despawnEffect": "none"
"collidesGround":false,
"collidesAir":false,
"absorbable":false,
"reflectable":false,
"hittable":false,
"collides": false,
"hitBuildings": false,
"hitUnits": false
"collidesTiles": false,
"hitSound":"none",
"hitEffect": "none",
"trailEffect": "none"
//触发器，json堆堆乐用

status:
Buff:保护,攻速提升,过载,护佑,警惕,狂暴,凝铠,轻盈,闪耀,伤害提升,神圣,生命提升,修复,再生
Debuff:爆燃,腐化,寂灭,禁锢,空间混乱,溃解,扭转,瘫痪,污染,消散,虚弱,延迟,疑惑,致盲,磁干扰,压制,暗蚀
Neutralbuff:超相,磁化,复分解,破防,献祭,

flying -> UnitEntity;//飞机
mech -> MechUnit;//机甲
legs -> LegsUnit;//爬爬
naval -> UnitWaterMove;//船
payload -> PayloadUnit;//运输机（建造机）
missile -> TimedKillUnit;//实体导弹
tank -> TankUnit;//坦克
hover -> ElevationMoveUnit;//轰炸机？
tether -> BuildingTetherPayloadUnit;//单位构造机？
crawl -> CrawlUnit;//毛毛虫

[{type:黑暗纪元-乾坤,max:100,effect:boss},{type:黑暗纪元-八岐,max:100,effect:boss},{type:黑暗纪元-制衡,max:100,effect:boss},{type:黑暗纪元-暴君,max:100,effect:boss},{type:黑暗纪元-曙光,effect:boss},{type:黑暗纪元-末路,max:100,effect:boss},{type:黑暗纪元-烁灭,max:100,effect:boss},{type:黑暗纪元-神佑,max:100,effect:boss},{type:黑暗纪元-群星,max:100,effect:boss},{type:黑暗纪元-遮天,max:100,effect:boss},{type:黑暗纪元-金乌,max:100,effect:boss}]

"lockLegBase": true,//基座腿锁定
"legContinuousMove": true,//持续移动
"legStraightness":1.5,//腿之间的偏离
"baseLegStraightness":0.5,//腿与主体的距离
"legMaxLength": 2,
"legMinLength":1.8
"legCount":8,//腿部数量
"legLength":60,//腿总长
"legForwardScl": 1,//移动时腿部前伸的距离
"legMoveSpace": 1.1,//移动时腿的跨度
"rippleScale":6,//腿踩在水里的波纹大小
"stepShake":4,//腿落造成的振动
"legGroupSize":2,//移动时腿部动作延迟
"legExtension":3,//基座腿与主体的距离，数值越高越近
"legBaseOffset":3//腿离主体的距离
"legStraightLength":3,//整体腿部离主体的距离，数值越高越远
"legSplashDamage":1124,//腿的践踏伤害
"legSplashRange": 48,//践踏范围
"drownTimeMultiplier": 4,//被淹死的时长倍率？
"hovering": true,//跨越建筑
"shadowElevation":0.95,//影子偏移
"targetAir":false,
"alwaysShootWhenMoving": true//移动射击