{
	"type": "naval",
	"name": "无畏",
	"speed": 0.85,
	"rotateSpeed": 0.8,
	"ammoType": "钢",
	"ammoCapacity": 400,
	"hitSize": 30,
	"immunities": [
	"freezing","melting"
	"破防","疑惑"
	]
	"trailLength": 80,
	"waveTrailX": 0,
	"waveTrailY": -5,
	"trailScl": 4.5,
	"health": 5500,
	"armor": 30,
	"faceTarget": false,
	"research": "壁垒",
	"requirements": {
		"block": "multiplicative-reconstructor",
		"previous": "壁垒"
	},
		"abilities": [
		{
			"type": "ShieldRegenFieldAbility",
			"amount": 180,
			"max": 600,
			"reload": 300,
			"range": 150,
			"applyEffect": "none",
			"activeEffect": {
				"type": "MultiEffect",
				"effects": [
					{
						"type": "WaveEffect",
						"interp": "circleOut",
						"lifetime": 30,
						"sizeFrom": 160,
						"sizeTo": 180,
						"strokeFrom": 3,
						"strokeTo": 0,
						"colorFrom": "FFFFFF",
						"colorTo": "FFFFFF"
					}
				]
			}
		}
	],
	"weapons": [
		{
			"name": "无畏1",
			"type": "PointDefenseWeapon",
			"x": 6,
			"y": -3,
			"mirror": false,
			"reload": 5,
			"shootSound": "bolt",
			"shoot": {
			"firstShotDelay": 10
			},
			"rotate": true,
			"recoil": 3,
			"targetInterval": 2,
			"targetSwitchInterval": 2,
				"bullet": {
				"speed": 20,
				"lifetime": 8,
				"shootEffect": "sparkShoot",
				"hitEffect": "pointHit",
				"maxRange": 160,
				"damage": 25
				}
			}
			{
			"name": "无畏1",
			"type": "PointDefenseWeapon",
			"x": -6,
			"y": -3,
			"mirror": false,
			"reload": 5,
			"shootSound": "bolt",
			"rotate": true,
			"targetInterval": 2,
			"targetSwitchInterval": 2,
			"recoil": 3,
			"bullet": {
				"speed": 20,
				"lifetime": 8,
				"shootEffect": "sparkShoot",
				"hitEffect": "pointHit",
				"maxRange": 160,
				"damage": 25
				}
			}
		{
		"name": "无畏2",
			"x": 0,
			"y": 0,
			"reload": 60,
			"mirror": false,
			"shoot": {
				"shots": 1,
				"type": "ShootBarrel",
				"barrels": [
					0,2,0,
				]
			},
			"shootSound": "mineDeploy",
			"rotate": false,
			"shootCone": 360,
			"inaccuracy": 20,
			"autoTarget": true,
			"bullet": {
				"type": "BasicBulletType",
				"reflectable": false,
				"damage": 50,
				"splashDamageRadius": 40,
				"splashDamage": 110,
				"status": "slow",
				"statusDuration": 100,
				"sprite":"黑暗纪元-惊鸿"
				"homingDelay": 15,
				"homingRange": 320,
				"homingPower": 0.052,
				"pierceArmor": true,
				"hittable": false,
				"absorbable": false,
				"collidesAir": false,
				"collideFloor": true,
				"trailColor": "596AB890",
				"backColor": "596AB890",
				"frontColor": "596AB890",
				"hitSound":"largeCannon"
				"shrinkX":0
				"shrinkY":0
				"layer": 49,
				"lifetime":60
				"speed":5
				"width": 15,
				"height": 45,
				"trailLength": 20,
				"trailWidth": 3,
				"trailColor": "596AB890",
				"trailChance": 5,
				"trailInterval": 16,
				"trailEffect": {
				"type": "ParticleEffect",
				"particles": 4,
				"length": 25,
				"baseLength": 1,
				"lifetime": 30,
				"colorFrom": "596AB890",
				"colorTo": "596AB890",
				"sizeFrom": 6,
				"sizeTo": 0
			}
				"shootEffect": "none",
				"smokeEffect": "none",
				"hitEffect": {
"type": "MultiEffect",
		"effects": [
		{
		"type": "WaveEffect",
		"particles": 1,
		"strokeFrom": 5,
		"strokeTo": 0,
		"sizeFrom": 10,
		"sizeTo": 0,
		"length": 0,
		"baseLength": 0,
		"lifetime": 10,
		"colorFrom": "FFFFFF",
		"colorTo": "FFFFFF"
		},
		{
		"type": "ParticleEffect",
		"particles": 25,
		"sizeFrom": 10,
		"sizeTo": 0,
		"length": 80,
		"baseLength": 20,
		"lifetime": 30,
		"colorFrom": "FFFFFF",
		"colorTo": "FFFFFF",
		},
		{
		"type": "ParticleEffect",
		"particles": 10,
		"sizeFrom": 12,
		"sizeTo": 0,
		"interp": "pow5Out",
		"sizeInterp": "pow10In",
		"length": 120,
		"baseLength": 20,
		"lifetime": 180,
		"colorFrom": "FF642050",
		"colorTo": "FFC23F20",
		},
		{
		"type": "ParticleEffect",
		"particles": 10,
		"line":true
		"lenFrom": 25,
		"lenTo": 0
		"length": 100,
		"strokeFrom": 5,
		"strokeTo": 0,
		"baseLength": 40,
		"lifetime": 45,
		"colorFrom": "FFC23F",
		"colorTo": "FFC23F50"
		}
	]
}
}
}
]
}