{
	"type": "naval",
	"name": "末路",
	"speed": 0.63,
	"rotateSpeed": 0.5,
	"hitSize": 88,
	"ammoType": {
		"type": "PowerAmmoType",
		"totalPower": 50000
	},
	"immunities": [
	"blasted","burning","freezing","melting","disarmed","sapped",
	"破防","疑惑","污染","空间混乱","瘫痪","延迟","虚弱",
	],
	"research": {
	"parent": "苍溟",
	/*"objectives": [
	{
	"type": "SectorComplete",
	"preset": "未知屏蔽区"
	}
	]*/
	},
	"requirements": {
	"block": "瀚量级单位进阶工厂",
	"previous": "苍溟"
	},
	"trailLength": 120,
	"waveTrailX": 25,
	"waveTrailY": -30,
	"trailScl": 3,
	"health": 391600,
	"armor": 132,
	"faceTarget": false,
	"weapons": [
	{
	"name": "末路1",
	"x": 0,
	"y": 19,
	"mirror": true,
	"reload": 360,
	"shootSound": "Shoot2",
	"rotate": true,
	"alternate": false,
	"inaccuracy": 0,
	"recoil": 4,
	"shootStatusDuration": 300,
	"shootStatus": "攻速提升",
	"bullet": {
	"type": "RailBulletType",
	"pointEffectSpace": 45,
	"pointEffect": {
	"type": "MultiEffect",
	"effects": [
	{
	"type": "ParticleEffect",
	"particles": 1,
	"region": "黑暗纪元-箭头",
	"sizeInterp": "bounceIn",
	"sizeFrom": 20,
	"sizeTo": 0,
	"length": 30,
	"randLength": false,
	"baseLength": 0,
	"lifetime": 30,
	"colorFrom": "F7CF73",
	"colorTo": "F7CF73",
	"cone": 0
	}
]
},
	"damage": 3385,
	"hitShake": 13,
	"lifetime": 30,
	"length": 900,
	"pierce": true,
	"pierceDamageFactor": 0.1,
	"hitEffect": {
	"type": "MultiEffect",
	"effects": [
	{
	"type": "WaveEffect",
	"particles": 1,
	"strokeFrom": 15,
	"strokeTo": 8,
	"sizeFrom": 0,
	"sizeTo": 10,
	"length": 0,
	"baseLength": 0,
	"lifetime": 60,
	"colorFrom": "FDF29000",
	"colorTo": "FDF290"
	},
	{
	"type": "ParticleEffect",
	"particles": 50,
	"sizeFrom": 0
	"sizeTo": 60,
	"interp": "pow5In",
	"sizeInterp": "elastic",
	"length": 0,
	"baseLength": 0,
	"lifetime": 60,
	"colorFrom": "000000",
	"colorTo": "000000",
	"layer":120
	},
	{
	"type": "ParticleEffect",
	"particles": 1,
	"sizeFrom": 0
	"sizeTo": 70,
	"interp": "pow5In",
	"sizeInterp": "elastic",
	"length": 0,
	"baseLength": 0,
	"lifetime": 60,
	"colorFrom": "F7CF73",
	"colorTo": "F7CF73",
	"layer":119
	}
]
}
	"status": "寂灭",
	"statusDuration": 600,
	"shootEffect": "instShoot",
	"smokeEffect": "none"
	"fragBullets":1,
	"fragVelocityMin":1,
	"fragVelocityMax":1,
	"fragLifeMin":1,
	"fragLifeMax":1,
	"fragAngle": 0,
	"fragRandomSpread":0,
	"fragBullet":{
	"speed": 0,
"damage": 1000,//填啥都可以，并不会造成伤害
"lifetime":60,
"width": 0,
"height": 0,
"despawnEffect": "none"
"collidesGround":false,
"collidesAir":false,
"absorbable":false,
"reflectable":false,
"hittable":false,
"collides": false,
"hitBuildings": false,
"hitUnits": false
"collidesTiles": false,
"hitSound":"none",
"hitEffect": "none",
"trailEffect": "none"
"fragBullets":1,
	"fragVelocityMin":1,
	"fragVelocityMax":1,
	"fragLifeMin":1,
	"fragLifeMax":2,
	"fragAngle": 0,
	"fragRandomSpread":0,
	"fragBullet":{
	"damage": 1120,
	"hittable":false,
	"width": 0,
	"height": 0,
	"hitSound":"explosionbig"
	"hitSoundVolume": 5
	"hitShake":20
	"hitEffect":{
	"type": "MultiEffect",
	"effects": [
	{
	"type": "WaveEffect",
	"particles": 1,
	"strokeFrom": 18,
	"strokeTo": 0,
	"sizeFrom": 50,
	"sizeTo": 100,
	"length": 0,
	"baseLength": 0,
	"lifetime": 80,
	"colorFrom": "FDF290",
	"colorTo": "FDF29000"
	},
	{
	"type": "ParticleEffect",
	"particles": 10,
	"sizeFrom": 13,
	"sizeTo": 0,
	"interp": "pow5Out",
	"sizeInterp": "pow10In",
	"length": 100,
	"baseLength": 0,
	"lifetime": 80,
	"colorFrom": "FDF290",
	"colorTo": "FDF290",
	},
	{
	"type": "ParticleEffect",
	"particles": 8,
	"sizeFrom": 20,
	"sizeTo": 0,
	"interp": "pow5Out",
	"sizeInterp": "pow10In",
	"length": 100,
	"baseLength": 0,
	"lifetime": 80,
	"colorFrom": "F2A95E",
	"colorTo": "F2A95E",
	}
]
},
	"splashDamageRadius": 80,
	"splashDamage": 2276,
	"despawnEffect": "none"
	"status": "blasted",
	"statusDuration": 450,
	"speed": 0,
	"lifetime": 0,
	"shrinkX":0
	"shrinkY":0
	},
}
}
}
{
	"name": "末路2",
	"x": -14,
	"y": -32,
	"mirror": true,
	"alternate": false,
	"rotate": true,
	"recoil": 3.8,
	"recoilTime":20
	"inaccuracy": 12,
	"reload": 180,
	"shootSound": "cannon",
	"shootStatusDuration": 180,
	"shootStatus": "生命提升",
	"shoot": {
	"shots": 8,
	"shotDelay": 5
	},
	"bullet": {
	"damage": 124,
	"splashDamage": 432,
	"splashDamageRadius": 60,
	"homingDelay": 10,//追踪延迟
	"homingPower": 0.1,//追踪强度
	"homingRange": 700,
	"sprite":"黑暗纪元-惊鸿"
	"backColor":"FFFFFF",
	"frontColor":"FFFFFF",
	"absorbable":false,
	"reflectable":false,
	"speed": 8,
	"lifetime": 85,
	"hitSound": "boom",
	"knockback":4.4
	"hitShake":12
	"despawnEffect": "flakExplosionBig"
	"trailLength": 15,
	"trailWidth": 4,
	"trailColor": "F2A95E",
	"width": 12,
	"height": 28,
	"hitEffect": {
	"type": "MultiEffect",
	"effects": [
	{
	"type": "WaveEffect",
	"particles": 1,
	"strokeFrom": 8,
	"strokeTo": 0,
	"sizeFrom": 0,
	"sizeTo": 60,
	"length": 0,
	"baseLength": 0,
	"lifetime": 60,
	"colorFrom": "F2A95E",
	"colorTo": "F2A95E"
	},
	{
	"type": "ParticleEffect",
	"particles": 24,
	"line":true
	"lenFrom": 15,
	"lenTo": 0
	"length": 30,
	"interp": "pow10Out",
	"sizeInterp": "pow5In",
	"strokeFrom": 2,
	"strokeTo": 2,
	"baseLength": 30,
	"lifetime": 65,
	"colorFrom": "F2A95E",
	"colorTo": "F2A95E"
	}
	{
	"type": "ParticleEffect",
	"particles": 12,
	"sizeFrom": 12,
	"sizeTo": 0,
	"interp": "elasticOut",
	"sizeInterp": "elasticIn",
	"length": 60,
	"baseLength": 0,
	"lifetime": 60,
	"colorFrom": "FDF290",
	"colorTo": "FDF290",
	}
]
}
}
},
{
	"x": 0,
	"y": 57,
	"recoil": 3.8,
	"recoilTime":20
	"shootCone":5
	"inaccuracy": 0,
	"reload": 1000,
	"shootSound": "JG3",
	"shoot": {
	"firstShotDelay": 80
	},
	"bullet": {
	"type": "ArtilleryBulletType",
	"damage": 5120.9,
	"splashDamage": 4432,
	"splashDamageRadius": 60,
	"sprite": "circle-bullet",
	"backColor":"FFFFFF",
	"frontColor":"FFFFFF",
	"absorbable":false,
	"reflectable":false,
	"speed": 8,
	"lifetime": 85,
	"hitSound": "boom",
	"knockback":4.4
	"hitShake":12
	"despawnEffect": "flakExplosionBig"
	"shootEffect":{
	"type": "MultiEffect",
	"effects": [
	{
	"type": "WaveEffect",
	"particles": 1,
	"strokeFrom": 5,
	"strokeTo": 0,
	"sizeFrom": 0,
	"sizeTo": 60,
	"length": 0,
	"baseLength": 0,
	"lifetime": 40,
	"colorFrom": "FFFFFF",
	"colorTo": "FFFFFF"
	},
	{
	"type": "ParticleEffect",
	"particles": 15,
	"sizeFrom": 20,
	"sizeTo": 0,
	"interp": "pow5Out",
	"sizeInterp": "pow10In",
	"length": 450,
	"baseLength": 20,
	"lifetime": 180,
	"colorFrom": "FFE92C50",
	"colorTo": "FFE92C20",
	"cone":28
	},
	{
	"type": "ParticleEffect",
	"particles": 10,
	"line":true
	"lenFrom": 35,
	"lenTo": 0
	"length": 400,
	"strokeFrom": 5,
	"strokeTo": 0,
	"baseLength": 40,
	"lifetime": 145,
	"colorFrom": "FFC23F",
	"colorTo": "FFC23F50"
	"cone":24
	}
]
}
	"chargeEffect": {
	"type": "MultiEffect",
	"effects": [
	{
	"type": "WaveEffect",
	"particles": 1,
	"strokeFrom": 5,
	"strokeTo": 0,
	"sizeFrom": 300,
	"sizeTo": 0,
	"length": 0,
	"baseLength": 0,
	"lifetime": 60,
	"colorFrom": "FFFFFF",
	"colorTo": "FFFFFF"
	},
	{
	"type": "ParticleEffect",
	"particles": 10,
	"line":true
	"lenFrom": 35,
	"lenTo": 0
	"length": -200,
	"interp": "swingIn",
	"sizeInterp": "pow5Out",
	"strokeFrom": 10,
	"strokeTo": 0,
	"baseLength": 200,
	"lifetime": 65,
	"colorFrom": "F7CF73",
	"colorTo": "F7CF7360"
	}
	{
	"type": "ParticleEffect",
	"particles": 15,
	"sizeFrom": 15,
	"sizeTo": 10,
	"length": -200,
	"baseLength": 200,
	"interp": "pow3In",
	"sizeInterp": "pow5Out",
	"lifetime": 40,
	"colorFrom": "FFE92C",
	"colorTo": "FFE92C"
	}
	{
	"type": "ParticleEffect",
	"particles": 18,
	"sizeFrom": 198
	"sizeTo": 10,
	"length": -200,
	"baseLength": 200,
	"interp": "pow3In",
	"sizeInterp": "pow5Out",
	"lifetime": 45,
	"colorFrom": "FFFFFF",
	"colorTo": "FFFFFF"
	"startDelay":12
	}
]
},
	"trailLength": 15,
	"trailWidth": 4,
	"trailColor": "F2A95E",
	"width": 12,
	"height": 28,
	"hitEffect": {
	"type": "MultiEffect",
	"effects": [
	{
	"type": "ParticleEffect",
	"particles": 15,
	"sizeFrom": 90
	"sizeTo": 0,
	"interp": "pow5Out",
	"sizeInterp": "pow10In",
	"length": 0,
	"baseLength": 0,
	"lifetime": 60,
	"colorFrom": "00000000",
	"colorTo": "000000",
	"layer":120
	},
	{
	"type": "ParticleEffect",
	"particles": 1,
	"sizeFrom": 100,
	"sizeTo": 0,
	"interp": "pow5Out",
	"sizeInterp": "pow10In",
	"length": 0,
	"baseLength": 0,
	"lifetime": 60,
	"colorFrom": "FDF29000",
	"colorTo": "FDF290",
	"layer":119
	},
	{
	"type": "ParticleEffect",
	"particles": 23,
	"sizeFrom": 15
	"sizeTo": 8,
	"interp": "pow3In",
	"sizeInterp": "pow5Out",
	"length": -200,
	"baseLength": 200,
	"lifetime": 40,
	"colorFrom": "FDF29000",
	"colorTo": "FDF290",
	},
	{
	"type": "ParticleEffect",
	"particles": 23,
	"sizeFrom": 21
	"sizeTo": 13,
	"interp": "pow3In",
	"sizeInterp": "pow5Out",
	"length": -200,
	"baseLength": 200,
	"lifetime": 40,
	"colorFrom": "FDF29000",
	"colorTo": "FDF290",
	}
]
}
"fragBullets":1
	"fragBullet":{
	"damage":890
	"speed":0
	"width": 16,
	"height": 16,
	"sprite":"黑暗纪元-新星",
	"spin":1
	"absorbable":false,
	"reflectable":false,
	"hittable":false,
	"splashDamagePierce": true,
	"collidesTiles": false,
	"lifetime":60
	"hitSound":"missileLarge"
	"splashDamageRadius": 400,
	"splashDamage": 7764,
	"hitEffect":{
	"type": "MultiEffect",
	"effects": [
	{
	"type": "WaveEffect",
	"particles": 1,
	"strokeFrom": 15,
	"strokeTo": 0,
	"sizeFrom": 0,
	"sizeTo": 400,
	"length": 0,
	"baseLength": 0,
	"lifetime": 25,
	"colorFrom": "F7CF73",
	"colorTo": "FFFFFF"
	},
	{
	"type": "WaveEffect",
	"particles": 1,
	"strokeFrom": 15,
	"strokeTo": 0,
	"sizeFrom": 0,
	"sizeTo": 400,
	"length": 0,
	"baseLength": 0,
	"lifetime": 25,
	"colorFrom": "F7CF73",
	"colorTo": "FFFFFF"
	"startDelay":8
	},
	{
	"type": "WaveEffect",
	"particles": 1,
	"strokeFrom": 15,
	"strokeTo": 0,
	"sizeFrom": 0,
	"sizeTo": 400,
	"length": 0,
	"baseLength": 0,
	"lifetime": 25,
	"colorFrom": "F7CF73",
	"colorTo": "FFFFFF"
	"startDelay":16
	},
	{
	"type": "ParticleEffect",
	"particles": 25,
	"sizeFrom": 15
	"sizeTo": 0,
	"length": 400,
	"interp": "elasticIn",
	"sizeInterp": "elasticOut",
	"baseLength": 0,
	"lifetime": 60,
	"colorFrom": "F7CF73",
	"colorTo": "F7CF73",
	},
	{
	"type": "ParticleEffect",
	"particles": 35,
	"sizeFrom": 25
	"sizeTo": 0,
	"length": 400,
	"interp": "elasticIn",
	"sizeInterp": "elasticOut",
	"region":"黑暗纪元-三角"
	"baseLength": 0,
	"lifetime": 60,
	"colorFrom": "FDF290",
	"colorTo": "FDF290",
	},
	{
	"type": "ParticleEffect",
	"particles": 10,
	"line":true
	"lenFrom": 35,
	"lenTo": 0
	"length": 400,
	"strokeFrom": 5,
	"strokeTo": 0,
	"baseLength": 40,
	"lifetime": 45,
	"colorFrom": "FFFFFF",
	"colorTo": "FFFFFF"
	}
]
}
	"intervalBullets":4
	"bulletInterval":1
	"intervalBullet":{
	"type": "PointBulletType",
	"speed":120
	"lifetime":1
	"collidesAir":false
	"collidesGround":false
	"hitSound": "plasmadrop"
	"width": 0.1,
	"height": 0.1,
	"trailEffect":"none"
	"hitEffect":{
	"type": "MultiEffect",
	"effects": [
	{
	"type": "WaveEffect",
	"particles": 1,
	"strokeFrom": 5,
	"strokeTo": 0,
	"sizeFrom": 0,
	"sizeTo": 60,
	"length": 0,
	"baseLength": 0,
	"lifetime": 30,
	"colorFrom": "FDF290",
	"colorTo": "FDF290"
	},
	{
	"type": "ParticleEffect",
	"particles": 5,
	"sizeFrom": 19
	"sizeTo": 0,
	"length": 60,
	"baseLength": 0,
	"lifetime": 60,
	"colorFrom": "FDF290",
	"colorTo": "FDF29080",
	}
]
},
	"fragBullets":1,
	"fragAngle": 180,
	"fragRandomSpread":0,
	"fragVelocityMin":1,
	"fragBullet":{
	"damage":490
	"knockback":12
	"speed":20
	"sprite":"黑暗纪元-新星",
	"spin":-2
	"lifetime":6
	"shrinkX":0
	"shrinkY":0
	"backColor":"FDF290",
	"frontColor":"FDF290",
	"status": "寂灭",
	"statusDuration": 180,
	"width": 20,
	"height": 20,
	"hitSound":"plasmaboom"
	"splashDamageRadius": 135,
	"splashDamage": 845,
	"splashDamagePierce": true,
	"trailLength": 45,
	"trailWidth": 5,
	"trailColor": "FDF290",
	"hitEffect":{
	"type": "MultiEffect",
	"effects": [
	{
	"type": "WaveEffect",
	"particles": 1,
	"strokeFrom": 10,
	"strokeTo": 0,
	"sizeFrom": 0,
	"sizeTo": 135,
	"length": 0,
	"baseLength": 0,
	"lifetime": 30,
	"colorFrom": "FDF290",
	"colorTo": "FDF290"
	},
	{
	"type": "ParticleEffect",
	"particles": 32,
	"sizeFrom": 10
	"sizeTo": 0,
	"length": 140,
	"baseLength": 0,
	"lifetime": 45,
	"colorFrom": "FDF290",
	"colorTo": "FDF290",
	},
	{
	"type": "ParticleEffect",
	"particles": 15,
	"sizeFrom": 20,
	"sizeTo": 0,
	"interp": "pow5Out",
	"sizeInterp": "pow10In",
	"length": 150,
	"baseLength": 0,
	"lifetime": 60,
	"colorFrom": "F7CF73",
	"colorTo": "F7CF73",
	},
	{
	"type": "ParticleEffect",
	"particles": 10,
	"line":true
	"lenFrom": 55,
	"lenTo": 0
	"length": 140,
	"strokeFrom": 5,
	"strokeTo": 0,
	"baseLength": 0,
	"lifetime": 45,
	"colorFrom": "FFC23F",
	"colorTo": "FFC23F50"
	}
]
}
}
}
}
}
},
{
	"top":false,
	"reload": 99999999,
	"x": 0,
	"y": 0,
	"shootY": 0,
	"shootX": 0,
	"mirror": false,
	"alternate": true,
	"rotate": true,
	"recoil": 0,
	"recoilTime":0
	"shootCone":360
	"inaccuracy": 0,
	"shootOnDeath": true,
	"shootSound":"none"
	"bullet": {
	"damage": 5120.9,
	"splashDamage": 4432,
	"splashDamageRadius": 60,
	"sprite": "circle-bullet",
	"backColor":"FFFFFF",
	"frontColor":"FFFFFF",
	"absorbable":false,
	"reflectable":false,
	"speed": 0,
	"lifetime": 0,
	"hitSound": "boom",
	"knockback":4.4
	"hitShake":12
	"despawnEffect": "flakExplosionBig",
	"width": 12,
	"height": 28,
	"hitEffect": {
	"type": "MultiEffect",
	"effects": [
	{
	"type": "ParticleEffect",
	"particles": 15,
	"sizeFrom": 125
	"sizeTo": 0,
	"interp": "pow5Out",
	"sizeInterp": "pow10In",
	"length": 0,
	"baseLength": 0,
	"lifetime": 60,
	"colorFrom": "00000000",
	"colorTo": "000000",
	"layer":120
	},
	{
	"type": "ParticleEffect",
	"particles": 1,
	"sizeFrom": 140,
	"sizeTo": 0,
	"interp": "pow5Out",
	"sizeInterp": "pow10In",
	"length": 0,
	"baseLength": 0,
	"lifetime": 60,
	"colorFrom": "FDF29000",
	"colorTo": "FDF290",
	"layer":119
	},
	{
	"type": "ParticleEffect",
	"particles": 23,
	"sizeFrom": 15
	"sizeTo": 8,
	"interp": "pow3In",
	"sizeInterp": "pow5Out",
	"length": -240,
	"baseLength": 240,
	"lifetime": 40,
	"colorFrom": "FDF29000",
	"colorTo": "FDF290",
	},
	{
	"type": "ParticleEffect",
	"particles": 23,
	"sizeFrom": 21
	"sizeTo": 13,
	"interp": "pow3In",
	"sizeInterp": "pow5Out",
	"length": -240,
	"baseLength": 240,
	"lifetime": 40,
	"colorFrom": "FDF29000",
	"colorTo": "FDF290",
	}
]
}
"fragBullets":1
	"fragBullet":{
	"damage":890
	"speed":0
	"width": 16,
	"height": 16,
	"sprite":"黑暗纪元-新星",
	"spin":1
	"absorbable":false,
	"reflectable":false,
	"hittable":false,
	"splashDamagePierce": true,
	"collidesTiles": false,
	"lifetime":120
	"hitSound":"missileLarge"
	"splashDamageRadius": 400,
	"splashDamage": 7764,
	"hitEffect":{
	"type": "MultiEffect",
	"effects": [
	{
	"type": "WaveEffect",
	"particles": 1,
	"strokeFrom": 15,
	"strokeTo": 0,
	"sizeFrom": 0,
	"sizeTo": 600,
	"length": 0,
	"baseLength": 0,
	"lifetime": 25,
	"colorFrom": "F7CF73",
	"colorTo": "FFFFFF"
	},
	{
	"type": "WaveEffect",
	"particles": 1,
	"strokeFrom": 15,
	"strokeTo": 0,
	"sizeFrom": 0,
	"sizeTo": 600,
	"length": 0,
	"baseLength": 0,
	"lifetime": 25,
	"colorFrom": "F7CF73",
	"colorTo": "FFFFFF"
	"startDelay":8
	},
	{
	"type": "WaveEffect",
	"particles": 1,
	"strokeFrom": 15,
	"strokeTo": 0,
	"sizeFrom": 0,
	"sizeTo": 600,
	"length": 0,
	"baseLength": 0,
	"lifetime": 25,
	"colorFrom": "F7CF73",
	"colorTo": "FFFFFF"
	"startDelay":16
	},
	{
	"type": "ParticleEffect",
	"particles": 25,
	"sizeFrom": 15
	"sizeTo": 0,
	"length": 600,
	"interp": "elasticIn",
	"sizeInterp": "elasticOut",
	"baseLength": 0,
	"lifetime": 60,
	"colorFrom": "F7CF73",
	"colorTo": "F7CF73",
	},
	{
	"type": "ParticleEffect",
	"particles": 35,
	"sizeFrom": 25
	"sizeTo": 0,
	"length": 600,
	"interp": "elasticIn",
	"sizeInterp": "elasticOut",
	"region":"黑暗纪元-三角"
	"baseLength": 0,
	"lifetime": 60,
	"colorFrom": "FDF290",
	"colorTo": "FDF290",
	},
	{
	"type": "ParticleEffect",
	"particles": 10,
	"line":true
	"lenFrom": 35,
	"lenTo": 0
	"length": 400,
	"strokeFrom": 5,
	"strokeTo": 0,
	"baseLength": 40,
	"lifetime": 45,
	"colorFrom": "FFFFFF",
	"colorTo": "FFFFFF"
	}
]
}
	"intervalBullets":4
	"bulletInterval":1
	"intervalBullet":{
	"type": "PointBulletType",
	"speed":240
	"lifetime":1
	"collidesAir":false
	"collidesGround":false
	"hitSound": "plasmadrop"
	"width": 0.1,
	"height": 0.1,
	"trailEffect":"none"
	"hitEffect":{
	"type": "MultiEffect",
	"effects": [
	{
	"type": "WaveEffect",
	"particles": 1,
	"strokeFrom": 5,
	"strokeTo": 0,
	"sizeFrom": 0,
	"sizeTo": 60,
	"length": 0,
	"baseLength": 0,
	"lifetime": 30,
	"colorFrom": "FDF290",
	"colorTo": "FDF290"
	},
	{
	"type": "ParticleEffect",
	"particles": 5,
	"sizeFrom": 19
	"sizeTo": 0,
	"length": 60,
	"baseLength": 0,
	"lifetime": 60,
	"colorFrom": "FDF290",
	"colorTo": "FDF29080",
	}
]
},
	"fragBullets":1,
	"fragAngle": 180,
	"fragRandomSpread":0,
	"fragVelocityMin":1,
	"fragBullet":{
	"damage":1120
	"knockback":12
	"speed":20
	"sprite":"黑暗纪元-新星",
	"spin":-2
	"lifetime":12
	"shrinkX":0
	"shrinkY":0
	"backColor":"FDF290",
	"frontColor":"FDF290",
	"status": "寂灭",
	"statusDuration": 180,
	"width": 20,
	"height": 20,
	"hitSound":"plasmaboom"
	"splashDamageRadius": 135,
	"splashDamage": 1345,
	"splashDamagePierce": true,
	"trailLength": 45,
	"trailWidth": 5,
	"trailColor": "FDF290",
	"hitEffect":{
	"type": "MultiEffect",
	"effects": [
	{
	"type": "WaveEffect",
	"particles": 1,
	"strokeFrom": 10,
	"strokeTo": 0,
	"sizeFrom": 0,
	"sizeTo": 135,
	"length": 0,
	"baseLength": 0,
	"lifetime": 30,
	"colorFrom": "FDF290",
	"colorTo": "FDF290"
	},
	{
	"type": "ParticleEffect",
	"particles": 32,
	"sizeFrom": 10
	"sizeTo": 0,
	"length": 140,
	"baseLength": 0,
	"lifetime": 45,
	"colorFrom": "FDF290",
	"colorTo": "FDF290",
	},
	{
	"type": "ParticleEffect",
	"particles": 15,
	"sizeFrom": 20,
	"sizeTo": 0,
	"interp": "pow5Out",
	"sizeInterp": "pow10In",
	"length": 150,
	"baseLength": 0,
	"lifetime": 60,
	"colorFrom": "F7CF73",
	"colorTo": "F7CF73",
	},
	{
	"type": "ParticleEffect",
	"particles": 10,
	"line":true
	"lenFrom": 55,
	"lenTo": 0
	"length": 140,
	"strokeFrom": 5,
	"strokeTo": 0,
	"baseLength": 0,
	"lifetime": 45,
	"colorFrom": "FFC23F",
	"colorTo": "FFC23F50"
	}
]
}
}
}
}
}
}
]
}