{
	"name": "压缩电池",
	"health": 3200,
	"requirements": [
		"lead/250",
		"titanium/180",
		"silicon/150",
		"plastanium/80",
		"thorium/60"
	],
	"drawer": {
		"type": "DrawMulti",
		"drawers": [
			"DrawDefault",
			{
				"type": "DrawPower",
				"emptyLightColor": "FFFFFF",
				"fullLightColor": "FFFFFF"
			},
			{
				"type": "DrawRegion",
				"suffix": "-top"
			}
		]
	},
	"consumes": {
		"powerBuffered": 256000
	},
	"size": 4,
	"type": "Battery",
	"category": "power",
	"research": "battery-large"
}