{
  "type": "payload",
  "name": "曙光",
  "payloadCapacity": 9000,
  "rotateSpeed": 0.9,
  "speed": 0.4,
  "drag": 0.03,
  "accel": 0.08,
  "immunities": [
    "blasted",
    "burning",
    "electrified",
    "freezing",
    "melting",
    "disarmed",
    "sapped",
    "shocked",
    "slow",
    "tarred",
    "wet",
    "spore-slowed",
    "corroded",
    "致盲",
    "磁化",
    "破防",
    "延迟",
    "瘫痪",
    "空间混乱",
    "污染",
    "虚弱"
  ],
  "hitSize": 183,
  "flying": true,
  "lowAltitude": true,
  "health": 763000,
  "itemCapacity": 12000,
  "itemOffsetY": -18,
  "mineSpeed": 48.9,
  "mineTier": 150,
  "mineRange": 600,
  "buildRange": 2300,
  "buildSpeed": 15.7,
  "buildBeamOffset": -18,
  "armor": 409,
  "ammoType": {
    "type": "PowerAmmoType",
    "totalPower": 904000
  },
  "engines": [
    {
      "x": 40,
      "y": -46,
      "radius": 18,
      "rotation": 90
    },
    {
      "x": -40,
      "y": -46,
      "radius": 18,
      "rotation": 90
    }
  ],
  "research": "曙光",
  "abilities": [
    {
      "type": "StatusFieldAbility",
      "duration": 700,
      "reload": 690,
      "range": 1370,
      "applyEffect": "none",
      "activeEffect": {
        "type": "WaveEffect",
        "lifetime": 20,
        "sizeFrom": 24,
        "sizeTo": 1370,
        "strokeFrom": 2,
        "strokeTo": 22,
        "interp": "fastSlow",
        "colorFrom": "4593A5",
        "colorTo": "FFFFFF07"
      },
      "effect": "过载"
    },
    {
      "type": "ShieldRegenFieldAbility",
      "amount": 2000,
      "max": 100000,
      "reload": 1000,
      "range": 1100,
      "applyEffect": "none",
      "activeEffect": {
        "type": "MultiEffect",
        "effects": [
          {
            "type": "ParticleEffect",
            "particles": 1,
            "sizeFrom": 0,
            "sizeTo": 1100,
            "interp": "pow5Out",
            "sizeInterp": "pow10In",
            "length": 0,
            "baseLength": 20,
            "lifetime": 230,
            "colorFrom": "FFFFFF60",
            "colorTo": "FFFFFF00"
          }
        ]
      }
    },
    {
      "type": "RepairFieldAbility",
      "amount": 9000,
      "reload": 480,
      "range": 1000,
      "healEffect": "none",
      "activeEffect": {
        "type": "ParticleEffect",
        "particles": 150,
        "line": true,
        "lenFrom": 60,
        "lenTo": 0,
        "length": 1000,
        "interp": "pow10Out",
        "sizeInterp": "pow5In",
        "strokeFrom": 15,
        "strokeTo": 0,
        "baseLength": 60,
        "lifetime": 145,
        "colorFrom": "FFFFFF",
        "colorTo": "4593A5"
      }
    },
    {
      "type": "EnergyFieldAbility",
      "damage": 529,
      "reload": 120,
      "range": 300,
      "healPercent": 12,
      "sameTypeHealMult": 0.2,
      "effectRadius": 15.6,
      "sectors": 12,
      "sectorRad": 1.3,
      "rotateSpeed": -0.9,
      "color": "4AB9A3",
      "hitEffect": {
        "type": "ParticleEffect",
        "particles": 15,
        "line": true,
        "length": 85,
        "baseLength": 0,
        "lifetime": 105,
        "colorFrom": "4593A5",
        "colorTo": "5DC190"
      },
      "damageEffect": "chainLightning",
      "shootSound": "spark",
      "x": 0,
      "y": 8,
      "targetGround": true,
      "targetAir": true,
      "hitBuildings": true,
      "hitUnits": true,
      "maxTargets": 66
    }
  ],
  "weapons": [
    {
      "name": "曙光1",
      "x": 0,
      "y": 0,
      "recoil": 0,
      "shootX": 0,
      "shootY": 12,
      "reload": 3000,
      "xRand": 0,
      "top": true,
      "rotate": false,
      "shootSound": "JG2",
      "alternate": false,
      "mirror": false,
      "shootStatusDuration": 130,
      "shootStatus": "unmoving",
      "shoot": {
        "firstShotDelay": 130
      },
      "bullet": {
        "damage": 15610,
        "lifetime": 300,
        "collidesAir": true,
        "collidesGround": true,
        "absorbable": false,
        "reflectable": false,
        "hittable": false,
        "hitSound": "DS",
        "hitSoundVolume": 12,
        "hitEffect": "none",
        "despawnEffect": "none",
        "backColor": "5DC190",
        "frontColor": "4593A5",
        "shootEffect": {
          "type": "MultiEffect",
          "effects": [
            {
              "type": "WaveEffect",
              "particles": 1,
              "strokeFrom": 14,
              "strokeTo": 0,
              "sizeFrom": 0,
              "sizeTo": 60,
              "length": 0,
              "baseLength": 0,
              "lifetime": 150,
              "colorFrom": "5DC190",
              "colorTo": "4593A5"
            },
            {
              "type": "ParticleEffect",
              "particles": 37,
              "sizeFrom": 18,
              "sizeTo": 0,
              "interp": "pow5Out",
              "sizeInterp": "pow10In",
              "length": 570,
              "baseLength": 15,
              "lifetime": 180,
              "colorFrom": "5DC19050",
              "colorTo": "4593A550",
              "cone": 24
            },
            {
              "type": "ParticleEffect",
              "particles": 52,
              "sizeFrom": 25,
              "sizeTo": 0,
              "interp": "pow5Out",
              "sizeInterp": "pow10In",
              "length": 570,
              "baseLength": 10,
              "lifetime": 180,
              "colorFrom": "5DC19050",
              "colorTo": "4593A550",
              "cone": 24
            },
            {
              "type": "ParticleEffect",
              "particles": 10,
              "line": true,
              "lenFrom": 35,
              "lenTo": 0,
              "length": 600,
              "strokeFrom": 5,
              "strokeTo": 0,
              "baseLength": 40,
              "lifetime": 145,
              "colorFrom": "4593A5",
              "colorTo": "5DC19050",
              "cone": 26
            }
          ]
        },
        "chargeEffect": {
          "type": "MultiEffect",
          "effects": [
            {
              "type": "WaveEffect",
              "particles": 1,
              "strokeFrom": 12,
              "strokeTo": 0,
              "sizeFrom": 600,
              "sizeTo": 0,
              "length": 0,
              "baseLength": 0,
              "lifetime": 60,
              "colorFrom": "5DC19000",
              "colorTo": "4593A5",
              "startDelay": 10
            },
            {
              "type": "WaveEffect",
              "particles": 1,
              "strokeFrom": 12,
              "strokeTo": 0,
              "sizeFrom": 600,
              "sizeTo": 0,
              "length": 0,
              "baseLength": 0,
              "lifetime": 60,
              "colorFrom": "5DC19010",
              "colorTo": "4593A5",
              "startDelay": 30
            },
            {
              "type": "WaveEffect",
              "particles": 1,
              "strokeFrom": 12,
              "strokeTo": 0,
              "sizeFrom": 600,
              "sizeTo": 0,
              "length": 0,
              "baseLength": 0,
              "lifetime": 60,
              "colorFrom": "5DC19010",
              "colorTo": "4593A5",
              "startDelay": 50
            },
            {
              "type": "WaveEffect",
              "particles": 1,
              "strokeFrom": 12,
              "strokeTo": 0,
              "sizeFrom": 600,
              "sizeTo": 0,
              "length": 0,
              "baseLength": 0,
              "lifetime": 60,
              "colorFrom": "5DC19010",
              "colorTo": "4593A5",
              "startDelay": 70
            },
            {
              "type": "ParticleEffect",
              "particles": 65,
              "sizeFrom": 17,
              "sizeTo": 5,
              "length": -590,
              "baseLength": 590,
              "interp": "pow3In",
              "sizeInterp": "pow5Out",
              "lifetime": 60,
              "colorFrom": "5DC190",
              "colorTo": "FFFFFF",
              "startDelay": 10
            },
            {
              "type": "ParticleEffect",
              "particles": 65,
              "sizeFrom": 17,
              "sizeTo": 5,
              "length": -590,
              "baseLength": 590,
              "interp": "pow3In",
              "sizeInterp": "pow5Out",
              "lifetime": 60,
              "startDelay": 30,
              "colorFrom": "5DC190",
              "colorTo": "FFFFFF"
            },
            {
              "type": "ParticleEffect",
              "particles": 65,
              "sizeFrom": 17,
              "sizeTo": 5,
              "length": -590,
              "baseLength": 590,
              "interp": "pow3In",
              "sizeInterp": "pow5Out",
              "lifetime": 60,
              "startDelay": 50,
              "colorFrom": "5DC190",
              "colorTo": "FFFFFF"
            },
            {
              "type": "ParticleEffect",
              "particles": 65,
              "sizeFrom": 17,
              "sizeTo": 5,
              "length": -590,
              "baseLength": 590,
              "interp": "pow3In",
              "sizeInterp": "pow5Out",
              "lifetime": 60,
              "startDelay": 70,
              "colorFrom": "5DC190",
              "colorTo": "FFFFFF"
            }
          ]
        },
        "width": 64,
        "height": 64,
        "speed": 10,
        "shrinkX": 0,
        "shrinkY": 0,
        "sprite": "large-orb",
        "drag": 0.005,
        "trailLength": 120,
        "trailWidth": 13,
        "trailColor": "4593A577",
        "trailChance": 2,
        "hitBuildings": false,
        "hitUnits": false,
        "pierceArmor": true,
        "buildingDamageMultiplier": 0.3,
        "parts": [
          {
            "type": "HaloPart",
            "sides": 3,
            "shapes": 4,
            "progress": "reload",
            "color": "5DC190",
            "colorTo": "5DC190",
            "tri": true,
            "hollow": true,
            "stroke": 0,
            "strokeTo": 0.1,
            "radius": 15,
            "radiusTo": 15,
            "triLength": 30,
            "triLengthTo": 30,
            "haloRadius": 60,
            "haloRotation": 0,
            "haloRotateSpeed": 3,
            "shapeRotation": 0,
            "layer": 110
          },
          {
            "type": "HaloPart",
            "sides": 3,
            "shapes": 4,
            "progress": "reload",
            "color": "5DC190",
            "colorTo": "5DC190",
            "tri": true,
            "hollow": true,
            "stroke": 0,
            "strokeTo": 0.1,
            "radius": 15,
            "radiusTo": 15,
            "triLength": 40,
            "triLengthTo": 40,
            "haloRadius": 62,
            "haloRotation": 0,
            "haloRotateSpeed": 3,
            "shapeRotation": 180,
            "layer": 110
          },
          {
            "type": "ShapePart",
            "progress": "reload",
            "y": 0,
            "color": "5DC190",
            "colorTo": "5DC190",
            "stroke": 12,
            "strokeTo": 12,
            "circle": true,
            "hollow": true,
            "radius": 58,
            "radiusTo": 58,
            "layer": 110
          }
        ],
        "hitShake": 0,
        "fragBullets": 1,
        "fragVelocityMin": 1,
        "fragAngle": 0,
        "fragRandomSpread": 0,
        "fragBullet": {
          "damage": 1089,
          "splashDamageRadius": 680,
          "splashDamage": 971,
          "lifetime": 60,
          "pierce": true,
          "collidesAir": false,
          "collidesGround": false,
          "absorbable": false,
          "reflectable": false,
          "hittable": false,
          "hitSound": "BZ4",
          "hitSoundVolume": 60,
          "backColor": "5DC190",
          "frontColor": "4593A5",
          "width": 64,
          "height": 64,
          "speed": 2,
          "shrinkX": 0,
          "shrinkY": 0,
          "sprite": "large-orb",
          "despawnEffect": "none",
          "drag": 0.01,
          "trailLength": 40,
          "trailWidth": 3,
          "trailColor": "4593A577",
          "trailChance": 2,
          "hitBuildings": false,
          "hitUnits": false,
          "pierceArmor": true,
          "buildingDamageMultiplier": 0.7,
          "parts": [
            {
              "type": "HaloPart",
              "progress": "warmup",
              "sides": 3,
              "shapes": 4,
              "color": "5DC190",
              "colorTo": "5DC190",
              "tri": true,
              "radius": 15,
              "radiusTo": 0,
              "triLength": 30,
              "triLengthTo": 0,
              "haloRadius": 60,
              "haloRadiusTo": 0,
              "haloRotation": 0,
              "haloRotateSpeed": 3,
              "shapeRotation": 0,
              "layer": 110
            },
            {
              "type": "HaloPart",
              "progress": "warmup",
              "sides": 3,
              "shapes": 4,
              "color": "5DC190",
              "colorTo": "5DC190",
              "tri": true,
              "radius": 15,
              "radiusTo": 0,
              "triLength": 40,
              "triLengthTo": 0,
              "haloRadius": 62,
              "haloRadiusTo": 0,
              "haloRotation": 0,
              "haloRotateSpeed": 3,
              "shapeRotation": 180,
              "layer": 110
            },
            {
              "type": "ShapePart",
              "progress": "warmup",
              "y": 0,
              "color": "5DC190",
              "colorTo": "5DC190",
              "stroke": 18,
              "strokeTo": 18,
              "circle": true,
              "hollow": true,
              "radius": 58,
              "radiusTo": 0,
              "layer": 110
            }
          ],
          "hitEffect": {
            "type": "MultiEffect",
            "effects": [
              {
                "type": "WaveEffect",
                "particles": 1,
                "strokeFrom": 24,
                "strokeTo": 0,
                "sizeFrom": 0,
                "sizeTo": 680,
                "length": 0,
                "baseLength": 0,
                "lifetime": 60,
                "colorFrom": "5DC190",
                "colorTo": "4593A5"
              },
              {
                "type": "WaveEffect",
                "particles": 1,
                "strokeFrom": 24,
                "strokeTo": 0,
                "sizeFrom": 0,
                "sizeTo": 680,
                "length": 0,
                "baseLength": 0,
                "lifetime": 60,
                "colorFrom": "5DC190",
                "colorTo": "4593A5",
                "startDelay": 60
              },
              {
                "type": "WaveEffect",
                "particles": 1,
                "strokeFrom": 24,
                "strokeTo": 0,
                "sizeFrom": 0,
                "sizeTo": 680,
                "length": 0,
                "baseLength": 0,
                "lifetime": 60,
                "colorFrom": "5DC190",
                "colorTo": "4593A5",
                "startDelay": 120
              },
              {
                "type": "ParticleEffect",
                "particles": 125,
                "sizeFrom": 12,
                "sizeTo": 0,
                "length": 680,
                "baseLength": 20,
                "lifetime": 200,
                "colorFrom": "4593A5",
                "colorTo": "FFFFFF"
              },
              {
                "type": "ParticleEffect",
                "particles": 75,
                "sizeFrom": 20,
                "sizeTo": 0,
                "length": 680,
                "baseLength": 10,
                "lifetime": 190,
                "colorFrom": "5DC190",
                "colorTo": "FFFFFF"
              },
              {
                "type": "ParticleEffect",
                "particles": 30,
                "sizeFrom": 43,
                "sizeTo": 0,
                "interp": "pow5Out",
                "sizeInterp": "pow10In",
                "length": 680,
                "baseLength": 20,
                "lifetime": 220,
                "colorFrom": "5DC1950",
                "colorTo": "73737320"
              },
              {
                "type": "ParticleEffect",
                "particles": 50,
                "line": true,
                "lenFrom": 65,
                "lenTo": 0,
                "length": 680,
                "strokeFrom": 15,
                "strokeTo": 0,
                "baseLength": 30,
                "lifetime": 345,
                "colorFrom": "FFC23F",
                "colorTo": "FFC23F50"
              }
            ]
          },
          "fragBullets": 1,
          "fragVelocityMin": 1,
          "fragAngle": 0,
          "fragRandomSpread": 0,
          "fragBullet": {
            "damage": 4123,
            "splashDamageRadius": 680,
            "splashDamage": 9221,
            "lifetime": 0,
            "pierce": true,
            "collidesAir": true,
            "collidesGround": true,
            "absorbable": false,
            "reflectable": false,
            "hittable": false,
            "hitSound": "BZ3",
            "hitSoundVolume": 60,
            "backColor": "5DC190",
            "frontColor": "4593A5",
            "width": 23,
            "height": 23,
            "speed": 10,
            "shrinkX": 0.1,
            "shrinkY": 0.1,
            "sprite": "large-orb",
            "despawnEffect": "none",
            "drag": 0,
            "trailLength": 40,
            "trailWidth": 3,
            "trailColor": "4593A577",
            "trailChance": 2,
            "hitBuildings": false,
            "hitUnits": false,
            "pierceArmor": true,
            "buildingDamageMultiplier": 0.5,
            "hitEffect": {
              "type": "MultiEffect",
              "effects": [
                {
                  "type": "WaveEffect",
                  "particles": 1,
                  "strokeFrom": 24,
                  "strokeTo": 0,
                  "sizeFrom": 0,
                  "sizeTo": 680,
                  "length": 0,
                  "baseLength": 0,
                  "lifetime": 60,
                  "colorFrom": "5DC190",
                  "colorTo": "4593A5"
                },
                {
                  "type": "WaveEffect",
                  "particles": 1,
                  "strokeFrom": 24,
                  "strokeTo": 0,
                  "sizeFrom": 0,
                  "sizeTo": 680,
                  "length": 0,
                  "baseLength": 0,
                  "lifetime": 60,
                  "colorFrom": "5DC190",
                  "colorTo": "4593A5",
                  "startDelay": 60
                },
                {
                  "type": "WaveEffect",
                  "particles": 1,
                  "strokeFrom": 24,
                  "strokeTo": 0,
                  "sizeFrom": 0,
                  "sizeTo": 680,
                  "length": 0,
                  "baseLength": 0,
                  "lifetime": 60,
                  "colorFrom": "5DC190",
                  "colorTo": "4593A5",
                  "startDelay": 120
                },
                {
                  "type": "ParticleEffect",
                  "particles": 125,
                  "sizeFrom": 12,
                  "sizeTo": 0,
                  "length": 680,
                  "baseLength": 20,
                  "lifetime": 200,
                  "colorFrom": "4593A5",
                  "colorTo": "FFFFFF"
                },
                {
                  "type": "ParticleEffect",
                  "particles": 75,
                  "sizeFrom": 20,
                  "sizeTo": 0,
                  "length": 680,
                  "baseLength": 10,
                  "lifetime": 190,
                  "colorFrom": "5DC190",
                  "colorTo": "FFFFFF"
                },
                {
                  "type": "ParticleEffect",
                  "particles": 30,
                  "sizeFrom": 43,
                  "sizeTo": 0,
                  "interp": "pow5Out",
                  "sizeInterp": "pow10In",
                  "length": 680,
                  "baseLength": 20,
                  "lifetime": 220,
                  "colorFrom": "5DC1950",
                  "colorTo": "73737320"
                },
                {
                  "type": "ParticleEffect",
                  "particles": 50,
                  "line": true,
                  "lenFrom": 65,
                  "lenTo": 0,
                  "length": 680,
                  "strokeFrom": 15,
                  "strokeTo": 0,
                  "baseLength": 30,
                  "lifetime": 345,
                  "colorFrom": "FFC23F",
                  "colorTo": "FFC23F50"
                },
                {
                  "type": "ParticleEffect",
                  "particles": 35,
                  "region": "黑暗纪元-60斜",
                  "sizeFrom": 50,
                  "sizeTo": 0,
                  "length": 1000,
                  "baseLength": 0,
                  "lifetime": 395,
                  "interp": "fastSlow",
                  "sizeInterp": "pow2OutInverse",
                  "colorFrom": "5DC190",
                  "colorTo": "4593A500"
                },
                {
                  "type": "ParticleEffect",
                  "particles": 35,
                  "region": "黑暗纪元-60正",
                  "sizeFrom": 55,
                  "sizeTo": 0,
                  "length": 1100,
                  "baseLength": 0,
                  "lifetime": 380,
                  "interp": "fastSlow",
                  "sizeInterp": "pow2OutInverse",
                  "colorFrom": "5DC190",
                  "colorTo": "4593A500",
                  "startDelay": 20
                },
                {
                  "type": "ParticleEffect",
                  "particles": 24,
                  "region": "黑暗纪元-三角",
                  "sizeFrom": 60,
                  "sizeTo": 0,
                  "length": 1050,
                  "baseLength": 0,
                  "lifetime": 375,
                  "interp": "fastSlow",
                  "sizeInterp": "pow2OutInverse",
                  "colorFrom": "5DC190",
                  "colorTo": "4593A500",
                  "startDelay": 40
                },
                {
                  "type": "ParticleEffect",
                  "particles": 30,
                  "region": "黑暗纪元-等腰直角",
                  "sizeFrom": 39,
                  "sizeTo": 0,
                  "length": 1090,
                  "baseLength": 0,
                  "lifetime": 400,
                  "interp": "fastSlow",
                  "sizeInterp": "pow2OutInverse",
                  "colorFrom": "5DC190",
                  "colorTo": "4593A500",
                  "startDelay": 60
                },
                {
                  "type": "ParticleEffect",
                  "particles": 30,
                  "region": "黑暗纪元-斜正方",
                  "sizeFrom": 47,
                  "sizeTo": 0,
                  "length": 1030,
                  "baseLength": 0,
                  "lifetime": 385,
                  "interp": "fastSlow",
                  "sizeInterp": "pow2OutInverse",
                  "colorFrom": "5DC190",
                  "colorTo": "4593A500",
                  "startDelay": 80
                },
                {
                  "type": "ParticleEffect",
                  "particles": 41,
                  "region": "黑暗纪元-斜正方",
                  "sizeFrom": 51,
                  "sizeTo": 0,
                  "length": 990,
                  "baseLength": 0,
                  "lifetime": 360,
                  "interp": "fastSlow",
                  "sizeInterp": "pow2OutInverse",
                  "colorFrom": "5DC190",
                  "colorTo": "4593A500",
                  "startDelay": 100
                }
              ]
            },
            "hitShake": 120,
            "fragBullets": 99,
            "fragVelocityMin": 0.5,
            "fragVelocityMax": 10,
            "fragLifeMin": 0.6,
            "fragLifeMax": 3.5,
            "fragBullet": {
              "damage": 513,
              "splashDamageRadius": 53,
              "splashDamage": 341,
              "lifetime": 10,
              "pierce": true,
              "collidesAir": true,
              "collidesGround": true,
              "absorbable": false,
              "reflectable": false,
              "hittable": false,
              "hitSound": "explosion",
              "hitSoundVolume": 20,
              "backColor": "5DC190",
              "frontColor": "4593A5",
              "width": 4,
              "height": 4,
              "speed": 4,
              "shrinkX": 0,
              "shrinkY": 0,
              "sprite": "黑暗纪元-新星",
              "hitEffect": "none",
              "despawnEffect": "none",
              "drag": 0.006,
              "buildingDamageMultiplier": 0.3,
              "trailLength": 40,
              "trailWidth": 3,
              "trailColor": "5DC19077",
              "trailChance": 22,
              "hitBuildings": true,
              "hitUnits": true,
              "healPercent": 13,
              "buildingDamageMultiplier": 0.8,
              "lightningColor": "D4F2FF",
              "lightning": 5,
              "lightningDamage": 212,
              "lightningLength": 9,
              "hitEffect": {
                "type": "MultiEffect",
                "effects": [
                  {
                    "type": "WaveEffect",
                    "particles": 1,
                    "strokeFrom": 11,
                    "strokeTo": 0,
                    "sizeFrom": 0,
                    "sizeTo": 53,
                    "length": 0,
                    "baseLength": 0,
                    "lifetime": 30,
                    "colorFrom": "5DC190",
                    "colorTo": "FFFFFF"
                  },
                  {
                    "type": "ParticleEffect",
                    "particles": 18,
                    "sizeFrom": 14.5,
                    "sizeTo": 0,
                    "length": 50,
                    "baseLength": 0,
                    "lifetime": 50,
                    "colorFrom": "4593A5",
                    "colorTo": "FFFFFF40"
                  },
                  {
                    "type": "ParticleEffect",
                    "particles": 1,
                    "sizeFrom": 60,
                    "sizeTo": 0,
                    "interp": "pow5Out",
                    "sizeInterp": "pow10In",
                    "length": 0,
                    "baseLength": 0,
                    "lifetime": 70,
                    "colorFrom": "5DC19044",
                    "colorTo": "4593A520"
                  }
                ]
              }
            }
          }
        }
      }
    },
    {
      "name": "曙光2",
      "x": 37,
      "y": -29,
      "recoil": 3,
      "shootX": 0,
      "shootY": 8,
      "reload": 65,
      "xRand": 0,
      "top": true,
      "rotate": true,
      "shootSound": "shockBlast",
      "shootStatusDuration": 600,
      "shootStatus": "保护",
      "alternate": false,
      "mirror": true,
      "healPercent": 1,
      "shoot": {
        "shots": 3,
        "shotDelay": 10
      },
      "bullet": {
        "lifetime": 100,
        "pierce": true,
        "hitSound": "plasmaboom",
        "width": 6,
        "height": 6,
        "speed": 16,
        "shrinkX": 0,
        "shrinkY": 0,
        "damage": 567,
        "splashDamageRadius": 50,
        "splashDamage": 256,
        "pierceCap": 4,
        "collidesAir": true,
        "collidesGround": true,
        "absorbable": false,
        "reflectable": false,
        "hittable": true,
        "collides": true,
        "backColor": "5DC190",
        "frontColor": "4593A5",
        "sprite": "黑暗纪元-圆矩",
        "knockback": 34,
        "trailLength": 40,
        "trailWidth": 4,
        "trailColor": "A0F19B77",
        "trailChance": 69,
        "trailEffect": {
          "type": "ParticleEffect",
          "particles": 2,
          "sizeFrom": 8,
          "sizeTo": 0,
          "interp": "pow5Out",
          "sizeInterp": "pow10In",
          "length": 50,
          "baseLength": 2,
          "lifetime": 68,
          "region": "黑暗纪元-三角",
          "colorFrom": "5DC19050",
          "colorTo": "5DC19020"
        },
        "hitEffect": {
          "type": "MultiEffect",
          "effects": [
            {
              "type": "WaveEffect",
              "particles": 1,
              "strokeFrom": 5,
              "strokeTo": 0,
              "sizeFrom": 25,
              "sizeTo": 50,
              "length": 0,
              "baseLength": 0,
              "lifetime": 26,
              "colorFrom": "4AB9A3",
              "colorTo": "4AB9A390"
            },
            {
              "type": "ParticleEffect",
              "particles": 25,
              "sizeFrom": 7,
              "sizeTo": 0,
              "length": 50,
              "baseLength": 0,
              "lifetime": 60,
              "colorFrom": "4AB9A3",
              "colorTo": "5DC190"
            },
            {
              "type": "ParticleEffect",
              "particles": 22,
              "line": true,
              "lenFrom": 35,
              "lenTo": 0,
              "length": 50,
              "strokeFrom": 5,
              "strokeTo": 0,
              "baseLength": 40,
              "lifetime": 98,
              "colorFrom": "4AB9A3",
              "colorTo": "4593A550"
            }
          ]
        },
        "hitBuildings": true,
        "hitUnits": true,
        "healPercent": 4,
        "pierceArmor": true,
        "buildingDamageMultiplier": 0.45
      }
    },
    {
      "name": "曙光2",
      "x": 65,
      "y": 23,
      "recoil": 3,
      "shootX": 0,
      "shootY": 8,
      "reload": 65,
      "xRand": 0,
      "top": true,
      "rotate": true,
      "shootSound": "shockBlast",
      "shootStatusDuration": 600,
      "shootStatus": "伤害提升",
      "alternate": false,
      "mirror": true,
      "healPercent": 1,
      "shoot": {
        "shots": 3,
        "shotDelay": 10,
        "firstShotDelay": 35
      },
      "bullet": {
        "lifetime": 100,
        "pierce": true,
        "hitSound": "plasmaboom",
        "width": 6,
        "height": 6,
        "speed": 16,
        "shrinkX": 0,
        "shrinkY": 0,
        "damage": 567,
        "splashDamageRadius": 50,
        "splashDamage": 256,
        "pierceCap": 4,
        "collidesAir": true,
        "collidesGround": true,
        "absorbable": false,
        "reflectable": false,
        "hittable": true,
        "collides": true,
        "backColor": "5DC190",
        "frontColor": "4593A5",
        "sprite": "黑暗纪元-圆矩",
        "knockback": 34,
        "trailLength": 40,
        "trailWidth": 4,
        "trailColor": "A0F19B77",
        "trailChance": 69,
        "trailEffect": {
          "type": "ParticleEffect",
          "particles": 2,
          "sizeFrom": 8,
          "sizeTo": 0,
          "interp": "pow5Out",
          "sizeInterp": "pow10In",
          "length": 50,
          "baseLength": 2,
          "lifetime": 68,
          "region": "黑暗纪元-三角",
          "colorFrom": "5DC19050",
          "colorTo": "5DC19020"
        },
        "hitEffect": {
          "type": "MultiEffect",
          "effects": [
            {
              "type": "WaveEffect",
              "particles": 1,
              "strokeFrom": 5,
              "strokeTo": 0,
              "sizeFrom": 25,
              "sizeTo": 50,
              "length": 0,
              "baseLength": 0,
              "lifetime": 26,
              "colorFrom": "4AB9A3",
              "colorTo": "4AB9A390"
            },
            {
              "type": "ParticleEffect",
              "particles": 25,
              "sizeFrom": 7,
              "sizeTo": 0,
              "length": 50,
              "baseLength": 0,
              "lifetime": 60,
              "colorFrom": "4AB9A3",
              "colorTo": "5DC190"
            },
            {
              "type": "ParticleEffect",
              "particles": 22,
              "line": true,
              "lenFrom": 35,
              "lenTo": 0,
              "length": 50,
              "strokeFrom": 5,
              "strokeTo": 0,
              "baseLength": 40,
              "lifetime": 98,
              "colorFrom": "4AB9A3",
              "colorTo": "4593A550"
            }
          ]
        },
        "hitBuildings": true,
        "hitUnits": true,
        "healPercent": 4,
        "pierceArmor": true,
        "buildingDamageMultiplier": 0.45
      }
    },
    {
      "name": "曙光3",
      "x": 0,
      "y": -30,
      "recoil": 7,
      "shootX": 0,
      "shootY": 1,
      "reload": 360,
      "xRand": 0,
      "top": true,
      "rotate": true,
      "shootSound": "mediumCannon",
      "alternate": false,
      "mirror": false,
      "shootStatusDuration": 600,
      "shootStatus": "神圣",
      "shoot": {
        "firstShotDelay": 60
      },
      "bullet": {
        "type": "PointBulletType",
        "damage": 2310.9,
        "hitSound": "pulseBlast",
        "lifetime": 1,
        "speed": 1600,
        "hitShake": 7,
        "status": "致盲",
        "statusDuration": 240,
        "buildingDamageMultiplier": 0.4,
        "trailSpacing": 1,
        "trailEffect": {
          "type": "ParticleEffect",
          "particles": 1,
          "baseLength": 0.1,
          "length": 0.1,
          "lifetime": 22,
          "line": true,
          "randLength": false,
          "lenFrom": 9,
          "lenTo": 9,
          "strokeFrom": 8,
          "strokeTo": 0,
          "colorFrom": "5DC190",
          "colorTo": "4593A5",
          "cone": 0
        },
        "despawnEffect": "none",
        "shootEffect": {
          "type": "MultiEffect",
          "effects": [
            {
              "type": "ParticleEffect",
              "particles": 22,
              "line": true,
              "strokeFrom": 12,
              "strokeTo": 0,
              "lenFrom": 35,
              "lenTo": 0,
              "length": 60,
              "baseLength": 0,
              "lifetime": 60,
              "colorFrom": "5DC190",
              "colorTo": "4593A5"
            },
            {
              "type": "WaveEffect",
              "particles": 1,
              "strokeFrom": 5,
              "strokeTo": 1,
              "sizeFrom": 0,
              "sizeTo": 89,
              "length": 0,
              "baseLength": 5,
              "lifetime": 60,
              "colorFrom": "4AB9A380",
              "colorTo": "4AB9A340"
            }
          ]
        },
        "hitEffect": {
          "type": "MultiEffect",
          "effects": [
            {
              "type": "ParticleEffect",
              "particles": 32,
              "sizeFrom": 10,
              "sizeTo": 0,
              "length": 100,
              "baseLength": 20,
              "lifetime": 30,
              "colorFrom": "5DC190",
              "colorTo": "5DC190",
              "cone": 20
            },
            {
              "type": "ParticleEffect",
              "particles": 19,
              "line": true,
              "lenFrom": 35,
              "lenTo": 0,
              "length": 100,
              "strokeFrom": 5,
              "strokeTo": 0,
              "baseLength": 0,
              "lifetime": 15,
              "colorFrom": "4593A5",
              "colorTo": "4593A5"
            }
          ]
        },
        "fragBullets": 10,
        "fragRandomSpread": 60,
        "fragBullet": {
          "type": "PointBulletType",
          "speed": 1,
          "lifetime": 100,
          "splashDamageRadius": 45,
          "splashDamage": 412,
          "hitSound": "Glass",
          "hitShake": 10,
          "status": "虚弱",
          "statusDuration": 240,
          "knockback": 5,
          "buildingDamageMultiplier": 0.25,
          "trailColor": "4593A5",
          "trailSpacing": 1,
          "trailEffect": {
            "type": "ParticleEffect",
            "particles": 1,
            "baseLength": 0.1,
            "length": 0.1,
            "lifetime": 22,
            "line": true,
            "randLength": false,
            "lenFrom": 9,
            "lenTo": 9,
            "strokeFrom": 8,
            "strokeTo": 0,
            "colorFrom": "4593A5",
            "colorTo": "4593A5",
            "cone": 0
          },
          "hitEffect": {
            "type": "MultiEffect",
            "effects": [
              {
                "type": "WaveEffect",
                "particles": 1,
                "strokeFrom": 9,
                "strokeTo": 0,
                "sizeFrom": 0,
                "sizeTo": 50,
                "length": 0,
                "baseLength": 0,
                "lifetime": 50,
                "colorFrom": "5DC190",
                "colorTo": "4593A540"
              },
              {
                "type": "ParticleEffect",
                "particles": 76,
                "sizeFrom": 17,
                "sizeTo": 0,
                "length": 48,
                "baseLength": 0,
                "lifetime": 60,
                "colorFrom": "4593A5",
                "colorTo": "5DC190"
              },
              {
                "type": "ParticleEffect",
                "particles": 1,
                "sizeFrom": 45,
                "sizeTo": 0,
                "interp": "pow5Out",
                "sizeInterp": "pow10In",
                "length": 0,
                "baseLength": 0,
                "lifetime": 180,
                "colorFrom": "4593A550",
                "colorTo": "4593A520"
              },
              {
                "type": "ParticleEffect",
                "particles": 23,
                "line": true,
                "lenFrom": 45,
                "lenTo": 0,
                "length": 45,
                "strokeFrom": 8,
                "strokeTo": 0,
                "baseLength": 10,
                "lifetime": 125,
                "colorFrom": "FFC23F",
                "colorTo": "FFC23F50"
              }
            ]
          }
        }
      }
    },
    {
      "top": false,
      "reload": 99999999,
      "x": 0,
      "y": 0,
      "shootY": 0,
      "shootX": 0,
      "mirror": false,
      "alternate": true,
      "rotate": true,
      "recoil": 0,
      "recoilTime": 0,
      "shootCone": 360,
      "inaccuracy": 0,
      "shootOnDeath": true,
      "shootSound": "none",
      "bullet": {
        "speed": 0,
        "damage": 999,
        "lifetime": 0,
        "width": 0,
        "height": 0,
        "despawnEffect": {
          "type": "MultiEffect",
          "effects": [
            {
              "type": "ParticleEffect",
              "particles": 10,
              "sizeFrom": 0,
              "sizeTo": 160,
              "sizeInterp": "pow5Out",
              "length": 0,
              "baseLength": 0,
              "lifetime": 180,
              "colorFrom": "000000",
              "colorTo": "000000",
              "layer": 120
            },
            {
              "type": "ParticleEffect",
              "particles": 1,
              "sizeFrom": 0,
              "sizeTo": 200,
              "sizeInterp": "pow5Out",
              "length": 0,
              "baseLength": 0,
              "lifetime": 180,
              "colorFrom": "8DD894",
              "colorTo": "8DD894",
              "layer": 119
            },
            {
              "type": "ParticleEffect",
              "particles": 45,
              "sizeFrom": 29,
              "sizeTo": 19,
              "interp": "pow3In",
              "sizeInterp": "pow5Out",
              "length": -500,
              "baseLength": 500,
              "lifetime": 60,
              "colorFrom": "8DD89400",
              "colorTo": "8DD894",
              "layer": 119,
              "startDelay": 0
            },
            {
              "type": "ParticleEffect",
              "particles": 45,
              "sizeFrom": 40,
              "sizeTo": 25,
              "interp": "pow3In",
              "sizeInterp": "pow5Out",
              "length": -600,
              "baseLength": 600,
              "lifetime": 60,
              "colorFrom": "8DD89400",
              "colorTo": "8DD894",
              "layer": 119,
              "startDelay": 60
            },
            {
              "type": "ParticleEffect",
              "particles": 45,
              "sizeFrom": 56,
              "sizeTo": 34,
              "interp": "pow3In",
              "sizeInterp": "pow5Out",
              "length": -700,
              "baseLength": 700,
              "lifetime": 60,
              "colorFrom": "8DD89400",
              "colorTo": "8DD894",
              "layer": 119,
              "startDelay": 120
            }
          ]
        },
        "collidesGround": false,
        "collidesAir": false,
        "absorbable": false,
        "reflectable": false,
        "hittable": false,
        "collides": false,
        "hitBuildings": false,
        "hitUnits": false,
        "collidesTiles": false,
        "hitSound": "none",
        "hitEffect": "none",
        "trailEffect": "none",
        "fragBullets": 1,
        "fragRandomSpread": 0,
        "fragBullet": {
          "speed": 0,
          "damage": 999,
          "lifetime": 180,
          "width": 0,
          "height": 0,
          "despawnEffect": {
            "type": "MultiEffect",
            "effects": [
              {
                "type": "ParticleEffect",
                "particles": 10,
                "sizeFrom": 160,
                "sizeTo": 0,
                "sizeInterp": "pow10In",
                "length": 0,
                "baseLength": 0,
                "lifetime": 60,
                "colorFrom": "000000",
                "colorTo": "000000",
                "layer": 120
              },
              {
                "type": "ParticleEffect",
                "particles": 1,
                "sizeFrom": 200,
                "sizeTo": 0,
                "sizeInterp": "pow10In",
                "length": 0,
                "baseLength": 0,
                "lifetime": 60,
                "colorFrom": "8DD894",
                "colorTo": "8DD894",
                "layer": 119
              }
            ]
          },
          "collidesGround": false,
          "collidesAir": false,
          "absorbable": false,
          "reflectable": false,
          "hittable": false,
          "collides": false,
          "hitBuildings": false,
          "hitUnits": false,
          "collidesTiles": false,
          "hitSound": "none",
          "hitEffect": "none",
          "trailEffect": "none",
          "fragBullets": 1,
          "fragRandomSpread": 0,
          "fragBullet": {
            "damage": 7880,
            "splashDamageRadius": 1000,
            "splashDamage": 10000,
            "lifetime": 60,
            "pierce": true,
            "collidesTiles": false,
            "hitBuildings": false,
            "absorbable": false,
            "reflectable": false,
            "hittable": false,
            "pierceArmor": true,
            "hitSound": "largeExplosion",
            "hitSoundVolume": 36,
            "hitShake": 400,
            "width": 0,
            "height": 0,
            "speed": 0,
            "shrinkX": 0,
            "shrinkY": 0,
            "despawnEffect": "none",
            "buildingDamageMultiplier": 2,
            "hitEffect": {
              "type": "MultiEffect",
              "effects": [
                {
                  "type": "WaveEffect",
                  "particles": 1,
                  "strokeFrom": 60,
                  "strokeTo": 60,
                  "sizeFrom": 0,
                  "sizeTo": 1000,
                  "length": 0,
                  "baseLength": 0,
                  "lifetime": 60,
                  "colorFrom": "5DC190",
                  "colorTo": "4593A500"
                },
                {
                  "type": "WaveEffect",
                  "particles": 1,
                  "strokeFrom": 60,
                  "strokeTo": 60,
                  "sizeFrom": 0,
                  "sizeTo": 1000,
                  "length": 0,
                  "baseLength": 0,
                  "lifetime": 60,
                  "colorFrom": "5DC190",
                  "colorTo": "4593A500",
                  "startDelay": 20
                },
                {
                  "type": "WaveEffect",
                  "particles": 1,
                  "strokeFrom": 60,
                  "strokeTo": 60,
                  "sizeFrom": 0,
                  "sizeTo": 1000,
                  "length": 0,
                  "baseLength": 0,
                  "lifetime": 60,
                  "colorFrom": "5DC190",
                  "colorTo": "4593A500",
                  "startDelay": 40
                },
                {
                  "type": "WaveEffect",
                  "particles": 1,
                  "strokeFrom": 60,
                  "strokeTo": 60,
                  "sizeFrom": 0,
                  "sizeTo": 1000,
                  "length": 0,
                  "baseLength": 0,
                  "lifetime": 60,
                  "colorFrom": "5DC190",
                  "colorTo": "4593A500",
                  "startDelay": 60
                },
                {
                  "type": "WaveEffect",
                  "particles": 1,
                  "strokeFrom": 60,
                  "strokeTo": 60,
                  "sizeFrom": 0,
                  "sizeTo": 1000,
                  "length": 0,
                  "baseLength": 0,
                  "lifetime": 60,
                  "colorFrom": "5DC190",
                  "colorTo": "4593A500",
                  "startDelay": 80
                },
                {
                  "type": "WaveEffect",
                  "particles": 1,
                  "strokeFrom": 60,
                  "strokeTo": 60,
                  "sizeFrom": 0,
                  "sizeTo": 1000,
                  "length": 0,
                  "baseLength": 0,
                  "lifetime": 60,
                  "colorFrom": "5DC190",
                  "colorTo": "4593A500",
                  "startDelay": 100
                },
                {
                  "type": "ParticleEffect",
                  "particles": 135,
                  "sizeFrom": 25,
                  "sizeTo": 0,
                  "length": 1000,
                  "baseLength": 20,
                  "lifetime": 240,
                  "colorFrom": "4593A5",
                  "colorTo": "5DC190"
                },
                {
                  "type": "ParticleEffect",
                  "particles": 75,
                  "sizeFrom": 20,
                  "sizeTo": 0,
                  "length": 1020,
                  "baseLength": 10,
                  "lifetime": 250,
                  "colorFrom": "4593A5",
                  "colorTo": "5DC190"
                },
                {
                  "type": "ParticleEffect",
                  "particles": 40,
                  "sizeFrom": 120,
                  "sizeTo": 0,
                  "interp": "pow5Out",
                  "sizeInterp": "pow10In",
                  "length": 1000,
                  "baseLength": 0,
                  "lifetime": 400,
                  "colorFrom": "73737350",
                  "colorTo": "73737320"
                },
                {
                  "type": "ParticleEffect",
                  "particles": 26,
                  "sizeFrom": 180,
                  "sizeTo": 0,
                  "interp": "pow5Out",
                  "sizeInterp": "pow10In",
                  "length": 1000,
                  "baseLength": 0,
                  "lifetime": 450,
                  "colorFrom": "73737350",
                  "colorTo": "73737320"
                },
                {
                  "type": "ParticleEffect",
                  "particles": 68,
                  "line": true,
                  "lenFrom": 105,
                  "lenTo": 0,
                  "length": 1200,
                  "strokeFrom": 18,
                  "strokeTo": 0,
                  "baseLength": 30,
                  "lifetime": 200,
                  "colorFrom": "FFC23F",
                  "colorTo": "FFC23F50"
                },
                {
                  "type": "ParticleEffect",
                  "particles": 35,
                  "region": "黑暗纪元-60斜",
                  "sizeFrom": 50,
                  "sizeTo": 0,
                  "length": 1000,
                  "baseLength": 0,
                  "lifetime": 395,
                  "interp": "fastSlow",
                  "sizeInterp": "pow2OutInverse",
                  "colorFrom": "5DC190",
                  "colorTo": "4593A500"
                },
                {
                  "type": "ParticleEffect",
                  "particles": 35,
                  "region": "黑暗纪元-60正",
                  "sizeFrom": 55,
                  "sizeTo": 0,
                  "length": 1100,
                  "baseLength": 0,
                  "lifetime": 380,
                  "interp": "fastSlow",
                  "sizeInterp": "pow2OutInverse",
                  "colorFrom": "5DC190",
                  "colorTo": "4593A500",
                  "startDelay": 20
                },
                {
                  "type": "ParticleEffect",
                  "particles": 24,
                  "region": "黑暗纪元-三角",
                  "sizeFrom": 60,
                  "sizeTo": 0,
                  "length": 1050,
                  "baseLength": 0,
                  "lifetime": 375,
                  "interp": "fastSlow",
                  "sizeInterp": "pow2OutInverse",
                  "colorFrom": "5DC190",
                  "colorTo": "4593A500",
                  "startDelay": 40
                },
                {
                  "type": "ParticleEffect",
                  "particles": 30,
                  "region": "黑暗纪元-等腰直角",
                  "sizeFrom": 39,
                  "sizeTo": 0,
                  "length": 1090,
                  "baseLength": 0,
                  "lifetime": 400,
                  "interp": "fastSlow",
                  "sizeInterp": "pow2OutInverse",
                  "colorFrom": "5DC190",
                  "colorTo": "4593A500",
                  "startDelay": 60
                },
                {
                  "type": "ParticleEffect",
                  "particles": 30,
                  "region": "黑暗纪元-斜正方",
                  "sizeFrom": 47,
                  "sizeTo": 0,
                  "length": 1030,
                  "baseLength": 0,
                  "lifetime": 385,
                  "interp": "fastSlow",
                  "sizeInterp": "pow2OutInverse",
                  "colorFrom": "5DC190",
                  "colorTo": "4593A500",
                  "startDelay": 80
                },
                {
                  "type": "ParticleEffect",
                  "particles": 41,
                  "region": "黑暗纪元-斜正方",
                  "sizeFrom": 51,
                  "sizeTo": 0,
                  "length": 990,
                  "baseLength": 0,
                  "lifetime": 360,
                  "interp": "fastSlow",
                  "sizeInterp": "pow2OutInverse",
                  "colorFrom": "5DC190",
                  "colorTo": "4593A500",
                  "startDelay": 100
                }
              ]
            },
            "backColor": "FFFFFF",
            "frontColor": "FFFFFF"
          }
        }
      }
    }
  ]
}