{
"type":"legs",
"name":"爬虫·铀"
"speed":1
"hitSize":10
"drag":0.07
"health":13000
"armor":317
"mechSideSway":0.25
"legStraightness":0.3
"stepShake": 0
"legCount": 6
"legLength": 18
"lockLegBase": true
"legContinuousMove": true
"legExtension": 1.1
"legBaseOffset": 5
"legMaxLength": 1.8
"legMinLength": 1
"legLengthScl": 0.96
"legForwardScl": 1.1
"legGroupSize": 3
"rippleScale": 0.2
"legMoveSpace": 1
"allowLegStep": true
"hovering": true
"immunities": [
"blasted","burning","electrified",
"freezing","melting","disarmed",
"sapped","shocked","slow",
"tarred","unmoving","wet",
"spore-slowed","corroded",
"致盲","消散","破防","延迟","瘫痪","空间混乱","污染"
],
"ammoType":"thorium"
"weapons": [
{
"reload": 5,
"x": 0,
"y": 0,
"rotate": false,
"shootCone": 270,
"ejectEffect": "none",
"shootSound": "explosionbig",
"mirror": false,
"inaccuracy": 0,
"alternate": true,
"top": false,
"shootOnDeath": true,
"bullet": {
"killShooter": true,
"splashDamageRadius": 300,
"instantDisappear": true,
"collides": false,
"pierce":true
"splashDamage": 18000,
"speed": 1,
"lifetime": 1,
"hitEffect": {
"type": "MultiEffect",
"effects": [
{
"type": "WaveEffect",
"lifetime": 60,
"sizeFrom": 0,
"sizeTo": 320,
"strokeFrom": 18,
"strokeTo": 0,
"colorFrom": "EEC591",
"colorTo": "FFFFFF"
},
{
"type": "ParticleEffect",
"particles": 20,
"line":true
"lenFrom": 35,
"lenTo": 0
"length": 300,
"strokeFrom": 5,
"strokeTo": 0,
"baseLength": 20,
"lifetime": 95,
"colorFrom": "FFC23F",
"colorTo": "FFC23F50"
}
{
"type": "ParticleEffect",
"particles": 25,
"interp": "pow10Out",
"sizeInterp": "pow5In",
"sizeFrom": 35,
"sizeTo": 0,
"length": 280,
"baseLength": 0,
"lifetime": 250,
"colorFrom": "DEDEDE70",
"colorTo": "DEDEDE70"
},
{
"type": "ParticleEffect",
"particles": 35,
"interp": "pow10Out",
"sizeInterp": "pow5In",
"sizeFrom": 30,
"sizeTo": 0,
"length": 290,
"baseLength": 0,
"lifetime": 300,
"colorFrom": "DEDEDE70",
"colorTo": "DEDEDE70"
},
{
"type": "ParticleEffect",
"particles": 40,
"interp": "pow10Out",
"sizeInterp": "pow5In",
"sizeFrom": 20,
"sizeTo": 0,
"length": 300,
"baseLength": 0,
"lifetime": 350,
"colorFrom": "DEDEDE70",
"colorTo": "DEDEDE70"
},
{
"type": "ParticleEffect",
"particles": 25,
"line": true,
"interp": "pow10Out",
"sizeInterp": "pow3In",
"strokeFrom": 3,
"strokeTo": 0,
"lenFrom": 150,
"lenTo": 0,
"length": 220,
"baseLength": 60,
"lifetime": 60,
"colorFrom": "FFC23F",
"colorTo": "FFC23F50"
}
]
},
"despawnEffect":"none"
"width": 0,
"height": 0
"hitShake":100
}
}
]
}