{
  "type": "tank",
  "template": "ErekirUnitType",
  "name": "威严",
  "healColor": "FF5B5B",
  "outlineColor": "383848",
  "squareShape": true,
  "rotateMoveFirst": true,
  "omniMovement": false,
  "targetAir": true,
  "singleTarget": false,
  "dpsEstimate": 1,
  "speed": 0.6,
  "rotateSpeed": 1,
  "crushDamage": 88,
  "hitSize": 45,
  "immunities": [
    "blasted",
    "sapped",
    "shocked",
    "slow",
    "spore-slowed",
    "致盲",
    "磁化",
    "破防"
  ],
  "ammoCapacity": 450,
  "health": 211300,
  "armor": 55,
  "accel": 0.1,
  "drag": 0.08,
  "drownTimeMultiplier": 60,
  "faceTarget": true,
  "research": {
    "parent": "conquer",
    "objectives": [
      {
        "type": "OnSector",
        "preset": "突袭"
      },
      {
        "type": "SectorComplete",
        "preset": "origin"
      }
    ]
  },
  "treadFrames": 18,
  "treadPullOffset": 8,
  "treadRects": [
    {
      "x": -97,
      "y": -127,
      "width": 126,
      "height": 134
    }
  ],
  "parts": [
    {
      "type": "RegionPart",
      "color": "F3B688",
      "suffix": "-glow",
      "blending": "additive",
      "layer": -1,
      "outline": false
    }
  ],
  "abilities": [
    {
      "type": "ShieldRegenFieldAbility",
      "amount": 5000,
      "max": 7700,
      "reload": 480,
      "range": 200,
      "applyEffect": "none",
      "activeEffect": {
        "type": "MultiEffect",
        "effects": [
          {
            "type": "WaveEffect",
            "interp": "circleOut",
            "lifetime": 46,
            "sizeFrom": 0,
            "sizeTo": 200,
            "strokeFrom": 12,
            "strokeTo": 0,
            "colorFrom": "FFFFFF",
            "colorTo": "FFFFFF"
          }
        ]
      }
    }
  ],
  "weapons": [
    {
      "name": "威严1",
      "x": 0,
      "y": 0,
      "reload": 120,
      "recoil": 5,
      "recoilTime": 60,
      "mirror": false,
      "shootX": 0,
      "shootY": 2,
      "shootSound": "missileLarge",
      "rotate": true,
      "rotateSpeed": 0.7,
      "shootCone": 1,
      "inaccuracy": 0,
      "heatColor": "F8D58B",
      "shootWarmupSpeed": 0.05,
      "cooldownTime": 120,
      "minWarmup": 0.8,
      "parts": [
        {
          "type": "RegionPart",
          "mirror": false,
          "top": true,
          "x": 0,
          "y": 0,
          "suffix": "-1",
          "layer": 110,
          "moveX": 0,
          "moveY": 8,
          "moveRot": 0,
          "layerOffset": -0.01,
          "color": "FFFFFF",
          "children": [
            {
              "type": "ShapePart",
              "progress": "warmup",
              "y": 4,
              "color": "F3B688",
              "rotateSpeed": 0,
              "stroke": 0,
              "strokeTo": 1,
              "circle": true,
              "hollow": true,
              "radius": 0,
              "radiusTo": 5,
              "layer": 110
            },
            {
              "type": "ShapePart",
              "progress": "warmup",
              "y": 4,
              "sides": 3,
              "color": "F3B688",
              "rotateSpeed": -0.5,
              "stroke": 0,
              "strokeTo": 1,
              "circle": false,
              "hollow": true,
              "radius": 0,
              "radiusTo": 4.5,
              "layer": 110
            }
          ]
        },
        {
          "type": "RegionPart",
          "mirror": true,
          "under": true,
          "progress": "warmup",
          "x": 0,
          "y": 0,
          "suffix": "-2",
          "layer": 109,
          "moveX": 2.8,
          "moveY": -2.8,
          "moveRot": 16
        },
        {
          "type": "ShapePart",
          "progress": "warmup",
          "y": -15,
          "color": "F3B688",
          "rotateSpeed": 0,
          "stroke": 0,
          "strokeTo": 1.5,
          "circle": true,
          "hollow": true,
          "radius": 0,
          "radiusTo": 3,
          "layer": 110
        },
        {
          "type": "ShapePart",
          "progress": "warmup",
          "y": -15,
          "color": "F3B688",
          "rotateSpeed": 0,
          "stroke": 0,
          "strokeTo": 1.5,
          "circle": true,
          "hollow": true,
          "radius": 0,
          "radiusTo": 6,
          "layer": 110
        },
        {
          "type": "HaloPart",
          "progress": "warmup",
          "shapeRotation": 120,
          "shapes": 1,
          "sides": 3,
          "tri": true,
          "mirror": true,
          "x": 7,
          "y": -9,
          "radius": 4,
          "radiusTo": 4,
          "triLength": 0,
          "triLengthTo": 6,
          "haloRadius": 0,
          "haloRadiusTo": 0,
          "haloRotateSpeed": 0,
          "layer": 110,
          "color": "F3B688"
        },
        {
          "type": "HaloPart",
          "progress": "warmup",
          "shapeRotation": 300,
          "shapes": 1,
          "sides": 3,
          "tri": true,
          "mirror": true,
          "x": 7,
          "y": -9,
          "radius": 4,
          "radiusTo": 4,
          "triLength": 0,
          "triLengthTo": 13,
          "haloRadius": 0,
          "haloRadiusTo": 0,
          "haloRotateSpeed": 0,
          "layer": 110,
          "color": "F3B688"
        },
        {
          "type": "HaloPart",
          "progress": "warmup",
          "shapeRotation": 90,
          "shapes": 1,
          "sides": 3,
          "tri": true,
          "mirror": true,
          "x": 8,
          "y": -15,
          "radius": 4,
          "radiusTo": 4,
          "triLength": 0,
          "triLengthTo": 6,
          "haloRadius": 0,
          "haloRadiusTo": 0,
          "haloRotateSpeed": 0,
          "layer": 110,
          "color": "F3B688"
        },
        {
          "type": "HaloPart",
          "progress": "warmup",
          "shapeRotation": 270,
          "shapes": 1,
          "sides": 3,
          "tri": true,
          "mirror": true,
          "x": 8,
          "y": -15,
          "radius": 4,
          "radiusTo": 4,
          "triLength": 0,
          "triLengthTo": 17,
          "haloRadius": 0,
          "haloRadiusTo": 0,
          "haloRotateSpeed": 0,
          "layer": 110,
          "color": "F3B688"
        },
        {
          "type": "HaloPart",
          "progress": "warmup",
          "shapeRotation": 60,
          "shapes": 1,
          "sides": 3,
          "tri": true,
          "mirror": true,
          "x": 7,
          "y": -21,
          "radius": 4,
          "radiusTo": 4,
          "triLength": 0,
          "triLengthTo": 7,
          "haloRadius": 0,
          "haloRadiusTo": 0,
          "haloRotateSpeed": 0,
          "layer": 110,
          "color": "F3B688"
        },
        {
          "type": "HaloPart",
          "progress": "warmup",
          "shapeRotation": 240,
          "shapes": 1,
          "sides": 3,
          "tri": true,
          "mirror": true,
          "x": 7,
          "y": -21,
          "radius": 4,
          "radiusTo": 4,
          "triLength": 0,
          "triLengthTo": 21,
          "haloRadius": 0,
          "haloRadiusTo": 0,
          "haloRotateSpeed": 0,
          "layer": 110,
          "color": "F3B688"
        }
      ],
      "shootStatusDuration": 400,
      "shootStatus": "凝铠",
      "bullet": {
        "damage": 950,
        "speed": 10,
        "hittable": false,
        "pierceCap": 5,
        "buildingDamageMultiplier": 1.2,
        "splashDamageRadius": 40,
        "splashDamage": 400,
        "knockback": 12,
        "hitEffect": {
          "type": "MultiEffect",
          "effects": [
            {
              "type": "ParticleEffect",
              "particles": 12,
              "line": true,
              "interp": "pow10Out",
              "sizeInterp": "pow5In",
              "strokeFrom": 1,
              "strokeTo": 0,
              "lenFrom": 24,
              "lenTo": 0,
              "length": 40,
              "baseLength": 20,
              "lifetime": 16,
              "colorFrom": "F3B688",
              "colorTo": "F3B688"
            },
            {
              "type": "WaveEffect",
              "lifetime": 44,
              "sizeFrom": 5,
              "sizeTo": 40,
              "strokeFrom": 4,
              "strokeTo": 0,
              "colorFrom": "F8D58B",
              "colorTo": "F8D58B"
            }
          ]
        },
        "despawnEffect": "flakExplosion",
        "sprite": "large-orb",
        "trailLength": 8,
        "trailWidth": 4,
        "trailColor": "F8D58B",
        "backColor": "F8D58B",
        "frontColor": "F8D58B",
        "width": 9,
        "height": 9,
        "lifetime": 45,
        "hitSound": "plasmaboom",
        "hitShake": 4,
        "shrinkX": 0,
        "shrinkY": 0,
        "bulletInterval": 5,
        "intervalBullets": 2,
        "intervalRandomSpread": 60,
        "intervalBullet": {
          "damage": 321,
          "drag": 0.1,
          "speed": 10,
          "hittable": false,
          "buildingDamageMultiplier": 1.2,
          "homingDelay": 5,
          "homingPower": 1,
          "homingRange": 450,
          "knockback": 3,
          "hitEffect": "none",
          "despawnEffect": "none",
          "sprite": "large-orb",
          "trailLength": 16,
          "trailWidth": 3,
          "trailColor": "F8D58B",
          "backColor": "F8D58B",
          "frontColor": "F8D58B",
          "width": 6,
          "height": 6,
          "lifetime": 12,
          "hitSound": "none",
          "hitShake": 1,
          "shrinkX": 0,
          "shrinkY": 0,
          "fragBullets": 1,
          "fragVelocityMin": 1,
          "fragAngle": 0,
          "fragRandomSpread": 0,
          "fragBullet": {
            "damage": 665,
            "drag": -0.03,
            "speed": 1.2,
            "hittable": false,
            "buildingDamageMultiplier": 1.2,
            "homingDelay": 10,
            "homingPower": 1,
            "homingRange": 450,
            "knockback": 14,
            "hitEffect": "none",
            "despawnEffect": "none",
            "sprite": "large-orb",
            "trailLength": 4,
            "trailWidth": 3,
            "trailColor": "F8D58B",
            "backColor": "F8D58B",
            "frontColor": "F8D58B",
            "width": 6,
            "height": 6,
            "lifetime": 60,
            "hitSound": "bang",
            "hitShake": 4,
            "shrinkX": 0,
            "shrinkY": 0
          }
        }
      }
    }
  ]
}