{
"description":"[green]南极深处—区块0254\n[white]大量的空置域开始出现，地质活动异常，我方的行军路线被严重扰乱\n先遣部队已经和敌方交火，根据前线传回来的消息，战场上似乎出现了新的变量：[yellow]一些未知型号的单位出现在战场上。\n[red]这是块难啃的骨头，务必小心！\n难度等级：23"
	"map":"黑暗纪元-激战.msav"
	"captureWave":150
	"planet": "serpulo",
	"sector":254,
	"difficulty": 23,
	"research":"黑暗纪元-缓冲区0004"
	"alwaysUnlocked":false
	"addStartingItems": true
}