{
"type":"ItemTurret",
	"name":"冥火",
	"size":3,
	"health":500,
	"range":300,//÷8（格）
	"reload":30,
	"recoil":2,
	"inaccuracy":0,
	"ammoPerShot":2,
	"consumes": {
	"power":3
	},	
	"shoot": {
	"shots":20
		"shotDelay": 1,
		"type": "ShootBarrel",
		"barrels": [
			4,2,0,
			-4,2,0,
			]
		},
	"rotateSpeed":7,//旋转速度
	"maxAmmo":30,//最大弹药
	"targetAir":true//攻击天空
	"targetGround":true,//攻击地面
	"shootSound":"flame",
	"ammoTypes":{
	"pyratite": {
			"type": "BulletType",
			"damage": 70,
			"hitSize": 15,
			"pierceBuilding": true,
			"hittable": false,
			"absorbable": false,
			"pierce": true,
			"status": "burning",
			"statusDuration": 360,
			"speed": 18,
			"lifetime": 17,
			"ammoMultiplier": 2,
			"shootEffect": {
			"type": "MultiEffect",
				"effects": [
				{
				"type": "ParticleEffect",
				"particles": 33,
				"lifetime": 40,
				"sizeFrom": 1.88,
				"sizeTo": 0,
				"interp": "pow5Out",
				"sizeInterp": "pow10In",
				"length": 300,
				"baseLength": 0,
				"colorFrom": "f68021",
				"colorTo": "f68021A8",
				"cone": 7
			},
			{
				"type": "ParticleEffect",
				"particles": 13,
				"lifetime": 45,
				"sizeFrom": 2.88,
				"sizeTo": 0,
				"interp": "pow5Out",
				"sizeInterp": "pow10In",
				"length": 300,
				"baseLength": 0,
				"colorFrom": "f68021",
				"colorTo": "f68021A8",
				"cone": 7
			}
		]
	},
			"smokeEffect": {
				"type": "ParticleEffect",
				"particles": 13,
				"line": true,
				"strokeFrom": 1.8,
				"strokeTo": 0,
				"lenFrom": 20,
				"lenTo": 8,
				"length": 300,
				"baseLength": 0,
				"lifetime": 12,
				"colorFrom": "FFFFFF",
				"colorTo": "FFE176",
				"cone": 7
			},
			"hitEffect": {
				"type": "MultiEffect",
				"effects": [
					{
						"type": "ParticleEffect",
						"particles": 6,
						"line": true,
						"strokeFrom": 4.3,
						"strokeTo": 0,
						"lenFrom": 8,
						"lenTo": 8,
						"length": 24,
						"baseLength": 0,
						"lifetime": 15,
						"colorFrom": "f8ad42",
						"colorTo": "FFE176",
						"cone": 23
					},
					{
						"type": "ParticleEffect",
						"particles": 8,
						"lifetime": 15,
						"sizeFrom": 6,
						"sizeTo": 0,
						"colorFrom": "FF8C00",
						"colorTo": "FF8C00"
					}
				]
			},
			"despawnEffect": "none"
		}
		"贫铀": {
			"type": "BulletType",
			"damage": 210,
			"hitSize": 20,
			"rangeChange": 120,
			"pierceBuilding": true,
			"hittable": false,
			"absorbable": false,
			"pierce": true,
			"status": "污染",
			"statusDuration": 360,
			"speed": 21,
			"lifetime": 21,
			"ammoMultiplier": 1,
			"shootEffect": {
			"type": "MultiEffect",
				"effects": [
				{
				"type": "ParticleEffect",
				"particles": 33,
				"lifetime": 50,
				"sizeFrom": 1.88,
				"sizeTo": 0,
				"interp": "pow5Out",
				"sizeInterp": "pow10In",
				"length": 420,
				"baseLength": 0,
				"colorFrom": "7CFC00",
				"colorTo": "C2FF5D",
				"cone": 10
			},
			{
				"type": "ParticleEffect",
				"particles": 13,
				"lifetime": 55,
				"sizeFrom": 2.88,
				"sizeTo": 0,
				"interp": "pow5Out",
				"sizeInterp": "pow10In",
				"length": 420,
				"baseLength": 0,
				"colorFrom": "7CFC00",
				"colorTo": "C2FF5D",
				"cone": 10
			}
		]
	},
			"smokeEffect": {
				"type": "ParticleEffect",
				"particles": 3,
				"line": true,
				"strokeFrom": 1.8,
				"strokeTo": 0,
				"lenFrom": 20,
				"lenTo": 8,
				"length": 350,
				"baseLength": 0,
				"lifetime": 12,
				"colorFrom": "FFFFFF",
				"colorTo": "FFE176",
				"cone": 20
			},
			"hitEffect": {
				"type": "MultiEffect",
				"effects": [
					{
						"type": "ParticleEffect",
						"particles": 2,
						"line": true,
						"strokeFrom": 1.3,
						"strokeTo": 0,
						"lenFrom": 8,
						"lenTo": 8,
						"length": 24,
						"baseLength": 0,
						"lifetime": 15,
						"colorFrom": "f8ad42",
						"colorTo": "FFE176",
						"cone": 23
					},
					{
						"type": "ParticleEffect",
						"particles": 4,
						"lifetime": 10,
						"sizeFrom": 3,
						"sizeTo": 0,
						"colorFrom": "FF8C00",
						"colorTo": "FF8C00"
					}
				]
			},
			"despawnEffect": "none"
		}
		"coal": {
			"type": "BulletType",
			"damage": 15,
			"hitSize": 15,
			"pierceBuilding": true,
			"hittable": false,
			"absorbable": false,
			"pierce": true,
			"status": "burning",
			"statusDuration": 360,
			"speed": 18,
			"lifetime": 17,
			"ammoMultiplier": 4,
			"shootEffect": {
			"type": "MultiEffect",
				"effects": [
				{
				"type": "ParticleEffect",
				"particles": 33,
				"lifetime": 40,
				"sizeFrom": 1.88,
				"sizeTo": 0,
				"interp": "pow5Out",
				"sizeInterp": "pow10In",
				"length": 300,
				"baseLength": 0,
				"colorFrom": "f68021",
				"colorTo": "f68021A8",
				"cone": 7
			},
			{
				"type": "ParticleEffect",
				"particles": 13,
				"lifetime": 45,
				"sizeFrom": 2.88,
				"sizeTo": 0,
				"interp": "pow5Out",
				"sizeInterp": "pow10In",
				"length": 300,
				"baseLength": 0,
				"colorFrom": "f68021",
				"colorTo": "f68021A8",
				"cone": 7
			}
		]
	},
			"smokeEffect": {
				"type": "ParticleEffect",
				"particles": 13,
				"line": true,
				"strokeFrom": 1.8,
				"strokeTo": 0,
				"lenFrom": 20,
				"lenTo": 8,
				"length": 300,
				"baseLength": 0,
				"lifetime": 12,
				"colorFrom": "FFFFFF",
				"colorTo": "FFE176",
				"cone": 7
			},
			"hitEffect": {
				"type": "MultiEffect",
				"effects": [
					{
						"type": "ParticleEffect",
						"particles": 6,
						"line": true,
						"strokeFrom": 4.3,
						"strokeTo": 0,
						"lenFrom": 8,
						"lenTo": 8,
						"length": 24,
						"baseLength": 0,
						"lifetime": 15,
						"colorFrom": "f8ad42",
						"colorTo": "FFE176",
						"cone": 23
					},
					{
						"type": "ParticleEffect",
						"particles": 8,
						"lifetime": 15,
						"sizeFrom": 6,
						"sizeTo": 0,
						"colorFrom": "FF8C00",
						"colorTo": "FF8C00"
					}
				]
			},
			"despawnEffect": "none"
		}
	},
    "drawer":{"type":"DrawTurret",
    "parts":[
    {"type":"RegionPart",
    "mirror":false,//是否开启镜像
    "x":0,
    "y":0,//初始位置
    "suffix":"-左"//,贴图后缀
    "layer":50,//层，49-110
    "moveX":0,//改变位置
    "moveY":0
    "moves": [
					{
						"progress": "recoil",
						"y":-3
						}
					]
    },
    {"type":"RegionPart",
    "mirror":false,
    "x":0,
    "y":0,
    "suffix":"-右"
    "layer":50,
    "moveX":0,
    "moveY":0 
    "moves": [
					{
						"progress": "recoil",
						"y":-3
						}
					]
				}
			]
		},
	"requirements": [
	"钴/600",
	"铀/200",
	"silicon/300"
	"metaglass/70"
	"titanium/100"
	],
	"category": "turret",
	"research":"辐射"
}