{
	"type":"ItemTurret",
	"unitSort": "farthest",
	"name":"旷世",
	"size":10,
	"health":332781
	"range":2130,
	"reload":2060,
	"recoil":6,
	"recoilTime": 60,
	"inaccuracy":0
	"rotateSpeed":0.75,
	"ammoPerShot":100,
	"maxAmmo":500,
	"targetAir":true
	"targetGround":true,
	"shootCone": 1,
	"shootSound": "release",
	"chargeSound": "respawn",
	"minWarmup": 0.9,
	"cooldownTime": 300,
	"shootY":-6
	"consumes": {
	"power": 16217
	},
	"shoot": {
	"firstShotDelay": 100
	}
	"drawer":{
"type":"DrawTurret",
"parts":[
{
"type":"RegionPart",
"mirror":false,
"x":0,
"y":0,
"suffix":"-左"
"layer":51,
"moveX":-4,
"moveY":-6
"moveRot": 0
"moves": [
{
"progress": "recoil",
"y":-5
}
]
},
{
"type":"RegionPart",
"mirror":false,
"x":0,
"y":0,
"suffix":"-右"
"layer":51,
"moveX":4,
"moveY":-6
"moveRot": 0
"moves": [
{
"progress": "recoil",
"y":-5
}
]
},
	{
	"type": "ShapePart",
	"progress": "warmup",
	"y": -34,
	"color": "FFFFFF00",
	"colorTo": "B894F2",
	"rotateSpeed": 0,
	"stroke": 0,
	"strokeTo": 5,
	"circle": true,
	"hollow": true,
	"radius": 200,
	"radiusTo": 25,
	"layer": 110
	},
	{
	"type": "ShapePart",
	"progress": "warmup",
	"y": -34,
	"color": "FFFFFF00",
	"colorTo": "B894F2",
	"rotateSpeed": 0,
	"stroke": 0,
	"strokeTo": 5,
	"circle": true,
	"hollow": true,
	"radius": 200,
	"radiusTo": 40,
	"layer": 110
	},
	{
	"type": "ShapePart",
	"progress": "warmup",
	"y": -34,
	"color": "FFFFFF00",
	"colorTo": "B894F2",
	"rotateSpeed": 0,
	"stroke": 0,
	"strokeTo": 5,
	"circle": true,
	"hollow": true,
	"radius": 200,
	"radiusTo": 55,
	"layer": 110
	},
	{
	"type": "HaloPart",
	"progress": "warmup",
	"shapes":3,
	"tri":true,
	"y":-34,
	"radius":0,
	"radiusTo":6,
	"triLength":0,
	"triLengthTo":40,
	"haloRadius":200,
	"haloRadiusTo":24,
	"haloRotation":0,
	"haloRotateSpeed":3,
	"layer:":110,
	"color":"FFFFFF00"
	"colorTo":"B894F2"
	},
	{
	"type": "HaloPart",
	"progress": "warmup",
	"shapes":3,
	"tri":true,
	"y":-34,
	"radius":0,
	"radiusTo":6,
	"triLength":0,
	"triLengthTo":40,
	"haloRadius":200,
	"haloRadiusTo":44,
	"haloRotation":0,
	"haloRotateSpeed":2,
	"layer:":110,
	"color":"FFFFFF00"
	"colorTo":"B894F2"
	},
	{
	"type": "HaloPart",
	"progress": "warmup",
	"shapes":3,
	"tri":true,
	"y":-34,
	"radius":0,
	"radiusTo":6,
	"triLength":0,
	"triLengthTo":40,
	"haloRadius":200,
	"haloRadiusTo":59,
	"haloRotation":0,
	"haloRotateSpeed":1,
	"layer:":110,
	"color":"FFFFFF00"
	"colorTo":"B894F2"
	}
]
},
	"requirements": [
	"copper/30300",
	"lead/24000",
	"titanium/8000",
	"thorium/12020",
	"钴/67200",
	"暗金属/380",
	"silicon/31200",
	"metaglass/800",
	"plastanium/9000",
	"phase-fabric/100000",
	"surge-alloy/100",
	"暗能钢/1800",
	"钴钢/3780",
	"空间节点/200"
	],
	"category": "turret",
	"research": {
	"parent": "彩",
	/*"objectives": [
			{
				"type": "SectorComplete",
				"preset": "侵蚀区-外围"
			}
		]*/
	}
	"ammoTypes":{
	"钴钢": {
	"type": "PointBulletType",
	"speed": 2060,
	"damage": 223010,
	"lifetime":1
	"hitSound":"BZ3"
	"trailSpacing": 10,
	"despawnEffect": "none",
	"trailSpacing": 10,
	"trailLength": 40,
	"trailWidth": 2,
	"trailColor": "B894F288",
	"trailChance": 1,
	"trailInterval": 16,
	"trailEffect": {
	"type": "MultiEffect",
	"effects": [
	{
	"type": "ParticleEffect",
	"particles": 1,
	"baseLength": 0.1,
	"length": 0.1,
	"lifetime": 22,
	"line": true,
	"randLength": false,
	"lenFrom": 9,
	"lenTo": 9,
	"strokeFrom": 8,
	"strokeTo": 0,
	"colorFrom": "B894F2",
	"colorTo": "8674C1",
	"cone": 0
	}
	{
	"type": "ParticleEffect",
	"particles": 1,
	"baseLength": 0.1,
	"length": 0.1,
	"lifetime": 22,
	"randLength": false,
	"region":"黑暗纪元-箭头"
	"sizeFrom": 9,
	"sizeTo": 0,
	"colorFrom": "8674C1",
	"colorTo": "E2B881",
	"cone": 0
	}
]
},
	"hitShake":45
	"hitEffect": {
	"type": "MultiEffect",
	"effects": [
	{
	"type": "WaveEffect",
	"particles": 1,
	"strokeFrom": 10,
	"strokeTo": 0,
	"sizeFrom": 0,
	"sizeTo": 300,
	"length": 0,
	"baseLength": 0,
	"lifetime": 60,
	"colorFrom": "FFFFFF",
	"colorTo": "B894F2"
	},
	{
	"type": "WaveEffect",
	"particles": 1,
	"strokeFrom": 10,
	"strokeTo": 0,
	"sizeFrom": 0,
	"sizeTo": 310,
	"length": 0,
	"baseLength": 0,
	"lifetime": 60,
	"colorFrom": "FFFFFF",
	"colorTo": "B894F2"
	},
	{
	"type": "ParticleEffect",
	"particles": 10,
	"sizeFrom": 130,
	"sizeTo": 0,
	"interp": "pow5Out",
	"sizeInterp": "pow10In",
	"length": 0,
	"baseLength": 0,
	"lifetime": 180,
	"colorFrom": "000000",
	"colorTo": "000000",
	"layer":120
	}
	]
},//命中
"fragBullets":1,
"fragVelocityMin":1,
"fragVelocityMax":1,
"fragLifeMin":1,
"fragLifeMax":1,
"fragAngle": 0,
"fragRandomSpread":0,
"fragBullet":{
	"speed": 0,
	"damage": 4800,
	"splashDamageRadius": 300,
	"splashDamage": 3780,
	"status": "disarmed",
	"statusDuration": 450,
	"lifetime":20,
	"sprite":"large-orb",
	"width": 0,
	"height": 0,
	"despawnEffect": "none",
	"collidesGround":false,
	"collidesAir":false,
"absorbable":false,
"reflectable":false,
"hittable":false,
"collides": false,
"hitBuildings": false,
"hitUnits": false
"collidesTiles": false,
"hitSound":"none"
"hitShake":10
"hitEffect": {
	"type": "MultiEffect",
	"effects": [
	{
	"type": "WaveEffect",
	"particles": 1,
	"strokeFrom": 10,
	"strokeTo": 0,
	"sizeFrom": 0,
	"sizeTo": 300,
	"length": 0,
	"baseLength": 0,
	"lifetime": 60,
	"colorFrom": "FFFFFF",
	"colorTo": "989AA3"
	},
	{
	"type": "WaveEffect",
	"particles": 1,
	"strokeFrom": 10,
	"strokeTo": 0,
	"sizeFrom": 0,
	"sizeTo": 310,
	"length": 0,
	"baseLength": 0,
	"lifetime": 60,
	"colorFrom": "FFFFFF",
	"colorTo": "989AA3"
	},
	{
	"type": "ParticleEffect",
	"particles": 10,
	"sizeFrom": 145,
	"sizeTo": 0,
	"interp": "pow5Out",
	"sizeInterp": "pow10In",
	"length": 0,
	"baseLength": 0,
	"lifetime": 180,
	"colorFrom": "989AA3",
	"colorTo": "989AA3",
	"layer":119
	}
	]
},//空洞1
	"bulletInterval":1000
	"intervalBullets":1
	"intervalSpread":0
	"intervalBullet":{
	"speed": 0,
	"damage": 1908,
	"splashDamageRadius": 800,
	"splashDamage": 35123,
	"status": "electrified",
	"statusDuration": 1000,
	"lifetime":180,
	"sprite":"large-orb",
	"width": 0,
	"height": 0,
	"despawnEffect": "none",
"absorbable":false,
"reflectable":false,
"hittable":false,
"hitSound":"BZ2"
"hitShake":30
"hitEffect": "none"
"fragBullets":10,
"fragVelocityMin":0.5,
"fragVelocityMax":1.5,
"fragLifeMin":0.5,
"fragLifeMax":1.5,
"fragBullet":{
	"speed": 5,
	"splashDamageRadius": 800,
	"splashDamage": 8319,
	"status": "虚弱",
	"statusDuration": 1000,
	"lifetime":400
	"drag":0.02
	"absorbable":false,
	"reflectable":false,
	"hittable":false,
	"hitSound":"BZ4"
	"hitShake": 1,
	"trailSpacing": 10,
	"trailLength": 40,
	"trailWidth": 2,
	"trailColor": "FFFFFF88",
	"trailChance": 1,
	"trailInterval": 16,
	"despawnEffect": "none",
	"trailEffect": {
	"type": "MultiEffect",
	"effects": [
	{
	"type": "ParticleEffect",
	"particles": 1,
	"sizeFrom": 5
	"sizeTo": 0,
	"length": 80,
	"baseLength": 0,
	"lifetime": 40,
	"colorFrom": "B894F2",
	"colorTo": "B894F2",
	},
]
},
	"hitEffect": {
	"type": "MultiEffect",
	"effects": [
	{
	"type": "WaveEffect",
	"particles": 1,
	"strokeFrom": 9,
	"strokeTo": 0,
	"sizeFrom": 0,
	"sizeTo": 800,
	"length": 0,
	"baseLength": 0,
	"lifetime": 100,
	"colorFrom": "B894F2",
	"colorTo": "8674C1"
	},
	{
	"type": "ParticleEffect",
	"particles": 38,
	"sizeFrom": 10
	"sizeTo": 0,
	"length": 800,
	"baseLength": 20,
	"lifetime": 30,
	"colorFrom": "B894F2",
	"colorTo": "8674C1",
	},
	{
	"type": "ParticleEffect",
	"particles": 15,
	"sizeFrom": 40,
	"sizeTo": 0,
	"interp": "pow5Out",
	"sizeInterp": "pow10In",
	"length": 850,
	"baseLength": 20,
	"lifetime": 180,
	"colorFrom": "73737350",
	"colorTo": "73737320",
	},
	{
	"type": "ParticleEffect",
	"particles": 10,
	"line":true
	"lenFrom": 55,
	"lenTo": 0
	"length": 800,
	"strokeFrom": 15,
	"strokeTo": 0,
	"baseLength": 40,
	"lifetime": 80,
	"colorFrom": "FFC23F",
	"colorTo": "FFC23F50"
	}
]
},
"bulletInterval":1
	"intervalBullets":2
	"intervalSpread":0
	"intervalBullet":{
	"type": "PointBulletType",
	"speed": 80,
	"splashDamageRadius": 40,
	"splashDamage": 2193,
	"lifetime":1
	"hitSound":"plasmaboom"
	"status": "虚弱",
	"statusDuration": 60,
	"hitShake": 1,
	"trailSpacing": 10,
	"despawnEffect": "none",
	"trailEffect": {
	"type": "MultiEffect",
	"effects": [
	{
	"type": "ParticleEffect",
	"particles": 1,
	"baseLength": 0.1,
	"length": 0.1,
	"lifetime": 22,
	"line": true,
	"randLength": false,
	"lenFrom": 9,
	"lenTo": 9,
	"strokeFrom": 8,
	"strokeTo": 0,
	"colorFrom": "B894F2",
	"colorTo": "8674C1",
	"cone": 0
	}
]
},
	"hitEffect": {
	"type": "MultiEffect",
	"effects": [
	{
	"type": "ParticleEffect",
	"particles": 1,
	"sizeFrom": 13,
	"sizeTo": 0,
	"interp": "pow5Out",
	"sizeInterp": "pow10In",
	"length": 0,
	"baseLength": 0,
	"lifetime": 80,
	"colorFrom": "B894F2",
	"colorTo": "8674C1",
	"layer":120
	}
	]
},
"fragBullets":1,
"fragVelocityMin":0.8,
"fragVelocityMax":1.2,
"fragLifeMin":0.8,
"fragLifeMax":1.2,
"fragRandomSpread":50,
"fragBullet":{
"type": "PointBulletType",
	"speed": 70,
	"splashDamageRadius": 30,
	"splashDamage": 1121,
	"lifetime":1
	"hitSound":"plasmaboom"
	"status": "虚弱",
	"statusDuration": 30,
	"hitShake": 1,
	"trailSpacing": 10,
	"despawnEffect": "none",
	"trailEffect": {
	"type": "MultiEffect",
	"effects": [
	{
	"type": "ParticleEffect",
	"particles": 1,
	"baseLength": 0.1,
	"length": 0.1,
	"lifetime": 22,
	"line": true,
	"randLength": false,
	"lenFrom": 9,
	"lenTo": 9,
	"strokeFrom": 8,
	"strokeTo": 0,
	"colorFrom": "B894F2",
	"colorTo": "8674C1",
	"cone": 0
	}
]
},
	"hitEffect": {
	"type": "MultiEffect",
	"effects": [
	{
	"type": "ParticleEffect",
	"particles": 1,
	"sizeFrom": 8,
	"sizeTo": 0,
	"interp": "pow5Out",
	"sizeInterp": "pow10In",
	"length": 0,
	"baseLength": 0,
	"lifetime": 80,
	"colorFrom": "B894F2",
	"colorTo": "8674C1",
	"layer":120
	}
	]
}
}
}
}
}//一层分裂：虚弱
"fragBullets":1,
"fragVelocityMin":1,
"fragVelocityMax":1,
"fragLifeMin":1,
"fragLifeMax":1,
"fragAngle": 0,
"fragRandomSpread":0,
"fragBullet":{
"speed": 0,
	"damage": 1908,
	"splashDamageRadius": 800,
	"splashDamage": 35123,
	"lifetime":20,
	"width": 0,
	"height": 0,
	"despawnEffect": "none",
	"collidesGround":false,
	"collidesAir":false,
"absorbable":false,
"reflectable":false,
"hittable":false,
"hitSound":"BZ4"
"hitShake":30
"hitEffect": {
	"type": "MultiEffect",
	"effects": [
	{
	"type": "WaveEffect",
	"particles": 1,
	"strokeFrom": 12,
	"strokeTo": 0,
	"sizeFrom": 0,
	"sizeTo": 240,
	"length": 0,
	"baseLength": 0,
	"lifetime": 70,
	"colorFrom": "FFFFFF",
	"colorTo": "B894F2"
	},
	{
	"type": "ParticleEffect",
	"particles": 10,
	"sizeFrom": 145,
	"sizeTo": 0,
	"interp": "pow5Out",
	"sizeInterp": "pow10In",
	"length": 0,
	"baseLength": 0,
	"lifetime": 180,
	"colorFrom": "C0C0C0",
	"colorTo": "C0C0C0",
	"layer":118
	}
]
},//空洞2：瘫痪
"bulletInterval":1000
	"intervalBullets":1
	"intervalSpread":0
	"intervalBullet":{
	"speed": 0,
	"damage": 1908,
	"splashDamageRadius": 800,
	"splashDamage": 35123,
	"status": "延迟",
	"statusDuration": 300,
	"lifetime":180,
	"sprite":"large-orb",
	"width": 0,
	"height": 0,
	"despawnEffect": "none",
"absorbable":false,
"reflectable":false,
"hittable":false,
"hitSound":"BZ2"
"hitShake":30
"hitEffect": "none"
"fragBullets":10,
"fragVelocityMin":0.5,
"fragVelocityMax":1.5,
"fragLifeMin":0.5,
"fragLifeMax":1.5,
"fragBullet":{
	"speed": 5,
	"splashDamageRadius": 800,
	"splashDamage": 8319,
	"status": "瘫痪",
	"statusDuration": 700,
	"lifetime":400
	"drag":0.02
	"absorbable":false,
	"reflectable":false,
	"hittable":false,
	"hitSound":"BZ4"
	"hitShake": 1,
	"trailSpacing": 10,
	"trailSpacing": 10,
	"trailLength": 40,
	"trailWidth": 2,
	"trailColor": "FFFFFF88",
	"trailChance": 1,
	"trailInterval": 16,
	"despawnEffect": "none",
	"trailEffect": {
	"type": "MultiEffect",
	"effects": [
	{
	"type": "ParticleEffect",
	"particles": 1,
	"sizeFrom": 5
	"sizeTo": 0,
	"length": 80,
	"baseLength": 0,
	"lifetime": 40,
	"colorFrom": "00FFFF",
	"colorTo": "00FFFF",
	},
]
},
	"hitEffect": {
	"type": "MultiEffect",
	"effects": [
	{
	"type": "WaveEffect",
	"particles": 1,
	"strokeFrom": 9,
	"strokeTo": 0,
	"sizeFrom": 0,
	"sizeTo": 800,
	"length": 0,
	"baseLength": 0,
	"lifetime": 100,
	"colorFrom": "00FFFF",
	"colorTo": "FFFFFF"
	},
	{
	"type": "ParticleEffect",
	"particles": 38,
	"sizeFrom": 10
	"sizeTo": 0,
	"length": 800,
	"baseLength": 20,
	"lifetime": 30,
	"colorFrom": "00FFFF",
	"colorTo": "00C0C0",
	},
	{
	"type": "ParticleEffect",
	"particles": 15,
	"sizeFrom": 40,
	"sizeTo": 0,
	"interp": "pow5Out",
	"sizeInterp": "pow10In",
	"length": 850,
	"baseLength": 20,
	"lifetime": 180,
	"colorFrom": "73737350",
	"colorTo": "73737320",
	},
	{
	"type": "ParticleEffect",
	"particles": 10,
	"line":true
	"lenFrom": 55,
	"lenTo": 0
	"length": 800,
	"strokeFrom": 15,
	"strokeTo": 0,
	"baseLength": 40,
	"lifetime": 80,
	"colorFrom": "FFC23F",
	"colorTo": "FFC23F50"
	}
]
},
"bulletInterval":1
	"intervalBullets":2
	"intervalSpread":0
	"intervalBullet":{
	"type": "PointBulletType",
	"speed": 80,
	"splashDamageRadius": 40,
	"splashDamage": 2193,
	"lifetime":1
	"hitSound":"plasmaboom"
	"status": "瘫痪",
	"statusDuration": 60,
	"hitShake": 1,
	"trailSpacing": 10,
	"despawnEffect": "none",
	"trailEffect": {
	"type": "MultiEffect",
	"effects": [
	{
	"type": "ParticleEffect",
	"particles": 1,
	"baseLength": 0.1,
	"length": 0.1,
	"lifetime": 22,
	"line": true,
	"randLength": false,
	"lenFrom": 9,
	"lenTo": 9,
	"strokeFrom": 8,
	"strokeTo": 0,
	"colorFrom": "00FFFF",
	"colorTo": "00C0C0",
	"cone": 0
	}
]
},
	"hitEffect": {
	"type": "MultiEffect",
	"effects": [
	{
	"type": "ParticleEffect",
	"particles": 1,
	"sizeFrom": 13,
	"sizeTo": 0,
	"interp": "pow5Out",
	"sizeInterp": "pow10In",
	"length": 0,
	"baseLength": 0,
	"lifetime": 80,
	"colorFrom": "00FFFF",
	"colorTo": "00C0C0",
	"layer":120
	}
	]
},
"fragBullets":1,
"fragVelocityMin":0.8,
"fragVelocityMax":1.2,
"fragLifeMin":0.8,
"fragLifeMax":1.2,
"fragRandomSpread":50,
"fragBullet":{
"type": "PointBulletType",
	"speed": 40,
	"splashDamageRadius": 30,
	"splashDamage": 1121,
	"lifetime":1
	"hitSound":"plasmaboom"
	"status": "瘫痪",
	"statusDuration": 30,
	"hitShake": 1,
	"trailSpacing": 10,
	"despawnEffect": "none",
	"trailEffect": {
	"type": "MultiEffect",
	"effects": [
	{
	"type": "ParticleEffect",
	"particles": 1,
	"baseLength": 0.1,
	"length": 0.1,
	"lifetime": 22,
	"line": true,
	"randLength": false,
	"lenFrom": 9,
	"lenTo": 9,
	"strokeFrom": 8,
	"strokeTo": 0,
	"colorFrom": "00FFFF",
	"colorTo": "00C0C0",
	"cone": 0
	}
]
},
	"hitEffect": {
	"type": "MultiEffect",
	"effects": [
	{
	"type": "ParticleEffect",
	"particles": 1,
	"sizeFrom": 8,
	"sizeTo": 0,
	"interp": "pow5Out",
	"sizeInterp": "pow10In",
	"length": 0,
	"baseLength": 0,
	"lifetime": 80,
	"colorFrom": "00FFFF",
	"colorTo": "00C0C0",
	"layer":120
	}
	]
}
}
}
}
}//二层分裂：瘫痪
"fragBullets":1,
"fragVelocityMin":1,
"fragVelocityMax":1,
"fragLifeMin":1,
"fragLifeMax":1,
"fragAngle": 0,
"fragRandomSpread":0,
"fragBullet":{
"speed": 0,
	"damage": 1908,
	"splashDamageRadius": 800,
	"splashDamage": 35123,
	"status": "sapped",
	"statusDuration": 1200,
	"lifetime":20,
	"width": 0,
	"height": 0,
	"despawnEffect": "none",
"absorbable":false,
"reflectable":false,
"hittable":false,
"hitSound":"BZ5"
"hitShake":30
"hitEffect": {
	"type": "MultiEffect",
	"effects": [
	{
	"type": "WaveEffect",
	"particles": 1,
	"strokeFrom": 12,
	"strokeTo": 0,
	"sizeFrom": 0,
	"sizeTo": 240,
	"length": 0,
	"baseLength": 0,
	"lifetime": 70,
	"colorFrom": "FFFFFF",
	"colorTo": "F8D58B"
	},
	{
	"type": "ParticleEffect",
	"particles": 10,
	"sizeFrom": 160,
	"sizeTo": 0,
	"interp": "pow5Out",
	"sizeInterp": "pow10In",
	"length": 0,
	"baseLength": 0,
	"lifetime": 180,
	"colorFrom": "FFFFFF",
	"colorTo": "FFFFFF",
	"layer":117
	}
]
},//空洞3：污染
"fragBullets":10,
"fragVelocityMin":0.5,
"fragVelocityMax":1.5,
"fragLifeMin":0.5,
"fragLifeMax":1.5,
"fragBullet":{
	"speed": 5,
	"splashDamageRadius": 800,
	"splashDamage": 8319,
	"status": "污染",
	"statusDuration": 1000,
	"lifetime":400
	"drag":0.02
	"absorbable":false,
	"reflectable":false,
	"hittable":false,
	"hitSound":"BZ4"
	"hitShake": 1,
	"trailSpacing": 10,
	"trailSpacing": 10,
	"trailLength": 40,
	"trailWidth": 2,
	"trailColor": "FFFFFF88",
	"trailChance": 1,
	"trailInterval": 16,
	"despawnEffect": "none",
	"trailEffect": {
	"type": "MultiEffect",
	"effects": [
	{
	"type": "ParticleEffect",
	"particles": 1,
	"sizeFrom": 5
	"sizeTo": 0,
	"length": 80,
	"baseLength": 0,
	"lifetime": 40,
	"colorFrom": "9ED900",
	"colorTo": "C9DD22",
	},
]
},
	"hitEffect": {
	"type": "MultiEffect",
	"effects": [
	{
	"type": "WaveEffect",
	"particles": 1,
	"strokeFrom": 9,
	"strokeTo": 0,
	"sizeFrom": 0,
	"sizeTo": 800,
	"length": 0,
	"baseLength": 0,
	"lifetime": 100,
	"colorFrom": "9ED900",
	"colorTo": "C9DD22"
	},
	{
	"type": "ParticleEffect",
	"particles": 38,
	"sizeFrom": 10
	"sizeTo": 0,
	"length": 800,
	"baseLength": 20,
	"lifetime": 30,
	"colorFrom": "9ED900",
	"colorTo": "C9DD22",
	},
	{
	"type": "ParticleEffect",
	"particles": 15,
	"sizeFrom": 40,
	"sizeTo": 0,
	"interp": "pow5Out",
	"sizeInterp": "pow10In",
	"length": 850,
	"baseLength": 20,
	"lifetime": 180,
	"colorFrom": "73737350",
	"colorTo": "73737320",
	},
	{
	"type": "ParticleEffect",
	"particles": 10,
	"line":true
	"lenFrom": 55,
	"lenTo": 0
	"length": 800,
	"strokeFrom": 15,
	"strokeTo": 0,
	"baseLength": 40,
	"lifetime": 80,
	"colorFrom": "FFC23F",
	"colorTo": "FFC23F50"
	}
]
},
	"bulletInterval":1
	"intervalBullets":2
	"intervalSpread":0
	"intervalBullet":{
	"type": "PointBulletType",
	"speed": 80,
	"splashDamageRadius": 40,
	"splashDamage": 2193,
	"lifetime":1
	"hitSound":"plasmaboom"
	"status": "污染",
	"statusDuration": 120,
	"hitShake": 1,
	"trailSpacing": 10,
	"despawnEffect": "none",
	"trailEffect": {
	"type": "MultiEffect",
	"effects": [
	{
	"type": "ParticleEffect",
	"particles": 1,
	"baseLength": 0.1,
	"length": 0.1,
	"lifetime": 22,
	"line": true,
	"randLength": false,
	"lenFrom": 9,
	"lenTo": 9,
	"strokeFrom": 8,
	"strokeTo": 0,
	"colorFrom": "9ED900",
	"colorTo": "C9DD22",
	"cone": 0
	}
]
},
	"hitEffect": {
	"type": "MultiEffect",
	"effects": [
	{
	"type": "ParticleEffect",
	"particles": 1,
	"sizeFrom": 13,
	"sizeTo": 0,
	"interp": "pow5Out",
	"sizeInterp": "pow10In",
	"length": 0,
	"baseLength": 0,
	"lifetime": 80,
	"colorFrom": "9ED900",
	"colorTo": "C9DD22",
	"layer":120
	}
	]
},
"fragBullets":1,
"fragVelocityMin":0.8,
"fragVelocityMax":1.5,
"fragLifeMin":0.8,
"fragLifeMax":1.5,
"fragRandomSpread":50,
"fragBullet":{
"type": "PointBulletType",
	"speed": 40,
	"splashDamageRadius": 30,
	"splashDamage": 1121,
	"lifetime":1
	"hitSound":"plasmaboom"
	"status": "污染",
	"statusDuration": 60,
	"hitShake": 1,
	"trailSpacing": 10,
	"despawnEffect": "none",
	"trailEffect": {
	"type": "MultiEffect",
	"effects": [
	{
	"type": "ParticleEffect",
	"particles": 1,
	"baseLength": 0.1,
	"length": 0.1,
	"lifetime": 22,
	"line": true,
	"randLength": false,
	"lenFrom": 9,
	"lenTo": 9,
	"strokeFrom": 8,
	"strokeTo": 0,
	"colorFrom": "9ED900",
	"colorTo": "C9DD22",
	"cone": 0
	}
]
},
	"hitEffect": {
	"type": "MultiEffect",
	"effects": [
	{
	"type": "ParticleEffect",
	"particles": 1,
	"sizeFrom": 8,
	"sizeTo": 0,
	"interp": "pow5Out",
	"sizeInterp": "pow10In",
	"length": 0,
	"baseLength": 0,
	"lifetime": 80,
	"colorFrom": "9ED900",
	"colorTo": "C9DD22",
	"layer":120
	}
	]
},
}
}
}//三层分裂：污染
}
}
}
}
}
}