{
	"type": "ItemTurret",
	"name": "相交线",
	"unitSort": "strongest",
	"health": 45190,
	"size": 8,
	"reload": 360,
	"range": 3600,
	"recoil": 0,
	"ammoPerShot":20,
	"maxAmmo": 100,
	"liquidCapacity":150
	"consumes": {
		"power": 1395,
		"liquid": "water/1.3"
	},
	"shoot": {
	"type": "ShootPattern",
	"firstShotDelay": 180
	},
	"chargeSound": "lasercharge2",
	"shootSound":"DS"
	"minWarmup": 0.4,
	"warmupMaintainTime": 180,
	"shootWarmupSpeed": 0.04,
	"targetGround": true,
	"targetAir": true,
	"inaccuracy": 0,
	"shake": 17,
	"shootCone": 1,
	"rotateSpeed": 1.34,
	"requirements": [
	"graphite/740"
	"silicon/1210"
	"copper/2450"
	"lead/2750"
	"plastanium/1750"
	"thorium/4600"
	"surge-alloy/430"
	"钢/4500"
	"钴/3800"
	"暗金属/600"
	"钴钢/5000"
	],
	"category": "turret",
	"research": {
	"parent": "阻断",
	"objectives": [
	{
		"type": "SectorComplete",
		"preset": "激战"
		}
	]
}
	"drawer":{
	"type":"DrawTurret",
	"parts":[
{
	"type": "ShapePart",
	"progress": "warmup",
	"y": -27,
	"sides": 6,
	"color": "7B7B7B00",
	"colorTo": "7B7B7B",
	"rotateSpeed": 0,
	"stroke": 0,
	"strokeTo": 4,
	"circle": true,
	"hollow": true,
	"radius": 64,
	"radiusTo": 23,
	"layer": 110
	},
	{
	"type": "ShapePart",
	"progress": "warmup",
	"y": -27,
	"sides": 6,
	"color": "7B7B7B00",
	"colorTo": "7B7B7B",
	"rotateSpeed": 0,
	"stroke": 0,
	"strokeTo": 5,
	"hollow": true,
	"radius": 64,
	"radiusTo": 25,
	"layer": 110
	},
	{
	"type": "ShapePart",
	"progress": "warmup",
	"y": -27,
	"sides": 3,
	"color": "7B7B7B00",
	"colorTo": "7B7B7B",
	"rotateSpeed": 0,
	"stroke": 0,
	"strokeTo": 5,
	"circle":false
	"hollow": true,
	"radius": 64,
	"radiusTo": 27,
	"layer": 110
	},
	{
	"type": "HaloPart",
	"progress": "warmup",
	"shapes":2,
	"stroke":0.1,
	"strokeTo":15,
	"tri":true,
	"y":-27,
	"radius":36,
	"radiusTo":13,
	"triLength":0,
	"triLengthTo":24,
	"haloRadius":60,
	"haloRadiusTo":25,
	"haloRotation":180,
	"haloRotateSpeed":-1.34,
	"layer:":110,
	"color":"FFFFFF00"
	"colorTo":"B0BAC0"
	},
	{
	"type": "HaloPart",
	"progress": "warmup",
	"shapes":2,
	"stroke":0.1,
	"strokeTo":15,
	"tri":true,
	"y":-27,
	"radius":36,
	"radiusTo":13,
	"triLength":0,
	"triLengthTo":48,
	"haloRadius":60,
	"haloRadiusTo":25,
	"haloRotation":180,
	"haloRotateSpeed":-1.34,
	"layer:":110,
	"color":"FFFFFF00"
	"colorTo":"B0BAC0"
	}
]
}
"shootEffect": {
"type": "MultiEffect",
"effects": [
{
"type": "WaveEffect",
"particles": 1,
"sizeFrom": 0,
"sizeTo": 20,
"strokeFrom": 5,
"strokeTo": 0,
"length": 0,
"baseLength": 0,
"interp": "fastSlow",
"lifetime": 60,
"colorFrom": "EA8878",
"colorTo": "BC5452"
},
{
"type": "WaveEffect",
"particles": 1,
"sizeFrom": 0,
"sizeTo": 20,
"strokeFrom": 5,
"strokeTo": 0,
"length": 0,
"baseLength": 0,
"interp": "fastSlow",
"lifetime": 60,
"colorFrom": "EA8878",
"colorTo": "BC5452"
"startDelay": 30,
},
{
"type": "WaveEffect",
"particles": 1,
"sizeFrom": 0,
"sizeTo": 20,
"strokeFrom": 5,
"strokeTo": 0,
"length": 0,
"baseLength": 0,
"interp": "fastSlow",
"lifetime": 60,
"colorFrom": "EA8878",
"colorTo": "BC5452"
"startDelay": 60,
},
]
},
	"ammoTypes": {
		"thorium": {
		"type": "PointBulletType",
		"damage": 100,
		"buildingDamageMultiplier": 0,
		"ammoMultiplier": 1
		"hitSound": "wave",
		"status": "破防",
		"statusDuration": 600,
		"splashDamageRadius": 240,
		"splashDamage": 490,
		"speed": 360,
		"lifetime": 10,
		"trailEffect":"none"
		"hitEffect":{
		"type": "MultiEffect",
		"effects": [
		{
		"type": "WaveEffect",
		"particles": 1,
		"strokeFrom": 5,
		"strokeTo": 0,
		"sizeFrom": 50,
		"sizeTo": 0,
		"length": 0,
		"baseLength": 0,
		"lifetime": 60,
		"colorFrom": "EA8878",
		"colorTo": "C85C5140"
		},
		{
		"type": "WaveEffect",
		"particles": 1,
		"strokeFrom": 5,
		"strokeTo": 0,
		"sizeFrom": 50,
		"sizeTo": 0,
		"length": 0,
		"baseLength": 0,
		"lifetime": 60,
		"startDelay":10
		"colorFrom": "EA8878",
		"colorTo": "C85C5140"
		},
		{
		"type": "WaveEffect",
		"particles": 1,
		"strokeFrom": 5,
		"strokeTo": 0,
		"sizeFrom": 50,
		"sizeTo": 0,
		"length": 0,
		"baseLength": 0,
		"lifetime": 60,
		"startDelay":20
		"colorFrom": "EA8878",
		"colorTo": "C85C5140"
		},
		{
		"type": "WaveEffect",
		"particles": 1,
		"strokeFrom": 5,
		"strokeTo": 0,
		"sizeFrom": 50,
		"sizeTo": 0,
		"length": 0,
		"baseLength": 0,
		"lifetime": 60,
		"startDelay":30
		"colorFrom": "EA8878",
		"colorTo": "C85C5140"
		},
		{
		"type": "WaveEffect",
		"particles": 1,
		"strokeFrom": 5,
		"strokeTo": 0,
		"sizeFrom": 50,
		"sizeTo": 0,
		"length": 0,
		"baseLength": 0,
		"lifetime": 60,
		"startDelay":40
		"colorFrom": "EA8878",
		"colorTo": "C85C5140"
		},
		{
		"type": "WaveEffect",
		"particles": 1,
		"strokeFrom": 5,
		"strokeTo": 0,
		"sizeFrom": 50,
		"sizeTo": 0,
		"length": 0,
		"baseLength": 0,
		"lifetime": 60,
		"startDelay":50
		"colorFrom": "EA8878",
		"colorTo": "C85C5140"
		}
	]
},
		"fragBullets":1,
		"fragVelocityMax":1,
		"fragVelocityMin":0.7,
		"fragLifeMin": 1,
		"fragLifeMax": 1,
		"fragAngle": 180,
		"fragRandomSpread":0,
		"fragBullet":{
		"type": "PointBulletType",
		"damage": 140
		"buildingDamageMultiplier": 0,
		"hitSound": "wave",
		"speed": 720,
		"lifetime": 10,
		"trailEffect":"none"
		"fragBullets":1,
		"fragVelocityMin":1,
		"fragLifeMin": 1,
		"fragLifeMax": 1,
		"fragAngle": 0,
		"fragRandomSpread":0,
		"fragBullet":{
		"damage":780
		"speed":0
		"lifetime":80
		"buildingDamageMultiplier": 0,
		"hitEffect":"none"
		"hitSound":"none"
		"trailEffect":"none"
		"fragBullets":1,
		"fragVelocityMin":1,
		"fragLifeMin": 1,
		"fragLifeMax": 1,
		"fragAngle": 180,
		"fragRandomSpread":0,
		"fragBullet":{
		"damage": 21485,
		"buildingDamageMultiplier": 0,
		"speed":360
		"lifetime":210
		"sprite":"黑暗纪元-穿刺",
		"pierceArmor":true
		"backColor":"EA8878",
		"frontColor":"C85C51",
		"splashDamageRadius": 240,
		"splashDamage": 1280,
		"hitShake": 45,
		"hitSound":"largeCannon"
		"knockback":150
		"width": 90,
		"height": 300,
		"hitSoundVolume": 39,
		"status": "melting",
		"statusDuration": 1800,
		"shrinkX":0
		"shrinkY":0
		"trailColor":"FFFFFF",
		"trailLength":75,
		"trailWidth":12,
		"trailChance": 1,
		"trailInterval": 20,
		"hitEffect": {
		"type": "MultiEffect",
		"effects": [
		{
		"type": "WaveEffect",
		"particles": 1,
		"strokeFrom": 5,
		"strokeTo": 0,
		"sizeFrom": 0,
		"sizeTo": 240,
		"length": 0,
		"baseLength": 0,
		"lifetime": 10,
		"colorFrom": "EA8878",
		"colorTo": "C85C5150"
		},
		{
		"type": "WaveEffect",
		"particles": 1,
		"strokeFrom": 5,
		"strokeTo": 0,
		"sizeFrom": 0,
		"sizeTo": 280,
		"length": 0,
		"baseLength": 0,
		"lifetime": 10,
		"colorFrom": "EA8878",
		"colorTo": "C85C5150"
		},
		{
		"type": "ParticleEffect",
		"particles": 25,
		"sizeFrom": 40,
		"sizeTo": 0,
		"length": 240,
		"baseLength": 20,
		"lifetime": 30,
		"colorFrom": "FFFFFF",
		"colorTo": "EA887830",
		},
		{
		"type": "ParticleEffect",
		"particles": 35,
		"sizeFrom": 35,
		"sizeTo": 0,
		"length":250,
		"baseLength": 20,
		"lifetime": 40,
		"colorFrom": "EA8878",
		"colorTo": "FFFFFF50",
		},
		{
		"type": "ParticleEffect",
		"particles": 15,
		"sizeFrom": 38,
		"sizeTo": 0,
		"region":"黑暗纪元-菱形"
		"spin":1
		"length": 240,
		"baseLength": 0,
		"lifetime": 180,
		"colorFrom": "EA8878",
		"colorTo": "C85C5100",
		},
		{
		"type": "ParticleEffect",
		"particles": 1,
		"sizeFrom": 250,
		"sizeTo": 0,
		"interp": "pow5Out",
		"sizeInterp": "pow10In",
		"length": 0,
		"baseLength": 0,
		"lifetime": 40,
		"colorFrom": "EA887860",
		"colorTo": "EA887820",
		},
		{
		"type": "ParticleEffect",
		"particles": 20,
		"line":true
		"lenFrom": 98,
		"lenTo": 0
		"length": 240,
		"strokeFrom": 13,
		"strokeTo": 0,
		"baseLength": 40,
		"lifetime": 45,
		"colorFrom": "C85C51",
		"colorTo": "FFFFFF50"
		}
	]
}
}
}
}
}
"surge-alloy": {
		"type": "PointBulletType",
		"damage": 100,
		"buildingDamageMultiplier": 0,
		"ammoMultiplier": 1
		"hitSound": "wave",
		"status": "污染",
		"statusDuration": 600,
		"splashDamageRadius": 240,
		"splashDamage": 490,
		"speed": 360,
		"lifetime": 10,
		"trailEffect":"none"
		"hitEffect":{
		"type": "MultiEffect",
		"effects": [
		{
		"type": "WaveEffect",
		"particles": 1,
		"strokeFrom": 5,
		"strokeTo": 0,
		"sizeFrom": 50,
		"sizeTo": 0,
		"length": 0,
		"baseLength": 0,
		"lifetime": 60,
		"colorFrom": "FED843",
		"colorTo": "FFFFFF40"
		},
		{
		"type": "WaveEffect",
		"particles": 1,
		"strokeFrom": 5,
		"strokeTo": 0,
		"sizeFrom": 50,
		"sizeTo": 0,
		"length": 0,
		"baseLength": 0,
		"lifetime": 60,
		"startDelay":10
		"colorFrom": "FED843",
		"colorTo": "FFFFFF40"
		},
		{
		"type": "WaveEffect",
		"particles": 1,
		"strokeFrom": 5,
		"strokeTo": 0,
		"sizeFrom": 50,
		"sizeTo": 0,
		"length": 0,
		"baseLength": 0,
		"lifetime": 60,
		"startDelay":20
		"colorFrom": "FED843",
		"colorTo": "FFFFFF40"
		},
		{
		"type": "WaveEffect",
		"particles": 1,
		"strokeFrom": 5,
		"strokeTo": 0,
		"sizeFrom": 50,
		"sizeTo": 0,
		"length": 0,
		"baseLength": 0,
		"lifetime": 60,
		"startDelay":30
		"colorFrom": "FED843",
		"colorTo": "FFFFFF40"
		},
		{
		"type": "WaveEffect",
		"particles": 1,
		"strokeFrom": 5,
		"strokeTo": 0,
		"sizeFrom": 50,
		"sizeTo": 0,
		"length": 0,
		"baseLength": 0,
		"lifetime": 60,
		"startDelay":40
		"colorFrom": "FED843",
		"colorTo": "FFFFFF40"
		},
		{
		"type": "WaveEffect",
		"particles": 1,
		"strokeFrom": 5,
		"strokeTo": 0,
		"sizeFrom": 50,
		"sizeTo": 0,
		"length": 0,
		"baseLength": 0,
		"lifetime": 60,
		"startDelay":50
		"colorFrom": "FED843",
		"colorTo": "FFFFFF40"
		}
	]
},
		"fragBullets":1,
		"fragVelocityMax":1,
		"fragVelocityMin":0.7,
		"fragLifeMin": 1,
		"fragLifeMax": 1,
		"fragAngle": 180,
		"fragRandomSpread":0,
		"fragBullet":{
		"type": "PointBulletType",
		"damage": 140
		"buildingDamageMultiplier": 0,
		"hitSound": "wave",
		"speed": 720,
		"lifetime": 10,
		"trailEffect":"none"
		"fragBullets":1,
		"fragVelocityMin":1,
		"fragLifeMin": 1,
		"fragLifeMax": 1,
		"fragAngle": 0,
		"fragRandomSpread":0,
		"fragBullet":{
		"damage":780
		"speed":0
		"lifetime":80
		"buildingDamageMultiplier": 0,
		"hitEffect":"none"
		"hitSound":"none"
		"trailEffect":"none"
		"fragBullets":1,
		"fragVelocityMin":1,
		"fragLifeMin": 1,
		"fragLifeMax": 1,
		"fragAngle": 180,
		"fragRandomSpread":0,
		"fragBullet":{
		"damage": 31899,
		"buildingDamageMultiplier": 0,
		"speed":360
		"lifetime":210
		"sprite":"黑暗纪元-穿刺",
		"pierceArmor":true
		"backColor":"FED843",
		"frontColor":"FFFFFF",
		"splashDamageRadius": 240,
		"splashDamage": 2756,
		"hitShake": 45,
		"hitSound":"largeCannon"
		"knockback":150
		"width": 90,
		"height": 300,
		"hitSoundVolume": 39,
		"status": "electrified",
		"statusDuration": 1800,
		"shrinkX":0
		"shrinkY":0
		"trailColor":"FFFFFF",
		"trailLength":75,
		"trailWidth":12,
		"trailChance": 1,
		"trailInterval": 20,
		"hitEffect": {
		"type": "MultiEffect",
		"effects": [
		{
		"type": "WaveEffect",
		"particles": 1,
		"strokeFrom": 5,
		"strokeTo": 0,
		"sizeFrom": 0,
		"sizeTo": 240,
		"length": 0,
		"baseLength": 0,
		"lifetime": 10,
		"colorFrom": "FED843",
		"colorTo": "FFFFFF50"
		},
		{
		"type": "WaveEffect",
		"particles": 1,
		"strokeFrom": 5,
		"strokeTo": 0,
		"sizeFrom": 0,
		"sizeTo": 280,
		"length": 0,
		"baseLength": 0,
		"lifetime": 10,
		"colorFrom": "FED843",
		"colorTo": "FFFFFF50"
		},
		{
		"type": "ParticleEffect",
		"particles": 25,
		"sizeFrom": 40,
		"sizeTo": 0,
		"length": 240,
		"baseLength": 20,
		"lifetime": 30,
		"colorFrom": "FFFFFF",
		"colorTo": "FED84330",
		},
		{
		"type": "ParticleEffect",
		"particles": 35,
		"sizeFrom": 35,
		"sizeTo": 0,
		"length":250,
		"baseLength": 20,
		"lifetime": 40,
		"colorFrom": "FED843",
		"colorTo": "FFFFFF50",
		},
		{
		"type": "ParticleEffect",
		"particles": 15,
		"sizeFrom": 38,
		"sizeTo": 0,
		"region":"黑暗纪元-菱形"
		"spin":1
		"length": 240,
		"baseLength": 0,
		"lifetime": 180,
		"colorFrom": "FED843",
		"colorTo": "FFFFFF00",
		},
		{
		"type": "ParticleEffect",
		"particles": 1,
		"sizeFrom": 250,
		"sizeTo": 0,
		"interp": "pow5Out",
		"sizeInterp": "pow10In",
		"length": 0,
		"baseLength": 0,
		"lifetime": 40,
		"colorFrom": "FED84360",
		"colorTo": "FED84320",
		},
		{
		"type": "ParticleEffect",
		"particles": 20,
		"line":true
		"lenFrom": 98,
		"lenTo": 0
		"length": 240,
		"strokeFrom": 13,
		"strokeTo": 0,
		"baseLength": 40,
		"lifetime": 45,
		"colorFrom": "FED843",
		"colorTo": "FFFFFF50"
		}
	]
}
}
}
}
}
"空间节点": {
		"type": "PointBulletType",
		"damage": 100,
		"ammoMultiplier": 1
		"buildingDamageMultiplier": 0,
		"hitSound": "wave",
		"status": "延迟",
		"statusDuration": 600,
		"splashDamageRadius": 240,
		"splashDamage": 890,
		"speed": 360,
		"lifetime": 10,
		"trailEffect":"none"
		"hitEffect":{
		"type": "MultiEffect",
		"effects": [
		{
		"type": "WaveEffect",
		"particles": 1,
		"strokeFrom": 5,
		"strokeTo": 0,
		"sizeFrom": 50,
		"sizeTo": 0,
		"length": 0,
		"baseLength": 0,
		"lifetime": 60,
		"colorFrom": "00FFFF",
		"colorTo": "FFFFFF40"
		},
		{
		"type": "WaveEffect",
		"particles": 1,
		"strokeFrom": 5,
		"strokeTo": 0,
		"sizeFrom": 50,
		"sizeTo": 0,
		"length": 0,
		"baseLength": 0,
		"lifetime": 60,
		"startDelay":10
		"colorFrom": "00FFFF",
		"colorTo": "FFFFFF40"
		},
		{
		"type": "WaveEffect",
		"particles": 1,
		"strokeFrom": 5,
		"strokeTo": 0,
		"sizeFrom": 50,
		"sizeTo": 0,
		"length": 0,
		"baseLength": 0,
		"lifetime": 60,
		"startDelay":20
		"colorFrom": "00FFFF",
		"colorTo": "FFFFFF40"
		},
		{
		"type": "WaveEffect",
		"particles": 1,
		"strokeFrom": 5,
		"strokeTo": 0,
		"sizeFrom": 50,
		"sizeTo": 0,
		"length": 0,
		"baseLength": 0,
		"lifetime": 60,
		"startDelay":30
		"colorFrom": "00FFFF",
		"colorTo": "FFFFFF40"
		},
		{
		"type": "WaveEffect",
		"particles": 1,
		"strokeFrom": 5,
		"strokeTo": 0,
		"sizeFrom": 50,
		"sizeTo": 0,
		"length": 0,
		"baseLength": 0,
		"lifetime": 60,
		"startDelay":40
		"colorFrom": "00FFFF",
		"colorTo": "FFFFFF40"
		},
		{
		"type": "WaveEffect",
		"particles": 1,
		"strokeFrom": 5,
		"strokeTo": 0,
		"sizeFrom": 50,
		"sizeTo": 0,
		"length": 0,
		"baseLength": 0,
		"lifetime": 60,
		"startDelay":50
		"colorFrom": "00FFFF",
		"colorTo": "FFFFFF40"
		}
	]
},
		"fragBullets":1,
		"fragVelocityMax":1,
		"fragVelocityMin":0.7,
		"fragLifeMin": 1,
		"fragLifeMax": 1,
		"fragAngle": 180,
		"fragRandomSpread":0,
		"fragBullet":{
		"type": "PointBulletType",
		"damage": 140
		"buildingDamageMultiplier": 0,
		"hitSound": "wave",
		"speed": 720,
		"lifetime": 10,
		"trailEffect":"none"
		"fragBullets":1,
		"fragVelocityMin":1,
		"fragLifeMin": 1,
		"fragLifeMax": 1,
		"fragAngle": 0,
		"fragRandomSpread":0,
		"fragBullet":{
		"damage":780
		"speed":0
		"lifetime":80
		"buildingDamageMultiplier": 0,
		"hitEffect":"none"
		"hitSound":"none"
		"trailEffect":"none"
		"fragBullets":1,
		"fragVelocityMin":1,
		"fragLifeMin": 1,
		"fragLifeMax": 1,
		"fragAngle": 180,
		"fragRandomSpread":0,
		"fragBullet":{
		"damage": 58730,
		"buildingDamageMultiplier": 0,
		"speed":360
		"lifetime":210
		"sprite":"黑暗纪元-穿刺",
		"pierceArmor":true
		"backColor":"00FFFF",
		"frontColor":"FFFFFF",
		"splashDamageRadius": 240,
		"splashDamage": 3264,
		"hitShake": 45,
		"hitSound":"largeCannon"
		"knockback":150
		"width": 90,
		"height": 300,
		"hitSoundVolume": 39,
		"status": "空间混乱",
		"statusDuration": 180,
		"shrinkX":0
		"shrinkY":0
		"trailColor":"FFFFFF",
		"trailLength":75,
		"trailWidth":12,
		"trailChance": 1,
		"trailInterval": 20,
		"trailEffect":{
		"type": "WaveEffect",
		"particles": 1,
		"strokeFrom": 5,
		"strokeTo": 0,
		"sizeFrom": 0,
		"sizeTo": 138,
		"length": 0,
		"baseLength": 0,
		"lifetime": 20,
		"colorFrom": "00FFFF",
		"colorTo": "FFFFFF50"
		},
		"hitEffect": {
		"type": "MultiEffect",
		"effects": [
		{
		"type": "WaveEffect",
		"particles": 1,
		"strokeFrom": 5,
		"strokeTo": 0,
		"sizeFrom": 0,
		"sizeTo": 240,
		"length": 0,
		"baseLength": 0,
		"lifetime": 10,
		"colorFrom": "00FFFF",
		"colorTo": "FFFFFF50"
		},
		{
		"type": "WaveEffect",
		"particles": 1,
		"strokeFrom": 5,
		"strokeTo": 0,
		"sizeFrom": 0,
		"sizeTo": 280,
		"length": 0,
		"baseLength": 0,
		"lifetime": 10,
		"colorFrom": "00FFFF",
		"colorTo": "FFFFFF50"
		},
		{
		"type": "ParticleEffect",
		"particles": 25,
		"sizeFrom": 40,
		"sizeTo": 0,
		"length": 240,
		"baseLength": 20,
		"lifetime": 30,
		"colorFrom": "FFFFFF",
		"colorTo": "00FFFF30",
		},
		{
		"type": "ParticleEffect",
		"particles": 35,
		"sizeFrom": 35,
		"sizeTo": 0,
		"length":250,
		"baseLength": 20,
		"lifetime": 40,
		"colorFrom": "00FFFF",
		"colorTo": "FFFFFF50",
		},
		{
		"type": "ParticleEffect",
		"particles": 15,
		"sizeFrom": 38,
		"sizeTo": 0,
		"region":"黑暗纪元-菱形"
		"spin":1
		"length": 240,
		"baseLength": 0,
		"lifetime": 180,
		"colorFrom": "00FFFF",
		"colorTo": "FFFFFF00",
		},
		{
		"type": "ParticleEffect",
		"particles": 1,
		"sizeFrom": 250,
		"sizeTo": 0,
		"interp": "pow5Out",
		"sizeInterp": "pow10In",
		"length": 0,
		"baseLength": 0,
		"lifetime": 40,
		"colorFrom": "00FFFF60",
		"colorTo": "00FFFF20",
		},
		{
		"type": "ParticleEffect",
		"particles": 20,
		"line":true
		"lenFrom": 98,
		"lenTo": 0
		"length": 240,
		"strokeFrom": 13,
		"strokeTo": 0,
		"baseLength": 40,
		"lifetime": 45,
		"colorFrom": "FFFFFF",
		"colorTo": "00FFFF50"
		}
	]
}
}
}
}
}
}
}