{
	"type":"ItemTurret",
	"name":"荣光",
	"size":4,
	"health":1670,
	"ammoPerShot":2,
	"range":430,
	"reload":10,
	"inaccuracy":1,
	"rotatespeed":10,
	"maxAmmo":30,
	"targetGround": true,
	"targetAir": true,
	"shootSound":"shootBig",
	"liquidCapacity": 60,
	"consumes": {
		"coolant": {
			"amount": 0.9,
			"optional": true
		}
	},
	"coolantMultiplier":2,
	"cooldownTime": 90,
	"drawer": {
		"type": "DrawTurret",
		"parts": [
			{
				"type": "RegionPart",
				"suffix": "-左",
				"under": true,
				"recoilIndex": 0,
				"moveY": -3,
				"progress": "recoil",
				"heatProgress": "recoil"
			},
			{
				"type": "RegionPart",
				"suffix": "-右",
				"under": true,
				"recoilIndex": 1,
				"moveY": -3,
				"progress": "recoil",
				"heatProgress": "recoil"
			}
		]
	},
	"shoot": {
		"type": "ShootAlternate",
		"barrels": 2,
		"spread": 14
	},
	"recoils": 2,
	"ammoTypes":{
		"thorium": {
			"speed": 24,
			"damage": 120.5,
			"lifetime": 18.75,
			"knockback": 4,
			"pierce": true,
			"pierceArmor": true,
			"pierceCap": 2,
			"width": 12,
			"height": 19,
			"shootEffect": {
				"type": "MultiEffect",
				"effects": [
					{
						"type": "ParticleEffect",
						"sizeInterp": "pow5In",
						"interp": "pow10Out",
						"particles": 3,
						"strokeFrom": 2,
						"strokeTo": 0,
						"line": true,
						"lenFrom": 15,
						"lenTo": 0,
						"length": 24,
						"baseLength": 0,
						"lifetime": 25,
						"colorFrom": "FFFFFF",
						"colorTo": "FFFFFF",
						"cone": 15
					},
					{
						"type": "ParticleEffect",
						"lifetime": 5,
						"sizeFrom": 7,
						"sizeTo": 0,
						"length": 24,
						"baseLength": 0,
						"strokeTo": 0,
						"colorFrom": "FFFFFF",
						"colorTo": "FFFFFF"
						"cone":15
					}
				]
			},
			"smokeEffect": {
				"type": "ParticleEffect",
				"particles": 3,
				"sizeFrom": 5,
				"sizeInterp": "pow5In",
				"sizeTo": 0,
				"length": 45,
				"baseLength": 0,
				"lifetime": 15,
				"colorFrom": "FFFFFF",
				"colorTo": "FFFFFF",
				"cone": 10
			},
			"hitEffect": "hitBulletBig",
			"ammoMultiplier": 3
		},
			"spore-pod": {
			"speed": 18,
			"damage": 53.35,
			"lifetime": 23,
			"knockback": 7.89,
			"pierce": true,
			"frontColor":"58026A",
			"pierceCap": 1,
			"status": "spore-slowed",
			"statusDuration": 15,
			"width": 12,
			"height": 19,
			"shootEffect": {
				"type": "MultiEffect",
				"effects": [
					{
						"type": "ParticleEffect",
						"sizeInterp": "pow5In",
						"interp": "pow10Out",
						"particles": 3,
						"strokeFrom": 2,
						"strokeTo": 0,
						"line": true,
						"lenFrom": 15,
						"lenTo": 0,
						"length": 24,
						"baseLength": 0,
						"lifetime": 25,
						"colorFrom": "FFFFFF",
						"colorTo": "FFFFFF",
						"cone": 15
					},
					{
						"type": "ParticleEffect",
						"lifetime": 5,
						"sizeFrom": 7,
						"sizeTo": 0,
						"length": 24,
						"baseLength": 0,
						"strokeTo": 0,
						"colorFrom": "FFFFFF",
						"colorTo": "FFFFFF"
						"cone":15
					}
				]
			},
			"smokeEffect": {
				"type": "ParticleEffect",
				"particles": 3,
				"sizeFrom": 5,
				"sizeInterp": "pow5In",
				"sizeTo": 0,
				"length": 45,
				"baseLength": 0,
				"lifetime": 15,
				"colorFrom": "FFFFFF",
				"colorTo": "FFFFFF",
				"cone": 10
			},
			"hitEffect": "hitBulletBig",
			"ammoMultiplier": 1
		},
			"钢": {
			"speed": 29,
			"damage": 148.9,
			"lifetime": 15.51,
			"knockback": 1.4,
			"pierce": true,
			"pierceArmor": true,
			"pierceCap": 3,
			"frontColor":"738FC0",
			"status": "破防",
			"statusDuration": 15,
			"width": 12,
			"height": 19,
			"shootEffect": {
				"type": "MultiEffect",
				"effects": [
					{
						"type": "ParticleEffect",
						"sizeInterp": "pow5In",
						"interp": "pow10Out",
						"particles": 3,
						"strokeFrom": 2,
						"strokeTo": 0,
						"line": true,
						"lenFrom": 15,
						"lenTo": 0,
						"length": 24,
						"baseLength": 0,
						"lifetime": 25,
						"colorFrom": "FFFFFF",
						"colorTo": "FFFFFF",
						"cone": 15
					},
					{
						"type": "ParticleEffect",
						"lifetime": 5,
						"sizeFrom": 7,
						"sizeTo": 0,
						"length": 24,
						"baseLength": 0,
						"strokeTo": 0,
						"colorFrom": "FFFFFF",
						"colorTo": "FFFFFF"
						"cone":15
					}
				]
			},
			"smokeEffect": {
				"type": "ParticleEffect",
				"particles": 3,
				"sizeFrom": 5,
				"sizeInterp": "pow5In",
				"sizeTo": 0,
				"length": 45,
				"baseLength": 0,
				"lifetime": 15,
				"colorFrom": "FFFFFF",
				"colorTo": "FFFFFF",
				"cone": 10
			},
			"hitEffect": "hitBulletBig",
			"ammoMultiplier": 1
		},
			"surge-alloy": {
			"speed": 26,
			"damage": 112.43,
			"lifetime": 15.51,
			"knockback": 2.7,
			"lightning":3,
			"lightningDamage":13.5,
			"lightningLength":8
			"pierce": true,
			"pierceCap": 1,
			"width": 12,
			"height": 19,
			"shootEffect": {
				"type": "MultiEffect",
				"effects": [
					{
						"type": "ParticleEffect",
						"sizeInterp": "pow5In",
						"interp": "pow10Out",
						"particles": 3,
						"strokeFrom": 2,
						"strokeTo": 0,
						"line": true,
						"lenFrom": 15,
						"lenTo": 0,
						"length": 24,
						"baseLength": 0,
						"lifetime": 25,
						"colorFrom": "FFFFFF",
						"colorTo": "FFFFFF",
						"cone": 15
					},
					{
						"type": "ParticleEffect",
						"lifetime": 5,
						"sizeFrom": 7,
						"sizeTo": 0,
						"length": 24,
						"baseLength": 0,
						"strokeTo": 0,
						"colorFrom": "FFFFFF",
						"colorTo": "FFFFFF"
						"cone":15
					}
				]
			},
			"smokeEffect": {
				"type": "ParticleEffect",
				"particles": 3,
				"sizeFrom": 5,
				"sizeInterp": "pow5In",
				"sizeTo": 0,
				"length": 45,
				"baseLength": 0,
				"lifetime": 15,
				"colorFrom": "FFFFFF",
				"colorTo": "FFFFFF",
				"cone": 10
			},
			"hitEffect": "hitBulletBig",
			"ammoMultiplier": 2
		},
		"贫铀": {
			"speed": 22.5,
			"damage": 142.9,
			"lifetime": 20,
			"knockback": 0.8,
			"status": "污染",
			"statusDuration": 15,
			"frontColor":"A3EF85",
			"pierce": true,
			"pierceCap": 1,
			"width": 12,
			"height": 19,
			"shootEffect": {
				"type": "MultiEffect",
				"effects": [
					{
						"type": "ParticleEffect",
						"sizeInterp": "pow5In",
						"interp": "pow10Out",
						"particles": 3,
						"strokeFrom": 2,
						"strokeTo": 0,
						"line": true,
						"lenFrom": 15,
						"lenTo": 0,
						"length": 24,
						"baseLength": 0,
						"lifetime": 25,
						"colorFrom": "FFFFFF",
						"colorTo": "FFFFFF",
						"cone": 15
					},
					{
						"type": "ParticleEffect",
						"lifetime": 5,
						"sizeFrom": 7,
						"sizeTo": 0,
						"length": 24,
						"baseLength": 0,
						"strokeTo": 0,
						"colorFrom": "FFFFFF",
						"colorTo": "FFFFFF"
						"cone":15
					}
				]
			},
			"smokeEffect": {
				"type": "ParticleEffect",
				"particles": 3,
				"sizeFrom": 5,
				"sizeInterp": "pow5In",
				"sizeTo": 0,
				"length": 45,
				"baseLength": 0,
				"lifetime": 15,
				"colorFrom": "FFFFFF",
				"colorTo": "FFFFFF",
				"cone": 10
			},
			"hitEffect": "hitBulletBig",
			"ammoMultiplier": 1
		},
		"pyratite": {
			"speed": 22.5,
			"damage": 87.5,
			"lifetime": 20,
			"knockback": 6.3,
			"status": "burning",
			"statusDuration": 15,
			"makeFire":true,
			"frontColor":"FFA54D",
			"pierce": true,
			"pierceCap": 1,
			"width": 12,
			"height": 19,
			"shootEffect": {
				"type": "MultiEffect",
				"effects": [
					{
						"type": "ParticleEffect",
						"sizeInterp": "pow5In",
						"interp": "pow10Out",
						"particles": 3,
						"strokeFrom": 2,
						"strokeTo": 0,
						"line": true,
						"lenFrom": 15,
						"lenTo": 0,
						"length": 24,
						"baseLength": 0,
						"lifetime": 25,
						"colorFrom": "FFFFFF",
						"colorTo": "FFFFFF",
						"cone": 15
					},
					{
						"type": "ParticleEffect",
						"lifetime": 5,
						"sizeFrom": 7,
						"sizeTo": 0,
						"length": 24,
						"baseLength": 0,
						"strokeTo": 0,
						"colorFrom": "FFFFFF",
						"colorTo": "FFFFFF"
						"cone":15
					}
				]
			},
			"smokeEffect": {
				"type": "ParticleEffect",
				"particles": 3,
				"sizeFrom": 5,
				"sizeInterp": "pow5In",
				"sizeTo": 0,
				"length": 45,
				"baseLength": 0,
				"lifetime": 15,
				"colorFrom": "FFFFFF",
				"colorTo": "FFFFFF",
				"cone": 10
			},
			"hitEffect": "hitBulletBig",
			"ammoMultiplier": 1
		}
	}
	"requirements": [
	"copper/500"
	"钴/1800"
	"钢/450"
	"surge-alloy/485"
	"plastanium/600"
	],
	"category": "turret",
	"research": {
	"parent": "钢针",
	"objectives": [
			{
				"type": "OnSector",
				"preset": "铁线三角洲"
			}
		]
	}
}