{
	"name": "血色公约",
	"description":"[white]血色公约:在宇宙中存在着的特殊组织，其分布的广泛程度令人难以想象，似乎是一个跨星际的学术组织，以研究各种生物的血液样品发展新的生物学说，以及推进兵器的发展，不过具体情况尚不可知，血色公约形成了严密的组织性，目前可知的只有血色公约似乎会推选一位领袖。\n令人心安的是，血色公约并没有表现出强烈的侵略欲望，不过因为其持有的强大武器又令许多文明惴惴不安\n在宇宙中，血色公约更像是一个游侠，会对违反了某些重要协定的文明发动猛烈的进攻[#6E7080](见鬼，他们的消息怎么这么灵通)\n[white]在早期，对于血色公约的学术研究许多文明是嗤之以鼻的，认为其不过是一群对于血液疯狂崇拜的不安定分子组成的极端组织，直到血色公约的新生物理论被证实，没有人再小看血色公约\n在早些年间，血色公约对于暗能表现出了极大兴趣[#6E7080](老天，希望他们不是想要收集暗能中与血液相似的样本)[white]，展开了对于暗能的巡猎，并与在暗能研究领域杰出的工程院展开合作",
	"type": "Wall",
	"health": 680000,
	"armor":6800
	"size": 4,
	"absorbLasers":false,
	"chanceDeflect": 100,
	"requirements": [],
	"category": "defense",
	"buildVisibility": "sandboxOnly",
	"buildCostMultiplier": 0,
	"research": "前线指挥中心"
}
