{
  "type": "legs",
  "name": "爬虫·钍",
  "speed": 1,
  "hitSize": 10,
  "drag": 0.07,
  "health": 16000,
  "armor": 269,
  "mechSideSway": 0.25,
  "legStraightness": 0.3,
  "stepShake": 0,
  "legCount": 6,
  "legLength": 18,
  "lockLegBase": true,
  "legContinuousMove": true,
  "legExtension": 1.1,
  "legBaseOffset": 5,
  "legMaxLength": 1.8,
  "legMinLength": 1,
  "legLengthScl": 0.96,
  "legForwardScl": 1.1,
  "legGroupSize": 3,
  "rippleScale": 0.2,
  "legMoveSpace": 1,
  "allowLegStep": true,
  "hovering": true,
  "immunities": [
    "blasted",
    "burning",
    "electrified",
    "freezing",
    "melting",
    "disarmed",
    "sapped",
    "shocked",
    "slow",
    "tarred",
    "unmoving",
    "wet",
    "spore-slowed",
    "corroded",
    "致盲",
    "消散",
    "破防",
    "延迟",
    "瘫痪",
    "空间混乱",
    "污染"
  ],
  "ammoType": "thorium",
  "weapons": [
    {
      "reload": 5,
      "x": 0,
      "y": 0,
      "rotate": false,
      "shootCone": 270,
      "ejectEffect": "none",
      "shootSound": "explosionbig",
      "mirror": false,
      "inaccuracy": 0,
      "alternate": true,
      "top": false,
      "shootOnDeath": true,
      "bullet": {
        "killShooter": true,
        "splashDamageRadius": 240,
        "instantDisappear": true,
        "collides": false,
        "pierce": true,
        "splashDamage": 4600,
        "speed": 1,
        "lifetime": 1,
        "hitEffect": {
          "type": "MultiEffect",
          "effects": [
            {
              "type": "WaveEffect",
              "particles": 1,
              "strokeFrom": 7,
              "strokeTo": 0,
              "sizeFrom": 0,
              "sizeTo": 240,
              "length": 0,
              "baseLength": 0,
              "lifetime": 40,
              "colorFrom": "FFFFFF",
              "colorTo": "FFFFFF"
            },
            {
              "type": "ParticleEffect",
              "particles": 35,
              "sizeFrom": 7,
              "sizeTo": 0,
              "length": 240,
              "baseLength": 0,
              "lifetime": 80,
              "colorFrom": "B894F2",
              "colorTo": "8674C1"
            },
            {
              "type": "ParticleEffect",
              "particles": 25,
              "sizeFrom": 12,
              "sizeTo": 0,
              "length": 240,
              "baseLength": 0,
              "lifetime": 80,
              "colorFrom": "B894F2",
              "colorTo": "8674C1"
            },
            {
              "type": "ParticleEffect",
              "particles": 12,
              "sizeFrom": 43,
              "sizeTo": 0,
              "interp": "pow5Out",
              "sizeInterp": "pow10In",
              "length": 250,
              "baseLength": 0,
              "lifetime": 180,
              "colorFrom": "8674C1",
              "colorTo": "645C9B88"
            },
            {
              "type": "ParticleEffect",
              "particles": 32,
              "sizeFrom": 27,
              "sizeTo": 0,
              "interp": "pow5Out",
              "sizeInterp": "pow10In",
              "length": 260,
              "baseLength": 0,
              "lifetime": 190,
              "colorFrom": "8674C1",
              "colorTo": "645C9B88"
            },
            {
              "type": "ParticleEffect",
              "particles": 15,
              "sizeFrom": 34,
              "sizeTo": 0,
              "interp": "pow5Out",
              "sizeInterp": "pow10In",
              "length": 250,
              "baseLength": 0,
              "lifetime": 170,
              "colorFrom": "8674C1",
              "colorTo": "645C9B88"
            },
            {
              "type": "ParticleEffect",
              "particles": 30,
              "line": true,
              "lenFrom": 35,
              "lenTo": 0,
              "length": 250,
              "strokeFrom": 5,
              "strokeTo": 0,
              "baseLength": 0,
              "lifetime": 165,
              "colorFrom": "FFC23F",
              "colorTo": "FFC23F50"
            }
          ]
        },
        "despawnEffect": "none",
        "width": 0,
        "height": 0,
        "hitShake": 66
      }
    }
  ]
}