{
  "type": "payload",
  "name": "血光",
  "speed": 0.09,
  "drag": 0.03,
  "accel": 0.1,
  "rotateSpeed": 0.08,
  "immunities": [
    "blasted",
    "burning",
    "electrified",
    "freezing",
    "melting",
    "disarmed",
    "sapped",
    "shocked",
    "slow",
    "破防",
    "疑惑",
    "污染",
    "空间混乱",
    "瘫痪",
    "延迟",
    "消散",
    "虚弱",
    "溃解"
  ],
  "ammoType": {
    "type": "PowerAmmoType",
    "totalPower": 220000
  },
  "itemCapacity": 890,
  "hitSize": 205,
  "flying": true,
  "circleTarget": true,
  "lowAltitude": true,
  "health": 4898200,
  "armor": 8897,
  "engineOffset": 6,
  "engineSize": 3,
  "engines": [
    {
      "x": 0,
      "y": -145,
      "radius": 26,
      "rotation": 90
    },
    {
      "x": 40,
      "y": -130,
      "radius": 12,
      "rotation": 0
    },
    {
      "x": -40,
      "y": -130,
      "radius": 12,
      "rotation": 0
    }
  ],
  "abilities": [
    {
      "type": "ShieldArcAbility",
      "whenShooting": true,
      "radius": 500,
      "width": 65,
      "max": 780000,
      "regen": 6000,
      "cooldown": 3600,
      "angle": 120,
      "angleOffset": 0
    },
    {
      "type": "ShieldArcAbility",
      "whenShooting": true,
      "radius": 440,
      "width": 65,
      "max": 780000,
      "regen": 6000,
      "cooldown": 3600,
      "angle": 120,
      "angleOffset": 45
    },
    {
      "type": "ShieldArcAbility",
      "whenShooting": true,
      "radius": 440,
      "width": 65,
      "max": 780000,
      "regen": 6000,
      "cooldown": 3600,
      "angle": 120,
      "angleOffset": -45
    },
    {
      "type": "EnergyFieldAbility",
      "damage": 1872,
      "reload": 20,
      "range": 22,
      "effectRadius": 18,
      "sectors": 5,
      "sectorRad": 0.1,
      "rotateSpeed": 0.5,
      "color": "E43B44",
      "hitEffect": {
        "type": "ParticleEffect",
        "particles": 3,
        "sizeFrom": 10,
        "sizeTo": 0,
        "length": 20,
        "baseLength": 20,
        "lifetime": 30,
        "colorFrom": "A22633",
        "colorTo": "E43B44"
      },
      "damageEffect": "chainLightning",
      "shootSound": "spark",
      "x": 0,
      "y": 35,
      "targetGround": true,
      "targetAir": true,
      "hitBuildings": true,
      "hitUnits": true,
      "maxTargets": 2000
    }
  ],
  "weapons": [
    {
      "name": "血光1",
      "reload": 130,
      "x": 52,
      "y": 22,
      "shootX": 0,
      "shootY": 4,
      "rotate": true,
      "shootCone": 5,
      "recoil": 1.6,
      "velocityRnd": 0.1,
      "shoot": {
        "type": "ShootMulti",
        "source": {
          "shots": 2,
          "shotDelay": 5
        },
        "dest": [
          {
            "type": "ShootHelix",
            "scl": 15,
            "mag": 5
          },
          {
            "type": "ShootHelix",
            "scl": 12,
            "mag": 2
          }
        ]
      },
      "ejectEffect": "none",
      "shootSound": "missile",
      "mirror": true,
      "inaccuracy": 0,
      "bullet": {
        "damage": 1289,
        "splashDamageRadius": 200,
        "splashDamage": 1000,
        "sprite": "黑暗纪元-斜正方",
        "backColor": "E43B44",
        "frontColor": "A22633",
        "shrinkX": 0,
        "shrinkY": 0,
        "trailColor": "E43B44",
        "trailLength": 48,
        "trailWidth": 5,
        "collidesGround": true,
        "collidesAir": true,
        "reflectable": false,
        "speed": 5,
        "drag": -0.04,
        "lifetime": 70,
        "hitShake": 19,
        "hitSound": "boom",
        "hitEffect": {
          "type": "MultiEffect",
          "effects": [
            {
              "type": "WaveEffect",
              "particles": 1,
              "strokeFrom": 8,
              "strokeTo": 0,
              "sizeFrom": 0,
              "sizeTo": 200,
              "length": 0,
              "baseLength": 0,
              "lifetime": 60,
              "colorFrom": "E43B44",
              "colorTo": "A22633"
            },
            {
              "type": "ParticleEffect",
              "particles": 13,
              "sizeFrom": 20,
              "sizeTo": 0,
              "length": 150,
              "region": "黑暗纪元-斜正方",
              "interp": "pow10Out",
              "sizeInterp": "pow5Out",
              "baseLength": 0,
              "lifetime": 60,
              "colorFrom": "E43B44",
              "colorTo": "E43B44"
            }
          ]
        },
        "despawnEffect": "none",
        "width": 18,
        "height": 18
      }
    },
    {
      "name": "血光1",
      "reload": 130,
      "x": 57,
      "y": 77,
      "shootX": 0,
      "shootY": 4,
      "rotate": true,
      "shootCone": 5,
      "recoil": 1.6,
      "velocityRnd": 0.1,
      "shoot": {
        "type": "ShootMulti",
        "source": {
          "shots": 2,
          "shotDelay": 5,
          "firstShotDelay": 30
        },
        "dest": [
          {
            "type": "ShootHelix",
            "scl": 23,
            "mag": 8
          },
          {
            "type": "ShootHelix",
            "scl": 12,
            "mag": 8
          }
        ]
      },
      "ejectEffect": "none",
      "shootSound": "missile",
      "mirror": true,
      "inaccuracy": 0,
      "bullet": {
        "damage": 1289,
        "splashDamageRadius": 200,
        "splashDamage": 1000,
        "sprite": "黑暗纪元-斜正方",
        "backColor": "E43B44",
        "frontColor": "A22633",
        "shrinkX": 0,
        "shrinkY": 0,
        "trailColor": "E43B44",
        "trailLength": 48,
        "trailWidth": 5,
        "collidesGround": true,
        "collidesAir": true,
        "reflectable": false,
        "speed": 5,
        "drag": -0.04,
        "lifetime": 70,
        "hitShake": 19,
        "hitSound": "boom",
        "hitEffect": {
          "type": "MultiEffect",
          "effects": [
            {
              "type": "WaveEffect",
              "particles": 1,
              "strokeFrom": 8,
              "strokeTo": 0,
              "sizeFrom": 0,
              "sizeTo": 200,
              "length": 0,
              "baseLength": 0,
              "lifetime": 60,
              "colorFrom": "E43B44",
              "colorTo": "A22633"
            },
            {
              "type": "ParticleEffect",
              "particles": 13,
              "sizeFrom": 20,
              "sizeTo": 0,
              "length": 150,
              "region": "黑暗纪元-斜正方",
              "interp": "pow10Out",
              "sizeInterp": "pow5Out",
              "baseLength": 0,
              "lifetime": 60,
              "colorFrom": "E43B44",
              "colorTo": "E43B44"
            }
          ]
        },
        "despawnEffect": "none",
        "width": 18,
        "height": 18
      }
    },
    {
      "name": "血光1",
      "reload": 140,
      "x": 98,
      "y": -72,
      "shootX": 0,
      "shootY": 4,
      "rotate": true,
      "shootCone": 5,
      "recoil": 1.6,
      "velocityRnd": 0.1,
      "shoot": {
        "type": "ShootMulti",
        "source": {
          "shots": 2,
          "shotDelay": 5,
          "firstShotDelay": 60
        },
        "dest": [
          {
            "type": "ShootHelix",
            "scl": 15,
            "mag": 5
          },
          {
            "type": "ShootHelix",
            "scl": 12,
            "mag": 2
          }
        ]
      },
      "ejectEffect": "none",
      "shootSound": "missile",
      "mirror": true,
      "inaccuracy": 0,
      "bullet": {
        "damage": 1289,
        "splashDamageRadius": 200,
        "splashDamage": 1000,
        "sprite": "黑暗纪元-斜正方",
        "backColor": "E43B44",
        "frontColor": "A22633",
        "shrinkX": 0,
        "shrinkY": 0,
        "trailColor": "E43B44",
        "trailLength": 48,
        "trailWidth": 5,
        "collidesGround": true,
        "collidesAir": true,
        "reflectable": false,
        "speed": 5,
        "drag": -0.04,
        "lifetime": 70,
        "hitShake": 19,
        "hitSound": "boom",
        "hitEffect": {
          "type": "MultiEffect",
          "effects": [
            {
              "type": "WaveEffect",
              "particles": 1,
              "strokeFrom": 8,
              "strokeTo": 0,
              "sizeFrom": 0,
              "sizeTo": 200,
              "length": 0,
              "baseLength": 0,
              "lifetime": 60,
              "colorFrom": "E43B44",
              "colorTo": "A22633"
            },
            {
              "type": "ParticleEffect",
              "particles": 13,
              "sizeFrom": 20,
              "sizeTo": 0,
              "length": 150,
              "region": "黑暗纪元-斜正方",
              "interp": "pow10Out",
              "sizeInterp": "pow5Out",
              "baseLength": 0,
              "lifetime": 60,
              "colorFrom": "E43B44",
              "colorTo": "E43B44"
            }
          ]
        },
        "despawnEffect": "none",
        "width": 18,
        "height": 18
      }
    },
    {
      "name": "血光2",
      "reload": 200,
      "x": -30,
      "y": -87,
      "shootX": 0,
      "shootY": 0,
      "rotate": false,
      "shootCone": 5,
      "recoil": 1.6,
      "shake": 7,
      "shoot": {
        "type": "ShootBarrel",
        "shots": 2,
        "barrels": [-15, 45, 0, 15, 45, 0]
      },
      "ejectEffect": "none",
      "shootSound": "missile",
      "mirror": true,
      "inaccuracy": 1,
      "shootStatusDuration": 1500,
      "shootStatus": "献祭",
      "parts": [
        {
          "type": "RegionPart",
          "mirror": true,
          "x": 0,
          "y": 31,
          "recoilIndex": 0,
          "heatProgress": "recoil",
          "suffix": "-炮",
          "under": true,
          "progress": "recoil",
          "moveY": -7
        }
      ],
      "bullet": {
        "damage": 9800,
        "splashDamage": 4330,
        "splashDamageRadius": 300,
        "pierceArmor": true,
        "pierceCap": 3,
        "sprite": "黑暗纪元-菱形",
        "backColor": "E43B44",
        "frontColor": "A22633",
        "shrinkX": 0,
        "shrinkY": 0,
        "hitShake": 45,
        "speed": 12,
        "lifetime": 80,
        "drag": -0.01,
        "hitSound": "shootSmite",
        "shootEffect": {
          "type": "MultiEffect",
          "effects": [
            {
              "type": "WaveEffect",
              "particles": 1,
              "strokeFrom": 7,
              "strokeTo": 0,
              "sizeFrom": 0,
              "sizeTo": 100,
              "length": 0,
              "baseLength": 0,
              "lifetime": 40,
              "colorFrom": "E43B44",
              "colorTo": "A22633"
            },
            {
              "type": "ParticleEffect",
              "particles": 19,
              "sizeFrom": 16,
              "sizeTo": 0,
              "length": 200,
              "baseLength": 10,
              "lifetime": 120,
              "colorFrom": "E43B4470",
              "colorTo": "FFFFFF70"
            }
          ]
        },
        "smokeEffect": "shootBigSmoke",
        "despawnEffect": "none",
        "trailSpacing": 10,
        "trailLength": 23,
        "trailWidth": 6,
        "trailColor": "E43B4488",
        "trailChance": 60,
        "trailInterval": 16,
        "trailEffect": {
          "type": "MultiEffect",
          "effects": [
            {
              "type": "ParticleEffect",
              "particles": 1,
              "baseLength": 0,
              "length": 88,
              "lifetime": 30,
              "region": "黑暗纪元-圆矩",
              "sizeInterp": "pow5In",
              "sizeFrom": 8,
              "sizeTo": 0,
              "colorFrom": "E43B44",
              "colorTo": "E43B44"
            }
          ]
        },
        "width": 14,
        "height": 28,
        "hitEffect": {
          "type": "MultiEffect",
          "effects": [
            {
              "type": "WaveEffect",
              "particles": 1,
              "strokeFrom": 9.9,
              "strokeTo": 0,
              "sizeFrom": 0,
              "sizeTo": 80,
              "length": 0,
              "baseLength": 0,
              "lifetime": 40,
              "colorFrom": "E43B44",
              "colorTo": "A22633"
            },
            {
              "type": "ParticleEffect",
              "particles": 17,
              "sizeFrom": 20,
              "sizeTo": 0,
              "interp": "pow5Out",
              "sizeInterp": "pow10In",
              "length": 260,
              "baseLength": 15,
              "lifetime": 180,
              "colorFrom": "A2263350",
              "colorTo": "A2263320",
              "cone": 22
            },
            {
              "type": "ParticleEffect",
              "particles": 24,
              "sizeFrom": 8,
              "sizeTo": 0,
              "length": 260,
              "baseLength": 12,
              "lifetime": 50,
              "colorFrom": "E43B44",
              "colorTo": "E43B44",
              "cone": 24
            }
          ]
        },
        "fragBullets": 8,
        "fragSpread": 40,
        "fragBullet": {
          "type": "RailBulletType",
          "pointEffectSpace": 15,
          "pointEffect": {
            "type": "MultiEffect",
            "effects": [
              {
                "type": "ParticleEffect",
                "particles": 1,
                "region": "黑暗纪元-针",
                "sizeInterp": "bounceIn",
                "sizeFrom": 20,
                "sizeTo": 0,
                "length": 30,
                "randLength": false,
                "baseLength": 0,
                "lifetime": 30,
                "colorFrom": "D24A4A",
                "colorTo": "D24A4A",
                "cone": 0
              }
            ]
          },
          "damage": 12920,
          "hitShake": 13,
          "lifetime": 30,
          "length": 300,
          "pierce": true,
          "pierceDamageFactor": 0.05,
          "pierceArmor": true,
          "hitEffect": {
            "type": "MultiEffect",
            "effects": [
              {
                "type": "WaveEffect",
                "particles": 1,
                "strokeFrom": 15,
                "strokeTo": 8,
                "sizeFrom": 0,
                "sizeTo": 10,
                "length": 0,
                "baseLength": 0,
                "lifetime": 60,
                "colorFrom": "D24A4A",
                "colorTo": "953137"
              },
              {
                "type": "ParticleEffect",
                "particles": 4,
                "sizeFrom": 10,
                "sizeTo": 0,
                "length": 100,
                "baseLength": 20,
                "region": "黑暗纪元-菱形",
                "lifetime": 30,
                "colorFrom": "D24A4A",
                "colorTo": "953137"
              }
            ]
          },
          "status": "延迟",
          "statusDuration": 600,
          "shootEffect": "instShoot",
          "smokeEffect": "none"
        }
      }
    },
    {
      "name": "血光3",
      "reload": 500,
      "x": 72,
      "y": -134,
      "shootX": 0,
      "shootY": 2,
      "rotate": true,
      "shootCone": 1,
      "recoil": 1.6,
      "shake": 2,
      "shoot": {
        "firstShotDelay": 25
      },
      "ejectEffect": "none",
      "shootSound": "laser",
      "mirror": true,
      "shootStatusDuration": 300,
      "shootStatus": "保护",
      "bullet": {
        "type": "LaserBulletType",
        "damage": 5541,
        "splashDamageRadius": 120,
        "splashDamage": 3342,
        "collidesGround": true,
        "collidesAir": true,
        "lightningSpacing": 60,
        "lightningDelay": 2,
        "lightningLength": 7,
        "lightningLengthRand": 2,
        "lightningAngleRand": 45,
        "lightningDamage": 667,
        "lightningColor": "D24A4A",
        "length": 1670,
        "width": 45,
        "sideAngle": 40,
        "sideWidth": 1,
        "sideLength": 76,
        "pierce": true,
        "lifetime": 60,
        "colors": [
          "D24A4A",
          "953137",
          "D24A4A",
          "FFFFFF"
        ],
        "smokeEffect": "smokeCloud",
        "chargeEffect": {
          "type": "MultiEffect",
          "effects": [
            {
              "type": "ParticleEffect",
              "particles": 17,
              "sizeFrom": 11,
              "sizeTo": 0,
              "length": -66,
              "baseLength": 66,
              "lifetime": 20,
              "interp": "pow3Out",
              "sizeInterp": "pow5In",
              "colorFrom": "A22633",
              "colorTo": "E43B44"
            },
            {
              "type": "WaveEffect",
              "particles": 1,
              "strokeFrom": 5,
              "strokeTo": 0,
              "sizeFrom": 90,
              "sizeTo": 0,
              "length": 0,
              "baseLength": 0,
              "lifetime": 20,
              "colorFrom": "A22633",
              "colorTo": "FFFFFF20"
            }
          ]
        },
        "fragBullets": 8,
        "fragLifeMin": 0.8,
        "fragLifeMax": 1.2,
        "fragVelocityMin": 0.7,
        "fragVelocityMax": 1.3,
        "fragBullet": {
          "speed": 5,
          "drag": 0.03,
          "damage": 3000,
          "splashDamageRadius": 200,
          "splashDamage": 1311,
          "lifetime": 60,
          "width": 0,
          "height": 0,
          "despawnEffect": {
            "type": "MultiEffect",
            "effects": [
              {
                "type": "WaveEffect",
                "particles": 1,
                "strokeFrom": 5,
                "strokeTo": 5,
                "sizeFrom": 0,
                "sizeTo": 200,
                "length": 0,
                "baseLength": 0,
                "lifetime": 100,
                "colorFrom": "D24A4A",
                "colorTo": "D24A4A00"
              },
              {
                "type": "ParticleEffect",
                "particles": 15,
                "sizeFrom": 13,
                "sizeTo": 0,
                "length": 200,
                "baseLength": 12,
                "lifetime": 85,
                "colorFrom": "D24A4A",
                "colorTo": "D24A4A",
                "interp": "pow5Out",
                "sizeInterp": "pow10In"
              },
              {
                "type": "ParticleEffect",
                "particles": 7,
                "sizeFrom": 20,
                "sizeTo": 0,
                "length": 200,
                "baseLength": 12,
                "lifetime": 95,
                "colorFrom": "953137",
                "colorTo": "953137",
                "interp": "pow5Out",
                "sizeInterp": "pow10In"
              },
              {
                "type": "ParticleEffect",
                "particles": 1,
                "sizeFrom": 0,
                "sizeTo": 200,
                "sizeInterp": "pow5Out",
                "region": "黑暗纪元-渐变圆",
                "length": 0,
                "baseLength": 0,
                "lifetime": 100,
                "colorFrom": "D24A4A",
                "colorTo": "D24A4A00"
              },
              {
                "type": "ParticleEffect",
                "particles": 8,
                "line": true,
                "lenFrom": 95,
                "lenTo": 0,
                "length": 150,
                "strokeFrom": 5,
                "strokeTo": 0,
                "baseLength": 20,
                "lifetime": 115,
                "colorFrom": "FFC23F",
                "colorTo": "FFC23F50"
              }
            ]
          },
          "absorbable": false,
          "reflectable": false,
          "collides": false,
          "collidesTiles": false,
          "hitSound": "release",
          "hitShake": 12,
          "hitEffect": "none",
          "trailEffect": "none"
        }
      }
    },
    {
      "name": "血光3",
      "reload": 500,
      "x": 54,
      "y": -34,
      "shootX": 0,
      "shootY": 2,
      "rotate": true,
      "shootCone": 1,
      "recoil": 1.6,
      "shake": 2,
      "shoot": {
        "firstShotDelay": 125
      },
      "ejectEffect": "none",
      "shootSound": "laser",
      "mirror": true,
      "shootStatusDuration": 300,
      "shootStatus": "凝铠",
      "bullet": {
        "type": "LaserBulletType",
        "damage": 5541,
        "splashDamageRadius": 120,
        "splashDamage": 3342,
        "collidesGround": true,
        "collidesAir": true,
        "lightningSpacing": 60,
        "lightningDelay": 2,
        "lightningLength": 7,
        "lightningLengthRand": 2,
        "lightningAngleRand": 45,
        "lightningDamage": 667,
        "lightningColor": "D24A4A",
        "length": 1670,
        "width": 45,
        "sideAngle": 40,
        "sideWidth": 1,
        "sideLength": 76,
        "pierce": true,
        "lifetime": 60,
        "colors": [
          "D24A4A",
          "953137",
          "D24A4A",
          "FFFFFF"
        ],
        "smokeEffect": "smokeCloud",
        "chargeEffect": {
          "type": "MultiEffect",
          "effects": [
            {
              "type": "ParticleEffect",
              "particles": 17,
              "sizeFrom": 11,
              "sizeTo": 0,
              "length": -66,
              "baseLength": 66,
              "lifetime": 20,
              "interp": "pow3Out",
              "sizeInterp": "pow5In",
              "colorFrom": "A22633",
              "colorTo": "E43B44"
            },
            {
              "type": "WaveEffect",
              "particles": 1,
              "strokeFrom": 5,
              "strokeTo": 0,
              "sizeFrom": 90,
              "sizeTo": 0,
              "length": 0,
              "baseLength": 0,
              "lifetime": 20,
              "colorFrom": "A22633",
              "colorTo": "FFFFFF20"
            }
          ]
        },
        "fragBullets": 8,
        "fragLifeMin": 0.8,
        "fragLifeMax": 1.2,
        "fragVelocityMin": 0.7,
        "fragVelocityMax": 1.3,
        "fragBullet": {
          "speed": 5,
          "drag": 0.03,
          "damage": 3000,
          "splashDamageRadius": 200,
          "splashDamage": 1311,
          "lifetime": 60,
          "width": 0,
          "height": 0,
          "despawnEffect": {
            "type": "MultiEffect",
            "effects": [
              {
                "type": "WaveEffect",
                "particles": 1,
                "strokeFrom": 5,
                "strokeTo": 5,
                "sizeFrom": 0,
                "sizeTo": 200,
                "length": 0,
                "baseLength": 0,
                "lifetime": 100,
                "colorFrom": "D24A4A",
                "colorTo": "D24A4A00"
              },
              {
                "type": "ParticleEffect",
                "particles": 15,
                "sizeFrom": 13,
                "sizeTo": 0,
                "length": 200,
                "baseLength": 12,
                "lifetime": 85,
                "colorFrom": "D24A4A",
                "colorTo": "D24A4A",
                "interp": "pow5Out",
                "sizeInterp": "pow10In"
              },
              {
                "type": "ParticleEffect",
                "particles": 7,
                "sizeFrom": 20,
                "sizeTo": 0,
                "length": 200,
                "baseLength": 12,
                "lifetime": 95,
                "colorFrom": "953137",
                "colorTo": "953137",
                "interp": "pow5Out",
                "sizeInterp": "pow10In"
              },
              {
                "type": "ParticleEffect",
                "particles": 1,
                "sizeFrom": 0,
                "sizeTo": 200,
                "sizeInterp": "pow5Out",
                "region": "黑暗纪元-渐变圆",
                "length": 0,
                "baseLength": 0,
                "lifetime": 100,
                "colorFrom": "D24A4A",
                "colorTo": "D24A4A00"
              },
              {
                "type": "ParticleEffect",
                "particles": 8,
                "line": true,
                "lenFrom": 95,
                "lenTo": 0,
                "length": 150,
                "strokeFrom": 5,
                "strokeTo": 0,
                "baseLength": 20,
                "lifetime": 115,
                "colorFrom": "FFC23F",
                "colorTo": "FFC23F50"
              }
            ]
          },
          "absorbable": false,
          "reflectable": false,
          "collides": false,
          "collidesTiles": false,
          "hitSound": "release",
          "hitShake": 12,
          "hitEffect": "none",
          "trailEffect": "none"
        }
      }
    },
    {
      "reload": 3600,
      "x": 0,
      "y": 0,
      "shootX": 0,
      "shootY": 35,
      "rotate": false,
      "shootCone": 1,
      "recoil": 0,
      "shake": 18,
      "shootSound": "laserblast",
      "chargeSound": "lasercharge",
      "shoot": {
        "firstShotDelay": 130
      },
      "shootStatusDuration": 150,
      "shootStatus": "unmoving",
      "bullet": {
        "type": "PointBulletType",
        "damage": 11225.9,
        "ammoMultiplier": 1,
        "hitSound": "BZ",
        "splashDamageRadius": 480,
        "splashDamage": 5560.1,
        "hitSoundVolume": 34,
        "lifetime": 1,
        "speed": 1578,
        "hitShake": 32,
        "buildingDamageMultiplier": 0.5,
        "despawnEffect": "none",
        "trailEffect": {
          "type": "ParticleEffect",
          "particles": 1,
          "baseLength": 0.1,
          "length": 0.1,
          "lifetime": 22,
          "line": true,
          "randLength": false,
          "lenFrom": 9,
          "lenTo": 9,
          "strokeFrom": 8,
          "strokeTo": 0,
          "colorFrom": "A22633",
          "colorTo": "E43B44",
          "cone": 0
        },
        "shootEffect": {
          "type": "MultiEffect",
          "effects": [
            {
              "type": "ParticleEffect",
              "particles": 27,
              "line": true,
              "strokeFrom": 8,
              "strokeTo": 0,
              "lenFrom": 30,
              "lenTo": 0,
              "length": 400,
              "baseLength": 10,
              "lifetime": 190,
              "colorFrom": "E43B4460",
              "colorTo": "E43B4460"
            },
            {
              "type": "WaveEffect",
              "particles": 1,
              "strokeFrom": 12,
              "strokeTo": 13,
              "sizeFrom": 0,
              "sizeTo": 300,
              "length": 0,
              "baseLength": 0,
              "lifetime": 200,
              "colorFrom": "A2263380",
              "colorTo": "A2263300"
            },
            {
              "type": "ParticleEffect",
              "particles": 25,
              "interp": "pow5In",
              "sizeInterp": "pow10Out",
              "sizeFrom": 23,
              "sizeTo": 0,
              "length": 420,
              "baseLength": 10,
              "lifetime": 155,
              "colorFrom": "A2263377",
              "colorTo": "A2263360"
            }
          ]
        },
        "hitEffect": {
          "type": "MultiEffect",
          "effects": [
            {
              "type": "WaveEffect",
              "particles": 1,
              "strokeFrom": 13,
              "strokeTo": 0,
              "sizeFrom": 0,
              "sizeTo": 200,
              "length": 0,
              "baseLength": 0,
              "lifetime": 60,
              "colorFrom": "A22633",
              "colorTo": "A22633"
            },
            {
              "type": "ParticleEffect",
              "particles": 44,
              "sizeFrom": 13,
              "sizeTo": 0,
              "length": 300,
              "baseLength": 100,
              "lifetime": 100,
              "colorFrom": "A22633",
              "colorTo": "E43B44",
              "layer": 118
            },
            {
              "type": "ParticleEffect",
              "particles": 1,
              "sizeFrom": 160,
              "sizeTo": 0,
              "interp": "pow5Out",
              "sizeInterp": "pow10In",
              "length": 0,
              "baseLength": 0,
              "lifetime": 180,
              "colorFrom": "E43B4400",
              "colorTo": "A22633",
              "layer": 119
            },
            {
              "type": "ParticleEffect",
              "particles": 10,
              "sizeFrom": 160,
              "sizeTo": 0,
              "interp": "pow5Out",
              "sizeInterp": "pow10In",
              "length": 0,
              "baseLength": 0,
              "lifetime": 180,
              "colorFrom": "00000000",
              "colorTo": "000000",
              "layer": 117
            }
          ]
        },
        "chargeEffect": {
          "type": "MultiEffect",
          "effects": [
            {
              "type": "WaveEffect",
              "particles": 1,
              "strokeFrom": 15,
              "strokeTo": 0,
              "sizeFrom": 300,
              "sizeTo": 0,
              "length": 0,
              "baseLength": 0,
              "lifetime": 110,
              "colorFrom": "A2263300",
              "colorTo": "A22633"
            },
            {
              "type": "ParticleEffect",
              "particles": 31,
              "sizeFrom": 21,
              "sizeTo": 0,
              "length": -330,
              "baseLength": 330,
              "sizeInterp": "pow5Out",
              "lifetime": 90,
              "colorFrom": "A2263310",
              "colorTo": "A22633"
            },
            {
              "type": "ParticleEffect",
              "particles": 10,
              "line": true,
              "lenFrom": 35,
              "lenTo": 0,
              "length": -250,
              "strokeFrom": 5,
              "strokeTo": 0,
              "interp": "fastSlow",
              "baseLength": 250,
              "lifetime": 90,
              "colorFrom": "E43B4450",
              "colorTo": "E43B44"
            }
          ]
        },
        "fragBullets": 1,
        "fragVelocityMin": 1,
        "fragAngle": 0,
        "fragRandomSpread": 0,
        "fragBullet": {
          "speed": 0,
          "damage": 666,
          "lifetime": 180,
          "width": 0,
          "height": 0,
          "despawnEffect": "none",
          "collidesGround": false,
          "collidesAir": false,
          "absorbable": false,
          "reflectable": false,
          "hittable": false,
          "collides": false,
          "hitBuildings": false,
          "hitUnits": false,
          "collidesTiles": false,
          "hitSound": "none",
          "hitEffect": "none",
          "trailEffect": "none",
          "bulletInterval": 1,
          "intervalBullets": 1,
          "intervalBullet": {
            "speed": 0,
            "damage": 3000,
            "lifetime": 0,
            "width": 0,
            "height": 0,
            "despawnEffect": "none",
            "splashDamageRadius": 400,
            "splashDamage": 690,
            "absorbable": false,
            "reflectable": false,
            "hittable": false,
            "collides": false,
            "hitBuildings": false,
            "hitUnits": false,
            "collidesTiles": false,
            "hitSound": "none",
            "hitEffect": "none",
            "trailEffect": "none",
            "fragBullets": 1,
            "fragVelocityMin": 0.4,
            "fragVelocityMax": 1.1,
            "fragLifeMin": 0.3,
            "fragLifeMax": 1.2,
            "fragBullet": {
              "type": "PointBulletType",
              "speed": 1000,
              "damage": 999,
              "lifetime": 1,
              "hitShake": 13,
              "hitSound": "plasmaboom",
              "width": 0,
              "height": 0,
              "despawnEffect": {
                "type": "MultiEffect",
                "effects": [
                  {
                    "type": "WaveEffect",
                    "particles": 1,
                    "strokeFrom": 15,
                    "strokeTo": 1,
                    "sizeFrom": 300,
                    "sizeTo": 0,
                    "length": 0,
                    "baseLength": 0,
                    "lifetime": 60,
                    "colorFrom": "D24A4A",
                    "colorTo": "D24A4A00"
                  },
                  {
                    "type": "ParticleEffect",
                    "particles": 1,
                    "sizeFrom": 0,
                    "sizeTo": 150,
                    "length": 0,
                    "baseLength": 0,
                    "lifetime": 60,
                    "colorFrom": "D24A4A",
                    "colorTo": "D24A4A",
                    "sizeInterp": "slope",
                    "layer": 109
                  },
                  {
                    "type": "ParticleEffect",
                    "particles": 1,
                    "sizeFrom": 0,
                    "sizeTo": 50,
                    "length": 0,
                    "baseLength": 0,
                    "lifetime": 60,
                    "colorFrom": "ED7474",
                    "colorTo": "ED7474",
                    "sizeInterp": "slope",
                    "layer": 110
                  }
                ]
              },
              "collidesGround": false,
              "collidesAir": false,
              "absorbable": false,
              "reflectable": false,
              "hittable": false,
              "collides": false,
              "hitBuildings": false,
              "hitUnits": false,
              "collidesTiles": false,
              "hitEffect": "none",
              "trailEffect": "none",
              "fragBullets": 1,
              "fragVelocityMin": 1,
              "fragAngle": 0,
              "fragRandomSpread": 0,
              "fragBullet": {
                "damage": 1190,
                "splashDamageRadius": 120,
                "splashDamage": 998,
                "lifetime": 60,
                "width": 0,
                "height": 0,
                "despawnEffect": {
                  "type": "MultiEffect",
                  "effects": [
                    {
                      "type": "WaveEffect",
                      "particles": 1,
                      "strokeFrom": 5,
                      "strokeTo": 5,
                      "sizeFrom": 0,
                      "sizeTo": 200,
                      "length": 0,
                      "baseLength": 0,
                      "lifetime": 100,
                      "colorFrom": "D24A4A",
                      "colorTo": "D24A4A00"
                    },
                    {
                      "type": "ParticleEffect",
                      "particles": 8,
                      "sizeFrom": 8,
                      "sizeTo": 0,
                      "length": 200,
                      "baseLength": 12,
                      "lifetime": 85,
                      "colorFrom": "D24A4A",
                      "colorTo": "D24A4A",
                      "interp": "pow5Out",
                      "sizeInterp": "pow10In"
                    },
                    {
                      "type": "ParticleEffect",
                      "particles": 7,
                      "sizeFrom": 20,
                      "sizeTo": 0,
                      "length": 200,
                      "baseLength": 12,
                      "lifetime": 95,
                      "colorFrom": "953137",
                      "colorTo": "953137",
                      "interp": "pow5Out",
                      "sizeInterp": "pow10In"
                    },
                    {
                      "type": "ParticleEffect",
                      "particles": 1,
                      "sizeFrom": 180,
                      "sizeTo": 200,
                      "sizeInterp": "pow5Out",
                      "region": "黑暗纪元-气",
                      "spin": 9,
                      "length": 0,
                      "baseLength": 0,
                      "lifetime": 100,
                      "colorFrom": "D24A4A",
                      "colorTo": "D24A4A00"
                    },
                    {
                      "type": "ParticleEffect",
                      "particles": 8,
                      "line": true,
                      "lenFrom": 95,
                      "lenTo": 0,
                      "length": 150,
                      "strokeFrom": 5,
                      "strokeTo": 0,
                      "baseLength": 20,
                      "lifetime": 115,
                      "colorFrom": "FFC23F",
                      "colorTo": "FFC23F50"
                    }
                  ]
                },
                "absorbable": false,
                "reflectable": false,
                "collides": false,
                "collidesTiles": false,
                "hitSound": "release",
                "hitShake": 34,
                "hitEffect": "none",
                "trailEffect": "none"
              }
            }
          }
        }
      }
    },
    {
      "name": "血光4",
      "type": "PointDefenseWeapon",
      "x": 32,
      "y": 131,
      "mirror": true,
      "recoil": 0,
      "rotateSpeed": 1,
      "reload": 2,
      "targetInterval": 2,
      "targetSwitchInterval": 2,
      "shootStatusDuration": 1800,
      "shootStatus": "神圣",
      "shoot": {
        "shots": 1
      },
      "bullet": {
        "speed": 705,
        "lifetime": 1,
        "shootEffect": "none",
        "hitEffect": {
          "type": "ParticleEffect",
          "particles": 5,
          "sizeFrom": 6,
          "sizeTo": 0,
          "length": 80,
          "baseLength": 0,
          "lifetime": 20,
          "colorFrom": "E43B44",
          "colorTo": "E43B44"
        },
        "maxRange": 705,
        "damage": 431
      }
    },
    {
      "name": "血光4",
      "type": "PointDefenseWeapon",
      "x": 31,
      "y": -4,
      "mirror": true,
      "recoil": 0,
      "rotateSpeed": 1,
      "reload": 2,
      "targetInterval": 2,
      "targetSwitchInterval": 2,
      "shootStatusDuration": 1800,
      "shootStatus": "神圣",
      "shoot": {
        "shots": 1
      },
      "bullet": {
        "speed": 705,
        "lifetime": 1,
        "shootEffect": "none",
        "hitEffect": {
          "type": "ParticleEffect",
          "particles": 5,
          "sizeFrom": 6,
          "sizeTo": 0,
          "length": 80,
          "baseLength": 0,
          "lifetime": 20,
          "colorFrom": "E43B44",
          "colorTo": "E43B44"
        },
        "maxRange": 705,
        "damage": 431
      }
    },
    {
      "reload": 9999999,
      "x": 0,
      "y": 0,
      "rotate": false,
      "shootCone": 360,
      "ejectEffect": "none",
      "mirror": false,
      "inaccuracy": 0,
      "alternate": true,
      "top": false,
      "shootOnDeath": true,
      "shootStatusDuration": 60,
      "shootStatus": "伤害提升",
      "bullet": {
        "damage": 99871.3,
        "splashDamage": 80984,
        "splashDamageRadius": 1200,
        "buildingDamageMultiplier": 6,
        "instantDisappear": true,
        "pierce": true,
        "pierceArmor": true,
        "pierceBuilding": true,
        "splashDamagePierce": true,
        "despawnEffect": "none",
        "speed": 0,
        "hitShake": 110,
        "hitSound": "BZ3",
        "hitSoundVolume": 19,
        "lifetime": 1,
        "hitEffect": {
          "type": "MultiEffect",
          "effects": [
            {
              "type": "WaveEffect",
              "particles": 1,
              "strokeFrom": 35,
              "strokeTo": 0,
              "sizeFrom": 0,
              "sizeTo": 1210,
              "length": 0,
              "baseLength": 0,
              "lifetime": 310,
              "colorFrom": "A22633",
              "colorTo": "E43B44"
            },
            {
              "type": "ParticleEffect",
              "particles": 75,
              "sizeFrom": 50,
              "sizeTo": 0,
              "length": 1200,
              "baseLength": 0,
              "interp": "pow5Out",
              "sizeInterp": "pow10In",
              "lifetime": 1330,
              "colorFrom": "A22633",
              "colorTo": "A22633",
              "layer": 120
            },
            {
              "type": "ParticleEffect",
              "particles": 65,
              "sizeFrom": 60,
              "sizeTo": 0,
              "interp": "pow5Out",
              "sizeInterp": "pow10In",
              "length": 1300,
              "baseLength": 20,
              "lifetime": 1380,
              "colorFrom": "E43B44",
              "colorTo": "E43B44",
              "layer": 119
            },
            {
              "type": "ParticleEffect",
              "particles": 75,
              "sizeFrom": 23,
              "sizeTo": 0,
              "interp": "pow5Out",
              "sizeInterp": "pow10In",
              "length": 1400,
              "baseLength": 20,
              "lifetime": 1580,
              "colorFrom": "E43B44",
              "colorTo": "E43B44",
              "layer": 119
            },
            {
              "type": "ParticleEffect",
              "particles": 85,
              "sizeFrom": 16,
              "sizeTo": 0,
              "length": 1300,
              "baseLength": 0,
              "interp": "pow5Out",
              "sizeInterp": "pow10In",
              "lifetime": 1430,
              "colorFrom": "A22633",
              "colorTo": "A22633",
              "layer": 120
            },
            {
              "type": "ParticleEffect",
              "particles": 64,
              "line": true,
              "lenFrom": 95,
              "lenTo": 0,
              "length": 1500,
              "strokeFrom": 25,
              "strokeTo": 20,
              "baseLength": 100,
              "lifetime": 1445,
              "colorFrom": "E43B44",
              "colorTo": "A2263350"
            }
          ]
        },
        "fragBullets": 360,
        "fragVelocityMin": 0.8,
        "fragVelocityMax": 2,
        "fragLifeMin": 0.8,
        "fragLifeMax": 2,
        "fragBullet": {
          "damage": 56543,
          "splashDamageRadius": 80,
          "splashDamage": 9222.2,
          "buildingDamageMultiplier": 12,
          "hitSound": "shockBlast",
          "lifetime": 285,
          "speed": 10,
          "hitShake": 6,
          "despawnEffect": "none",
          "hitSoundVolume": 34,
          "backColor": "E43B44",
          "frontColor": "A22633",
          "shrinkX": 0,
          "shrinkY": 0,
          "width": 16,
          "height": 16,
          "weaveScale": 6,
          "weaveMag": 2.5,
          "homingDelay": 15,
          "homingPower": 0.1,
          "homingRange": 540,
          "status": "slow",
          "statusDuration": 600,
          "sprite": "黑暗纪元-新星",
          "trailLength": 14,
          "trailWidth": 6,
          "trailColor": "A22633",
          "hitEffect": {
            "type": "MultiEffect",
            "effects": [
              {
                "type": "WaveEffect",
                "particles": 1,
                "strokeFrom": 9,
                "strokeTo": 0,
                "sizeFrom": 0,
                "sizeTo": 80,
                "length": 0,
                "baseLength": 0,
                "lifetime": 30,
                "colorFrom": "A22633",
                "colorTo": "E43B44"
              },
              {
                "type": "ParticleEffect",
                "particles": 11,
                "sizeFrom": 12,
                "sizeTo": 0,
                "length": 90,
                "baseLength": 0,
                "interp": "pow5Out",
                "sizeInterp": "pow10In",
                "lifetime": 90,
                "colorFrom": "A22633",
                "colorTo": "A22633",
                "layer": 120
              },
              {
                "type": "ParticleEffect",
                "particles": 22,
                "sizeFrom": 19,
                "sizeTo": 0,
                "interp": "pow5Out",
                "sizeInterp": "pow10In",
                "length": 110,
                "baseLength": 0,
                "lifetime": 110,
                "colorFrom": "E43B44",
                "colorTo": "E43B44",
                "layer": 119
              },
              {
                "type": "WrapEffect",
                "effect": "dynamicSpikes",
                "color": "A22633",
                "rotation": 80
              }
            ]
          }
        }
      }
    }
  ],
  "research": {
    "parent": "血色公约"
  }
}