{
"name":"八岐",
"type":"legs",
"drag":0.3,
"speed":0.65,
"hitSize":66,
"health":377120,
"armor":145,
"legCount":8
"legMoveSpace":0.8
"legPairOffset":3//腿部配对偏移？
"legLength":95
"legExtension":2//腿部延伸
"legBaseOffset":5
"stepShake":1
"legLengthScl":0.95
"rippleScale":3
"legSpeed":0.15
"hovering": true,
"allowLegStep": true,
"range": 480,
"shadowElevation":1.12,//影子偏移
		"abilities": [
		{
		"type": "StatusFieldAbility",
		"duration": 1200,
		"reload": 1200,
		"range": 175,
		"applyEffect": "none",
		"activeEffect": {
		"type": "ParticleEffect",
		"particles": 8,
		"line":true
		"lenFrom": 55,
		"lenTo": 55
		"length": 275,
		"interp": "pow10Out",
		"sizeInterp": "pow5In",
		"strokeFrom": 19,
		"strokeTo": 0,
		"baseLength": 0,
		"lifetime": 200,
		"colorFrom": "B894F2",
		"colorTo": "B894F2"
		}
		"effect": "overdrive"
		},
		{
		"type": "StatusFieldAbility",
		"duration": 1200,
		"reload": 1200,
		"range": 175,
		"applyEffect": "none",
		"activeEffect": {
		"type": "ParticleEffect",
		"particles": 8,
		"line":true
		"lenFrom": 55,
		"lenTo": 55
		"length": 275,
		"interp": "pow10Out",
		"sizeInterp": "pow5In",
		"strokeFrom": 19,
		"strokeTo": 0,
		"baseLength": 0,
		"lifetime": 200,
		"colorFrom": "B894F2",
		"colorTo": "B894F2"
		}
		"effect": "overclock"
		}
	]
	"immunities": [
	"blasted","burning","freezing","melting","disarmed","sapped",
	"破防","疑惑","污染","空间混乱","瘫痪","延迟","虚弱",
	],
"research": {
"parent": "海蛟",
/*"objectives": [
{
"type": "SectorComplete",
"preset": "涯光岛"
}
]*/
},
"requirements": {
		"block": "瀚量级单位进阶工厂",
		"previous": "海蛟"
	},
	"weapons": [
	{
	"name": "八岐2",
	"x":15
	"y":-2.8
	"mirror": true,
	"top":true
	"alternate": true,
	"recoil": 3.14,
	"rotateSpeed": 2,
	"reload": 120,
	"shootSound":"Shoot2"
	"shoot": {
	"firstShotDelay": 35,
	}
	"bullet": {
	"damage": 992,
	"speed":15
	"lifetime":200
	"drag":0.007
	"width":12,
	"height":12,
	"absorbable":false,
	"reflectable":false,
	"collidesTiles": false,
	"splashDamageRadius": 100,
	"splashDamage": 621.3,
	"buildingDamageMultiplier": 1.5,
	"sprite":"circle-bullet"
	"knockback":15
	"hitShake":20
	"trailLength": 23.7,
	"trailWidth": 4,
	"trailColor": "B894F2",
	"backColor":"B894F2",
	"frontColor":"645C9B",
	"shrinkX":0
	"shrinkY":0
	"status": "腐化",
	"statusDuration": 360
	"hitEffect":{
	"type": "MultiEffect",
	"effects": [
	{
	"type": "WaveEffect",
	"particles": 1,
	"strokeFrom": 12,
	"strokeTo": 0,
	"sizeFrom": 50,
	"sizeTo": 100,
	"length": 0,
	"baseLength": 0,
	"lifetime": 40,
	"colorFrom": "B894F2",
	"colorTo": "B894F2"
	},
	{
	"type": "ParticleEffect",
	"particles": 12,
	"sizeFrom": 18
	"sizeTo": 0,
	"length": 110,
	"baseLength": 0,
	"lifetime": 60,
	"colorFrom": "B894F2",
	"colorTo": "B894F2",
	},
	{
	"type": "ParticleEffect",
	"particles": 8,
	"sizeFrom": 25,
	"sizeTo": 0,
	"interp": "pow5Out",
	"sizeInterp": "pow10In",
	"length": 100,
	"baseLength": 10,
	"lifetime": 80,
	"colorFrom": "645C9B",
	"colorTo": "645C9B",
	}
]
}
		"hitSound":"BZ2"
		"bulletInterval":1
		"intervalBullets":3
		"intervalSpread":137.5006
		"intervalBullet":{
		"type": "ShrapnelBulletType",
		"length": 60,
		"damage": 250,
		"width": 8,
		"lifetime":5
		"fromColor": "B894F2",
		"toColor": "B894F2",
		"hitSound":"shotgun"
		"status": "虚弱",
		"statusDuration": 400
		}
	}
},
	{
	"name": "八岐1",
	"x":24
	"y":12.5
	"mirror": true,
	"top":true
	"alternate": true,
	"recoil": 2,
	"rotateSpeed": 2,
	"reload": 85,
	"shootSound":"cannon"
	"inaccuracy": 12,
	"shoot": {
	"shots": 18
	"shotDelay": 3
	}
	"bullet": {
	"damage": 662,
	"speed":30
	"lifetime":22
	"width":6,
	"height":6,
	"absorbable":false,
	"hittable":false,
	"sprite":"circle-bullet"
	"backColor":"B894F2",
	"frontColor":"645C9B",
	"trailLength": 13.7,
	"trailWidth": 2,
	"trailColor": "B894F2",
	"knockback":6
	"hitShake":4
	"despawnEffect":{
	"type": "ParticleEffect",
	"particles": 4,
	"line":true
	"lenFrom": 25,
	"lenTo": 15
	"interp": "pow10Out",
	"sizeInterp": "pow5In",
	"length": 50,
	"strokeFrom": 3,
	"strokeTo": 0,
	"baseLength": 0,
	"lifetime": 45,
	"colorFrom": "B894F2",
	"colorTo": "B894F2"
	},
	"shrinkX":0
	"shrinkY":0
	"status": "sapped",
	"statusDuration": 125
	"hitSound":"shootAlt"
	"fragBullets":9
	"fragBullet":{
	"speed": 7,
	"lifetime": 10,
	"shrinkX":0
	"shrinkY":0
	"width": 3,
	"height": 3,
	"damage": 178
	"backColor":"B894F2",
	"frontColor":"645C9B",
	"despawnEffect":{
	"type": "ParticleEffect",
	"particles": 4,
	"line":true
	"lenFrom": 5,
	"lenTo": 15
	"length": 50,
	"interp": "pow10Out",
	"sizeInterp": "pow5In",
	"strokeFrom": 3,
	"strokeTo": 0,
	"baseLength": 0,
	"lifetime": 45,
	"colorFrom": "B894F2",
	"colorTo": "B894F2"
	}
	"trailLength": 8,
	"trailWidth": 1,
	"trailColor": "B894F2",
	"sprite":"circle-bullet"
	"hitSound":"bang"
	}
}
}
{
	"top":false,
	"reload": 99999999,
	"x": 0,
	"y": 0,
	"shootY": 0,
	"shootX": 0,
	"mirror": false,
	"alternate": true,
	"rotate": true,
	"recoil": 0,
	"recoilTime":0
	"shootCone":360
	"inaccuracy": 0,
	"shootOnDeath": true,
	"shootSound":"none"
	"bullet": {
	"damage": 1992,
	"speed":0
	"lifetime":300
	"width":24,
	"height":24,
	"absorbable":false,
	"reflectable":false,
	"absorbable":false,
	"hittable":false,
	"collidesTiles": false,
	"splashDamageRadius": 460,
	"splashDamage": 1621.3,
	"buildingDamageMultiplier": 1.5,
	"sprite":"circle-bullet"
	"knockback":15
	"hitShake":40
	"trailLength": 40,
	"trailWidth": 2,
	"trailColor": "B894F2",
	"trailChance": 1,
	"trailInterval": 16,
	"trailEffect": {
	"type": "MultiEffect",
	"effects": [
	{
	"type": "ParticleEffect",
	"particles": 2,
	"sizeFrom": 40,
	"sizeTo": 20,
	"interp": "pow3In",
	"sizeInterp": "pow5Out",
	"region":"黑暗纪元-斜正方",
	"length": -380,
	"baseLength": 380,
	"lifetime": 80,
	"colorFrom": "B894F200",
	"colorTo": "B894F2",
	},
	{
	"type": "ParticleEffect",
	"particles": 2,
	"line":true
	"lenFrom": 35,
	"lenTo": 24
	"length": -390,
	"interp": "pow3In",
	"sizeInterp": "pow5Out",
	"strokeFrom": 8,
	"strokeTo": 0,
	"baseLength": 410,
	"lifetime": 85,
	"colorFrom": "645C9B00",
	"colorTo": "B894F290"
	}
]
},
	"backColor":"B894F2",
	"frontColor":"645C9B",
	"shrinkX":0
	"shrinkY":0
	"status": "腐化",
	"statusDuration": 600
	"despawnEffect":{
	"type": "MultiEffect",
	"effects": [
	{
	"type": "WaveEffect",
	"particles": 1,
	"strokeFrom": 12,
	"strokeTo": 0,
	"sizeFrom": 80,
	"sizeTo": 460,
	"length": 0,
	"baseLength": 0,
	"lifetime": 140,
	"colorFrom": "B894F2",
	"colorTo": "B894F2"
	},
	{
	"type": "ParticleEffect",
	"particles": 19,
	"sizeFrom": 23
	"sizeTo": 0,
	"region":"黑暗纪元-斜正方"
	"length": 480,
	"baseLength": 0,
	"lifetime": 160,
	"colorFrom": "B894F2",
	"colorTo": "B894F2",
	},
	{
	"type": "ParticleEffect",
	"particles": 18,
	"sizeFrom": 55,
	"sizeTo": 0,
	"interp": "pow5Out",
	"sizeInterp": "pow10In",
	"length": 470,
	"baseLength": 10,
	"lifetime": 170,
	"colorFrom": "645C9B",
	"colorTo": "645C9B",
	}
]
}
		"hitSound":"BZ"
		"bulletInterval":1
		"intervalBullets":5
		"intervalSpread":137.5006
		"intervalBullet":{
		"type": "ShrapnelBulletType",
		"length": 300,
		"damage": 760,
		"width": 20,
		"lifetime":5
		"fromColor": "B894F2",
		"toColor": "B894F2",
		"hitSound":"shotgun"
		"status": "虚弱",
		"statusDuration": 400
		}
	}
},
]
}