{
"name":"种子"
"type":"legs"
"drag":0.1,
"speed":0.56,
"hitSize":7,
"health":230,
"armor":2,
"rotateSpeed":2,
"lockLegBase": true,//基座腿锁定
"legContinuousMove": true,//持续移动
"legStraightness":0.6,//腿之间的偏离
"baseLegStraightness":0.5,//基座腿之间的偏离
"legCount":6,//腿部数量
"legLength":13,//腿总长
"legForwardScl": 2.1,//移动时腿部拉伸的距离倍数
"legMoveSpace": 1.09,//腿部移动距离
"rippleScale":1,//腿踩在水里的波纹大小
"stepShake":0,//腿落造成的振动
"legGroupSize":9,//腿组大小？
"legExtension":1,//腿部伸展
"legBaseOffset":0.5//腿离主体的距离
"legStraightLength":9,//？
"ammoType": "钴",
"legSplashDamage":28,//腿的爆炸伤害
"legSplashRange": 16,//爆炸范围
"drownTimeMultiplier": 2,//被淹死的时长倍率？
"hovering": true,//跨越建筑
"shadowElevation":0.4,//影子偏移
"targetAir":false,
"alwaysShootWhenMoving": true//移动射击
"research": "crawler",
	"weapons": [
		{
			"name": "种子1",
			"x": 0,
			"y": 0,
			"mirror": false,
			"reload": 60,
			"shootSound": "bolt",
			"rotate": true,
			"inaccuracy": 0,
			"recoil": 1,
			"bullet": {
			"type": "BasicBulletType",
			"damage": 24,
			"speed":4,
			"lifetime":60
			"sprite": "circle-bullet",
			"width": 7,
			"height": 7,
			"splashDamageRadius": 9.8,
			"hitSound": "boom",
			"shrinkX":0
			"shrinkY":0
			"knockback": 4,
			"backColor":"EB9494",
			"frontColor":"DE5D70",
			"fragBullets":6,
			"fragLifeMin": 1,
			"fragLifeMax": 2,
			"fragSpread":137.5,
			"fragBullet":{
			"damage": 9.5,
			"speed":4,
			"lifetime":10
			"sprite": "circle-bullet",
			"width": 5,
			"height": 5,
			"splashDamageRadius": 9.8,
			"hitSound": "boom",
			"shrinkX":0
			"shrinkY":0
			"knockback": 1.8,
			"backColor":"EB9494",
			"frontColor":"DE5D70",
			"hitEffect":{
			"type": "MultiEffect",
		"effects": [
		{
		"type": "WaveEffect",
		"particles": 1,
		"strokeFrom": 2,
		"strokeTo": 1,
		"sizeFrom": 0,
		"sizeTo": 5,
		"length": 0,
		"baseLength": 0,
		"lifetime": 10,
		"colorFrom": "FFFFFF",
		"colorTo": "FFFFFF40"
		},
		{
		"type": "ParticleEffect",
		"particles": 4,
		"sizeFrom": 3,
		"sizeTo": 0,
		"region": "黑暗纪元-120正",
		"spin": -1.5,
		"length": 10,
		"baseLength": 0,
		"lifetime": 30,
		"colorFrom": "FFFFFF",
		"colorTo": "EB949450",
		},
		{
		"type": "ParticleEffect",
		"particles": 2,
		"sizeFrom": 3,
		"sizeTo": 0,
		"region": "黑暗纪元-60斜",
		"spin": 2,
		"length": 10,
		"baseLength": 0,
		"lifetime": 30,
		"colorFrom": "FFFFFF",
		"colorTo": "EB949450",
		},
	]
}
}
}
}
]
}