{
	"name": "超相",
	"color": "FFD494",
	"speedMultiplier": 3,
	"healthMultiplier": 0.4,
	"reloadMultiplier": 2.5,
	"damageMultiplier": 0.45,
	"effectChance": 0.1,
	"effect": {
	"type": "MultiEffect",
	"effects": [
	{
	"type": "ParticleEffect",
	"particles": 1,
	"region":"黑暗纪元-圈"
	"interp": "fastSlow",
	"sizeFrom": 15
	"sizeTo": 0,
	"length": 0,
	"baseLength": 0,
	"lifetime": 60,
	"colorFrom": "FFD494",
	"colorTo": "C1A070",
	}
]
}
	"transitionDamage": 34000,
    "affinities": [
    "溃解"
    ],
}