{
    "type": "payload",
	"name": "神佑",
	"controller": "FlyingFollowAI",
	"payloadCapacity": 11298,
	"rotateSpeed": 1.21,
	"speed": 0.6,
	"drag":0.02
	"accel":0.1
	"immunities": [
	"blasted","burning","freezing","melting","disarmed","sapped",
	"破防","疑惑","污染","空间混乱","瘫痪","延迟","虚弱",
	],
	"hitSize": 115,//碰撞体积
	"flying": true,
	"lowAltitude": true
	"health": 423900,
	"itemCapacity": 4200,
	"itemOffsetY": 0,
	"mineSpeed": 56.5,
	"mineTier": 250,
	"mineRange": 600,
	"buildRange": 680,
	"buildSpeed": 12.6,
	"buildBeamOffset": 22,
	"armor": 153,
	"ammoType": {
	"type": "PowerAmmoType",
	"totalPower": 54000
	}
	"engines": [
		{
			"x": 0,
			"y": -64,
			"radius": 23,
			"rotation": 90
		}
	],
	"research": {
"parent": "穹顶",
/*"objectives": [
{
"type": "SectorComplete",
"preset": "尼斯海峡-风暴区"
}
]*/
},
	"requirements": {
		"block": "瀚量级单位进阶工厂",
		"previous": "穹顶"
		},
		"abilities": [
		{
		"type": "ForceFieldAbility",
		"sides": 32,
		"radius": 380,
		"regen": 420,
		"max": 33560,
		"cooldown": 1000
		},
		{
		"type": "StatusFieldAbility",
		"duration": 800,
		"reload": 750,
		"range": 600,
		"applyEffect": "none",
		"activeEffect": {
		"type": "WaveEffect",
		"lifetime": 20,
		"sizeFrom": 24,
		"sizeTo": 600,
		"strokeFrom": 2,
		"strokeTo": 22,
		"interp": "fastSlow",
		"colorFrom": "A0F19B",
		"colorTo": "FFFFFF07"
		},
		"effect": "护佑"
		},
		{
		"type": "RepairFieldAbility",
		"amount": 12000,
		"reload": 300,
		"range": 500,
		"healEffect": "none",
		"activeEffect": {
	"type": "ParticleEffect",
	"particles": 15,
	"sizeFrom": 54,
	"sizeTo": 32,
	"interp": "pow3In",
	"sizeInterp": "pow5Out",
	"length": -500,
	"baseLength": 500,
	"lifetime": 180,
	"colorFrom": "A0F19B00",
	"colorTo": "A0F19B",
	},
	}
	{
	"type": "EnergyFieldAbility",
	"damage": 275,
	"reload": 75,
	"range": 450,
	"healPercent": 5,
	"sameTypeHealMult": 1.2,
	"effectRadius": 5,
	"sectors": 4,
	"sectorRad": 0.05,
	"rotateSpeed": 1,
	"color": "A0F19B",
	"hitEffect": {
	"type": "ParticleEffect",
	"particles": 5,
	"line": true,
	"length": 85,
	"baseLength": 0,
	"lifetime": 15,
	"colorFrom": "A0F19B",
	"colorTo": "A0F19B"
},
	"damageEffect": "chainLightning",
	"shootSound": "spark",
	"x": 0,
	"y": 34,
	"targetGround": true,
	"targetAir": true,
	"hitBuildings": false,
	"hitUnits": true,
	"maxTargets": 90
	}
],
	"weapons": [
	{
	"name": "神佑1",
	"x": 32,
	"y": 6,
	"recoil": 3,
	"shootX": 0,
	"shootY": 4,
	"reload": 180,
	"xRand":0
	"top": true,
	"rotate": true,
	"shootSound": "malignShoot",
	"alternate": true,
	"mirror": true
	"shootStatusDuration": 105,
	"shootStatus": "神圣",
	"healPercent":1
	"shoot": {
	"shots": 3,
	"shotDelay": 5
	},
	"bullet": {
	"damage": 646,
	"lifetime":90
	"pierce":true
	"hitSound":"none"
	"weaveScale": 3,
	"weaveMag": 1,
	"width":12,
	"height":12,
	"speed":10
	"shrinkX":0
	"shrinkY":0
	"sprite":"large-orb"
	"despawnEffect":"none"
	"backColor":"A0F19B",
	"frontColor":"A0F19B",
	"trailLength": 12,
	"trailWidth": 6,
	"trailColor": "A0F19B",
	"hitBuildings": true,
	"hitUnits": true
	"reflectable":false,
	"hittable":false,
	"healPercent":10
	"pierceArmor": true,
	"buildingDamageMultiplier": 0.8,
	"fragBullets":6,
	"fragLifeMin": 1,
	"fragLifeMax": 2,
	"fragCone":360
	"fragBullet":{
	"damage": 459,
	"lifetime":60
	"pierce":true
	"hitSound":"none"
	"weaveScale": 3,
	"weaveMag": 1.5,
	"width":8,
	"height":8,
	"speed":3
	"shrinkX":0
	"shrinkY":0
	"sprite":"large-orb"
	"despawnEffect":"none"
	"backColor":"A0F19B",
	"frontColor":"A0F19B",
	"trailLength": 8,
	"trailWidth": 4,
	"trailColor": "A0F19B",
	"hitBuildings": true,
	"hitUnits": true
	"healPercent":5
	"pierceArmor": true,
	"buildingDamageMultiplier": 0.8,
	"homingDelay": 12,
	"homingPower": 0.01,
	"homingRange": 80,
	"pierce": true,
	}
}
}
{
	"name": "神佑1",
	"x": 54,
	"y": 12,
	"recoil": 3,
	"shootX": 0,
	"shootY": 4,
	"reload": 180,
	"xRand":0
	"top": true,
	"rotate": true,
	"shootSound": "malignShoot",
	"alternate": true,
	"mirror": true
	"shootStatusDuration": 105,
	"shootStatus": "神圣",
	"healPercent":1
	"shoot": {
	"shots": 3,
	"firstShotDelay": 15
	"shotDelay":5
	},
	"bullet": {
	"damage": 646,
	"lifetime":90
	"pierce":true
	"hitSound":"none"
	"weaveScale": 3,
	"weaveMag": 1,
	"width":12,
	"height":12,
	"speed":10
	"shrinkX":0
	"shrinkY":0
	"sprite":"large-orb"
	"despawnEffect":"none"
	"backColor":"A0F19B",
	"frontColor":"A0F19B",
	"trailLength": 12,
	"trailWidth": 6,
	"trailColor": "A0F19B",
	"hitBuildings": true,
	"hitUnits": true
	"reflectable":false,
	"hittable":false,
	"healPercent":10
	"pierceArmor": true,
	"buildingDamageMultiplier": 0.8,
	"fragBullets":6,
	"fragLifeMin": 1,
	"fragLifeMax": 2,
	"fragCone":360
	"fragBullet":{
	"damage": 459,
	"lifetime":60
	"pierce":true
	"hitSound":"none"
	"weaveScale": 3,
	"weaveMag": 1.5,
	"width":8,
	"height":8,
	"speed":3
	"shrinkX":0
	"shrinkY":0
	"sprite":"large-orb"
	"despawnEffect":"none"
	"backColor":"A0F19B",
	"frontColor":"A0F19B",
	"trailLength": 8,
	"trailWidth": 4,
	"trailColor": "A0F19B",
	"hitBuildings": true,
	"hitUnits": true
	"healPercent":5
	"pierceArmor": true,
	"buildingDamageMultiplier": 0.8,
	"homingDelay": 12,
	"homingPower": 0.01,
	"homingRange": 80,
	"pierce": true,
	}
}
}
{
	"x": 0,
	"y": 22,
	"recoil": 0,
	"shootX": 0,
	"shootY": 0,
	"reload": 1200,
	"xRand":0
	"top": true,
	"rotate": true,
	"shootSound": "malignShoot",
	"alternate": false,
	"mirror": false
	"shootStatusDuration": 1300,
	"shootStatus": "保护",
	"bullet": {
	"damage": 990,
	"lifetime":180
	"hitSound":"none"
	"width":20,
	"height":20,
	"speed":5
	"shrinkX":0
	"shrinkY":0
	"backColor":"A0F19B",
	"frontColor":"A0F19B",
	"sprite":"large-orb"
	"trailLength": 32,
	"trailWidth": 10,
	"trailColor": "A0F19B",
	"despawnEffect":"none"
	"hitEffect":{
	"type": "MultiEffect",
	"effects": [
	{
	"type": "ParticleEffect",
	"particles": 1,
	"sizeFrom": 700
	"sizeTo": 0,
	"length": 0,
	"baseLength": 0,
	"lifetime": 60,
	"colorFrom": "00000000",
	"colorTo": "FFFFF20",
	},
	{
	"type": "WaveEffect",
	"particles": 1,
	"strokeFrom": 25,
	"strokeTo": 0,
	"sizeFrom": 700,
	"sizeTo": 0,
	"length": 0,
	"baseLength": 0,
	"lifetime": 60,
	"colorFrom": "A0F19B00",
	"colorTo": "74AC83"
	},
]
}
	"hitBuildings": false,
	"absorbable":false,
	"reflectable":false,
	"hittable":false,
	"hitUnits": true
	"buildingDamageMultiplier": 1.2,
	"fragBullets":1,
	"fragLifeMin": 1,
	"fragLifeMax": 1,
	"fragBullet":{
	"parts": [
{
"type": "HaloPart",
"shapes": 4,
"color": "FFFFFF",
"colorTo": "FFFFFF",
"tri": true,
"radius": 80,
"radiusTo": 0,
"triLength": 0,
"triLengthTo": 1200,
"haloRadius": 0,
"haloRotation": 0,
"haloRotateSpeed": -3
"layer": 120
}
{
"type": "HaloPart",
"shapes": 4,
"color": "FFFFFF",
"colorTo": "FFFFFF",
"tri": true,
"radius": 40,
"radiusTo": 0,
"triLength": 0,
"triLengthTo": 600,
"haloRadius": 0,
"haloRotation": 0,
"haloRotateSpeed": -3
"layer": 120
}
],
	"damage": 3646,
	"splashDamageRadius": 660,
	"splashDamage": 5330.8,
	"lifetime":60
	"pierce":true
	"collidesTiles": false,
	"hitBuildings": false,
	"absorbable":false,
	"reflectable":false,
	"hittable":false,
	"pierceArmor": true,
	"hitSound":"CDBZ"
	"hitSoundVolume": 6
	"hitShake":100
	"width":0,
	"height":0,
	"speed":0
	"shrinkX":0
	"shrinkY":0
	"despawnEffect":"none"
	"hitEffect":{
	"type": "MultiEffect",
	"effects": [
	{
	"type": "WaveEffect",
	"particles": 1,
	"strokeFrom": 25,
	"strokeTo": 0,
	"sizeFrom": 380,
	"sizeTo": 660,
	"length": 0,
	"baseLength": 0,
	"lifetime": 130,
	"colorFrom": "A0F19B",
	"colorTo": "74AC83"
	},
	{
	"type": "ParticleEffect",
	"particles": 34,
	"sizeFrom": 30
	"sizeTo": 0,
	"length": 660,
	"baseLength": 80,
	"interp": "pow5Out",
	"sizeInterp": "pow10In",
	"region":"黑暗纪元-圈"
	"lifetime": 120,
	"colorFrom": "A0F19B",
	"colorTo": "A0F19B",
	},
	{
	"type": "ParticleEffect",
	"particles": 28,
	"sizeFrom": 40,
	"sizeTo": 0,
	"interp": "pow5Out",
	"sizeInterp": "pow10In",
	"region":"黑暗纪元-圈"
	"length": 670,
	"baseLength": 100,
	"lifetime": 100,
	"colorFrom": "74AC83",
	"colorTo": "74AC83",
	},
	{
	"type": "ParticleEffect",
	"particles": 34,
	"sizeFrom": 30
	"sizeTo": 0,
	"length": 660,
	"baseLength": 80,
	"interp": "pow5Out",
	"sizeInterp": "pow10In",
	"lifetime": 220,
	"colorFrom": "A0F19B",
	"colorTo": "A0F19B",
	},
	{
	"type": "ParticleEffect",
	"particles": 28,
	"sizeFrom": 40,
	"sizeTo": 0,
	"interp": "pow5Out",
	"sizeInterp": "pow10In",
	"length": 670,
	"baseLength": 100,
	"lifetime": 200,
	"colorFrom": "74AC83",
	"colorTo": "74AC83",
	},
	{
	"type": "ParticleEffect",
	"particles": 10,
	"line":true
	"lenFrom": 335,
	"lenTo": 335
	"length": 100,
	"strokeFrom": 9,
	"strokeTo": 0,
	"baseLength": 200,
	"lifetime": 145,
	"colorFrom": "FFC23F",
	"colorTo": "FFC23F"
	},
	{
	"type": "ParticleEffect",
	"particles": 35,
	"sizeFrom": 200,
	"sizeTo": 0,
	"interp": "pow5Out",
	"sizeInterp": "pow10In",
	"length": 600,
	"baseLength": 60,
	"lifetime": 250,
	"colorFrom": "73737350",
	"colorTo": "73737320",
	},
]
}
	"backColor":"A0F19B",
	"frontColor":"A0F19B",
	"buildingDamageMultiplier": 0.8,
	}
}
},
{
	"name": "神佑1",
	"x": 54,
	"y": 12,
	"recoil": 3,
	"shootX": 0,
	"shootY": 4,
	"reload": 60,
	"xRand":0
	"top": true,
	"rotate": true,
	"shootSound": "malignShoot",
	"alternate": true,
	"mirror": true
	"shootStatusDuration": 105,
	"shootStatus": "神圣",
	"healPercent":1
	"shoot": {
	"shots": 3,
	"firstShotDelay": 15
	"shotDelay":5
	},
	"bullet": {
	"damage": 646,
	"lifetime":90
	"pierce":true
	"hitSound":"none"
	"weaveScale": 3,
	"weaveMag": 1,
	"width":12,
	"height":12,
	"speed":10
	"shrinkX":0
	"shrinkY":0
	"sprite":"large-orb"
	"despawnEffect":"none"
	"backColor":"A0F19B",
	"frontColor":"A0F19B",
	"trailLength": 12,
	"trailWidth": 6,
	"trailColor": "A0F19B",
	"hitBuildings": true,
	"hitUnits": true
	"reflectable":false,
	"hittable":false,
	"healPercent":10
	"pierceArmor": true,
	"buildingDamageMultiplier": 0.8,
	"fragBullets":6,
	"fragLifeMin": 1,
	"fragLifeMax": 2,
	"fragCone":360
	"fragBullet":{
	"damage": 459,
	"lifetime":60
	"pierce":true
	"hitSound":"none"
	"weaveScale": 3,
	"weaveMag": 1.5,
	"width":8,
	"height":8,
	"speed":3
	"shrinkX":0
	"shrinkY":0
	"sprite":"large-orb"
	"despawnEffect":"none"
	"backColor":"A0F19B",
	"frontColor":"A0F19B",
	"trailLength": 8,
	"trailWidth": 4,
	"trailColor": "A0F19B",
	"hitBuildings": true,
	"hitUnits": true
	"healPercent":5
	"pierceArmor": true,
	"buildingDamageMultiplier": 0.8,
	"homingDelay": 12,
	"homingPower": 0.01,
	"homingRange": 80,
	"pierce": true,
	}
}
}
{
	"top":false,
	"reload": 99999999,
	"x": 0,
	"y": 0,
	"shootY": 0,
	"shootX": 0,
	"mirror": false,
	"alternate": true,
	"rotate": true,
	"recoil": 0,
	"recoilTime":0
	"shootCone":360
	"inaccuracy": 0,
	"shootOnDeath": true,
	"shootSound":"none"
	"bullet": {
	"parts": [
{
"type": "HaloPart",
"shapes": 4,
"color": "FFFFFF",
"colorTo": "FFFFFF",
"tri": true,
"radius": 80,
"radiusTo": 0,
"triLength": 0,
"triLengthTo": 1200,
"haloRadius": 0,
"haloRotation": 0,
"haloRotateSpeed": -3
"layer": 120
}
{
"type": "HaloPart",
"shapes": 4,
"color": "FFFFFF",
"colorTo": "FFFFFF",
"tri": true,
"radius": 40,
"radiusTo": 0,
"triLength": 0,
"triLengthTo": 600,
"haloRadius": 0,
"haloRotation": 0,
"haloRotateSpeed": -3
"layer": 120
}
],
	"damage": 3646,
	"splashDamageRadius": 660,
	"splashDamage": 5676.5,
	"lifetime":60
	"pierce":true
	"collidesTiles": false,
	"hitBuildings": false,
	"absorbable":false,
	"reflectable":false,
	"hittable":false,
	"pierceArmor": true,
	"hitSound":"CDBZ"
	"hitSoundVolume": 6
	"hitShake":160
	"width":0,
	"height":0,
	"speed":0
	"shrinkX":0
	"shrinkY":0
	"despawnEffect":"none"
	"hitEffect":{
	"type": "MultiEffect",
	"effects": [
	{
	"type": "WaveEffect",
	"particles": 1,
	"strokeFrom": 25,
	"strokeTo": 0,
	"sizeFrom": 380,
	"sizeTo": 660,
	"length": 0,
	"baseLength": 0,
	"lifetime": 130,
	"colorFrom": "A0F19B",
	"colorTo": "74AC83"
	},
	{
	"type": "ParticleEffect",
	"particles": 34,
	"sizeFrom": 30
	"sizeTo": 0,
	"length": 660,
	"baseLength": 80,
	"interp": "pow5Out",
	"sizeInterp": "pow10In",
	"region":"黑暗纪元-圈"
	"lifetime": 120,
	"colorFrom": "A0F19B",
	"colorTo": "A0F19B",
	},
	{
	"type": "ParticleEffect",
	"particles": 28,
	"sizeFrom": 40,
	"sizeTo": 0,
	"interp": "pow5Out",
	"sizeInterp": "pow10In",
	"region":"黑暗纪元-圈"
	"length": 670,
	"baseLength": 100,
	"lifetime": 100,
	"colorFrom": "74AC83",
	"colorTo": "74AC83",
	},
	{
	"type": "ParticleEffect",
	"particles": 34,
	"sizeFrom": 30
	"sizeTo": 0,
	"length": 660,
	"baseLength": 80,
	"interp": "pow5Out",
	"sizeInterp": "pow10In",
	"lifetime": 220,
	"colorFrom": "A0F19B",
	"colorTo": "A0F19B",
	},
	{
	"type": "ParticleEffect",
	"particles": 28,
	"sizeFrom": 40,
	"sizeTo": 0,
	"interp": "pow5Out",
	"sizeInterp": "pow10In",
	"length": 670,
	"baseLength": 100,
	"lifetime": 200,
	"colorFrom": "74AC83",
	"colorTo": "74AC83",
	},
	{
	"type": "ParticleEffect",
	"particles": 10,
	"line":true
	"lenFrom": 335,
	"lenTo": 335
	"length": 100,
	"strokeFrom": 9,
	"strokeTo": 0,
	"baseLength": 200,
	"lifetime": 145,
	"colorFrom": "FFC23F",
	"colorTo": "FFC23F"
	},
	{
	"type": "ParticleEffect",
	"particles": 35,
	"sizeFrom": 200,
	"sizeTo": 0,
	"interp": "pow5Out",
	"sizeInterp": "pow10In",
	"length": 600,
	"baseLength": 60,
	"lifetime": 250,
	"colorFrom": "73737350",
	"colorTo": "73737320",
	},
]
}
	"backColor":"A0F19B",
	"frontColor":"A0F19B",
	}
}
]
}