{
	"type": "GenericCrafter",
	"name": "冶硅炉",
	"health":500,
	"itemCapacity":50,
	"outputItem":"silicon/4",
	"size":3,
	"hasPower":true,
	"hasItems":true,
    "hasLiquids": true,
	"craftTime":60,	
	"consumes":{
		"power":1.6,
		"items": [
	    "coal/4",
	    "sand/4"
	         ]
		},
		"drawer": {
		"type": "DrawMulti",
		"drawers": [
			"DrawDefault",
			{
				"type": "DrawFlame",
				"flameRadius": 0,
				"flameRadiusIn": 0,
				"flameRadiusMag": 0,
				"flameRadiusInMag": 0,
				"flameColor": "FFFFFF"
			}
		]
	},
	"updateEffect": 
	{"type":"hitEmpSpark"
	    "particles":10//粒子个数
	    "sizeFrom":3//位置变化
	    "sizeTo":0//位置
	    "length":20//长度变化
	    "baseLength":15
	    "colorFrom":"E8E8E860"
	    "colorTo":"FFFFFF"
	    "lifetime":20
	    "cone":360
	    },
    "requirements": [
	"钴/50",
	"copper/50"
	"lead/20"
	"铁/150"
	],	
	"category": "crafting",
	"research": "炼钢厂",
}

