{
	"type": "Separator",
	"name": "原子离解机",
	"health":1000,
	"itemCapacity":300,
	"liquidCapacity":500,
	"consumes": {
		"power": 8.5,
		"liquid": "slag/1.5"
	},
		"results": [
		"titanium/14",
		"thorium/11",
		"graphite/8",
		"silicon/9",
		"surge-alloy/5",
		"phase-fabric/4",
		"钴/15"
		"铁/14"
		"铀/12"
		"钢/8"
		"暗金属/9"
		"空间节点/0.1"
	],
	"size":4,
	"hasPower":true,
	"hasItems":true,
	"craftTime":3,
		"drawer": {
		"type": "DrawMulti",
				"drawers": [
			{
				"type": "DrawRegion",
				"suffix": "-bottom"
			},
			{
				"type": "DrawLiquidTile",
				"drawLiquid": "slag"
			}
			"DrawDefault",
		]
	},
    "requirements": [
	"钢/300",
	"钴/650"
	"graphite/800"
	"silicon/500"
	"thorium/700"
	"metaglass/500"
	],	
	"category": "crafting",
	"research": "冶硅炉",
}

