{
	"type": "GenericCrafter",
	"name": "暗能钢塑造机",
	"health":1050,
	"itemCapacity":15,
    "liquidCapacity":360,
	"outputItem":"暗能钢/3",
	"size":3,
	"hasPower":true,
	"hasItems":true,
    "hasLiquids": true,
	"craftTime":46,	
	"consumes":{
		"power":4.28,
		"liquid":"slag/0.36",
		"items": [
	    "钢/3",
	    "暗金属/1"
	    "phase-fabric/1",
	         ]
		},
    "explosionShake": 15,
	"explosionShakeDuration": 120,
	"explosionRadius": 30,
	"explosionDamage": 5000,
	"explodeSound": "BZ1",
		"drawer": {
		"type": "DrawMulti",
		"drawers": [
		{
				"type": "DrawRegion",
				"suffix": "-bottom"		
			},
			"DrawDefault",
			{
				"type": "DrawRegion",
				"suffix": "-转",
					"spinSprite": true,
					"rotateSpeed": 3
			},
			    {
				"type": "DrawFlame",
				"flameRadius": 5,
				"flameRadiusIn": 3,
				"flameRadiusMag": 6,
				"flameRadiusInMag": 5,
				"flameColor": "F2E770"
			}
		]
	},
		"explodeEffect": {
		"type": "MultiEffect",
		"effects": [
			{
				"type": "ParticleEffect",
				"particles": 180,
				"line": true,//线
				"strokeFrom": 8,
				"strokeTo": 0,
				"lenFrom": 16,
				"lenTo": 64,
				"length": 666,
				"baseLength": 47,
				"lifetime": 30,
				"colorFrom": "FFFFFF",
				"colorTo": "00000050"
			}
		]
	},
	"updateEffect":{
	"type":"MultiEffect",
	"effects":[
	{
	    "type":"WaveEffect",
	    "sizeFrom":0//位置变化
	    "sizeTo":0//位置
	    "colorFrom":"CDC67360"
	    "colorTo":"000000"
	    "strokeFrom":10//由内到外的变化
	    "strokeTo":0
	    "lifetime":45
	    "cone":360//不建议改
	    },
	    {"type":"hitEmpSpark"
	    "particles":10//粒子个数
	    "sizeFrom":3//位置变化
	    "sizeTo":0//位置
	    "length":20//长度变化
	    "baseLength":15
	    "colorFrom":"E8E8E860"
	    "colorTo":"ffffff"
	    "lifetime":20
	    "cone":360//不建议改
	        }
        ]
    },
    "requirements": [
    "plastanium/100"
	"暗金属/80",
	"copper/150"
	"lead/100"
	"铁/55"
	],	
	"category": "crafting",
	"research": "贫铀加工厂",
	"ambientSound": "techloop",
	"ambientSoundVolume": 0.7,
}
