{
	"type": "GenericCrafter",
	"name": "贫铀加工厂",
	"health":2500,
	"itemCapacity":10,
    "liquidCapacity":360,
	"outputItem":"贫铀/3",
	"size":3,
	"hasPower":true,
	"hasItems":true,
    "hasLiquids": true,
	"craftTime":60,	
	"consumes":{
		"power":6,
		"liquid":"water/0.5",
		"items": [
	    "铀/1",
	    "lead/4",
	    "sand/3"
	         ]
		},
		"drawer": {
		"type": "DrawMulti",
		"drawers": [
			"DrawDefault",
			{
				"type": "DrawFlame",
				"flameRadius": 4,
				"flameRadiusIn": 3,
				"flameRadiusMag": 3,
				"flameRadiusInMag": 2,
				"flameColor": "F2E770"
			}
		]
	},
	"updateEffect": {
	"type":"WaveEffect"
	"sizeFrom":0
	"sizeTo":5
	"colorFrom":"CDC67360"
	"colorTo":"FFFFFF"
	"strokeFrom":0
	"strokeTo":4
	"lifetime":20
	},
"requirements": [
	"钢/50",
	"copper/250"
	"lead/200"
	"titanium/1450"
	"铁/55"
	],	
	"category": "crafting",
	"research": "铀",
	"ambientSound": "explosion",
	"ambientSoundVolume": 0.4,
}

