{
	"type": "GenericCrafter",
	"name": "高效编织机",
	"outputItem":"phase-fabric/4"
	"itemCapacity": 60,
	"size": 3,
	"updateEffect": {
		"type": "WaveEffect",
		"lifetime": 40,
		"sizeFrom": 0,
		"sizeTo": 10,
		"strokeFrom": 6,
		"strokeTo": 2,
		"colorFrom": "FFD59E",
		"colorTo": "FFD59E50"
	},
	"drawer": {
		"type": "DrawMulti",
		"drawers": [
			{
				"type": "DrawRegion",
				"suffix": "-bottom"
			},
			"DrawWeave",
			"DrawDefault"
		]
	},
	"craftTime": 70,
	"consumes": {
		"power": 8.5,
		"items": {
			"items": [
				"thorium/5",
				"sand/18",
			]
		}
	},
	"requirements": [
		"钴/300",
		"silicon/25",
		"钢/50",
		"thorium/120"
		"lead/130"
	],
	"ambientSound": "techloop",
	"ambientSoundVolume": 0.64,
	"category": "crafting",
	"research": "压缩塑钢机"
}